##TITLE= Parameter file, TopSpin 3.8.0
##JCAMPDX= 5.0
##DATATYPE= Parameter Values
##ORIGIN= Bruker BioSpin GmbH
##OWNER= agh58
$$ 2026-07-23 17:32:54.593 +0100  agh58@auchentoshan
$$ C:/Bruker/cam-ts3/wave/multisupp_aux_d1
$$ process C:\Bruker\TopSpin3.8.0\prog\mod\xwinshape.exe
##MINX= 100.00000000
##MAXX= 100.00000000
##MINY= 0.02788300
##MAXY= 359.97211700
##$SHAPE_ADDPHASE= 0
##$SHAPE_AMP= 100
##$SHAPE_BWFAC= 0
##$SHAPE_BWFAC50= 0
##$SHAPE_CALCBW= yes
##$SHAPE_CALCINTEG= yes
##$SHAPE_EXMODE= <Excitation>
##$SHAPE_EXPAND= <>
##$SHAPE_EXPANDCF= (0..143)
0 0 0 0 0 0 0 0 0 0 0 0 0 0 0 0 0 0 0 0 0 0 0 0 0 0 0 0 0 0 0 0 0 0 0 0
0 0 0 0 0 0 0 0 0 0 0 0 0 0 0 0 0 0 0 0 0 0 0 0 0 0 0 0 0 0 0 0 0 0 0 0
0 0 0 0 0 0 0 0 0 0 0 0 0 0 0 0 0 0 0 0 0 0 0 0 0 0 0 0 0 0 0 0 0 0 0 0
0 0 0 0 0 0 0 0 0 0 0 0 0 0 0 0 0 0 0 0 0 0 0 0 0 0 0 0 0 0 0 0 0 0 0 0
##$SHAPE_EXPFAC= 0
##$SHAPE_FRACEND= 0
##$SHAPE_FRACORG= 0
##$SHAPE_FRACSTART= 0
##$SHAPE_INTEGFAC= 0
##$SHAPE_KEEPRES= yes
##$SHAPE_LENGTH= 4000000
##$SHAPE_MAN= <M>
##$SHAPE_MODE= 1
##$SHAPE_MODFREQ= 0
##$SHAPE_MODPHASE= 0
##$SHAPE_MODSCALE= 0
##$SHAPE_MODSW= 0
##$SHAPE_MODSWDIR= -1
##$SHAPE_NPOINTS= 40000
##$SHAPE_OFFS= <1 1>
##$SHAPE_OFFSCOEFF= (0..95)
142.96606 0 100 0 0 0 0 0 0 0 0 0 0 0 0 0 0 0 0 0 0 0 0 0 0 0 0 0 0 0 0
0 0 0 0 0 0 0 0 0 0 0 0 0 0 0 0 0 0 0 0 0 0 0 0 0 0 0 0 0 0 0 0 0 0 0 0
0 0 0 0 0 0 0 0 0 0 0 0 0 0 0 0 0 0 0 0 0 0 0 0 0 0 0 0 0
##$SHAPE_PARAMETER= <>
##$SHAPE_REPHFAC= 0
##$SHAPE_RES= 0
##$SHAPE_SCALEFAC= 1
##$SHAPE_SCALETYPE= 0
##$SHAPE_SPOAL= 0
##$SHAPE_SPOFFS= 0
##$SHAPE_SPOPH= 0
##$SHAPE_TOTROT= 90
##$SHAPE_TYPE= <Excitation>
##$SHAPE_USER_DEF= 0
##$SHAPE_VERSION= 2.1
##$SHL_ADDPHASE= (0..15)
0 0 0 0 0 0 0 0 0 0 0 0 0 0 0 0
##$SHL_ALIGNOFFSET= (0..15)
0 0 0 0 0 0 0 0 0 0 0 0 0 0 0 0
##$SHL_AMP= (0..15)
100 0 0 0 0 0 0 0 0 0 0 0 0 0 0 0
##$SHL_AMPFAC= (0..15)
0 0 0 0 0 0 0 0 0 0 0 0 0 0 0 0
##$SHL_BETA= (0..15)
0 0 0 0 0 0 0 0 0 0 0 0 0 0 0 0
##$SHL_BWFAC= (0..15)
1.116 0 0 0 0 0 0 0 0 0 0 0 0 0 0 0
##$SHL_CALCBW= (0..15)
yes yes yes yes yes yes yes yes yes yes yes yes yes yes yes yes
##$SHL_CALCINTEG= (0..15)
yes yes yes yes yes yes yes yes yes yes yes yes yes yes yes yes
##$SHL_CENTERAMP= (0..15)
0 0 0 0 0 0 0 0 0 0 0 0 0 0 0 0
##$SHL_CYCNUM= (0..15)
0 0 0 0 0 0 0 0 0 0 0 0 0 0 0 0
##$SHL_DIPOLCPL= (0..15)
0 0 0 0 0 0 0 0 0 0 0 0 0 0 0 0
##$SHL_ENDAMP= (0..15)
0 0 0 0 0 0 0 0 0 0 0 0 0 0 0 0
##$SHL_EXMODE= (0..15)
<Excitation> <> <> <> <> <> <> <> <> <> <> <> <> <> <> <>
##$SHL_EXPAND= (0..15)
<> <> <> <> <> <> <> <> <> <> <> <> <> <> <> <>
##$SHL_EXPANDCF0= (0..143)
0 0 0 0 0 0 0 0 0 0 0 0 0 0 0 0 0 0 0 0 0 0 0 0 0 0 0 0 0 0 0 0 0 0 0 0
0 0 0 0 0 0 0 0 0 0 0 0 0 0 0 0 0 0 0 0 0 0 0 0 0 0 0 0 0 0 0 0 0 0 0 0
0 0 0 0 0 0 0 0 0 0 0 0 0 0 0 0 0 0 0 0 0 0 0 0 0 0 0 0 0 0 0 0 0 0 0 0
0 0 0 0 0 0 0 0 0 0 0 0 0 0 0 0 0 0 0 0 0 0 0 0 0 0 0 0 0 0 0 0 0 0 0 0
##$SHL_EXPANDCF1= (0..143)
0 0 0 0 0 0 0 0 0 0 0 0 0 0 0 0 0 0 0 0 0 0 0 0 0 0 0 0 0 0 0 0 0 0 0 0
0 0 0 0 0 0 0 0 0 0 0 0 0 0 0 0 0 0 0 0 0 0 0 0 0 0 0 0 0 0 0 0 0 0 0 0
0 0 0 0 0 0 0 0 0 0 0 0 0 0 0 0 0 0 0 0 0 0 0 0 0 0 0 0 0 0 0 0 0 0 0 0
0 0 0 0 0 0 0 0 0 0 0 0 0 0 0 0 0 0 0 0 0 0 0 0 0 0 0 0 0 0 0 0 0 0 0 0
##$SHL_EXPANDCF10= (0..143)
0 0 0 0 0 0 0 0 0 0 0 0 0 0 0 0 0 0 0 0 0 0 0 0 0 0 0 0 0 0 0 0 0 0 0 0
0 0 0 0 0 0 0 0 0 0 0 0 0 0 0 0 0 0 0 0 0 0 0 0 0 0 0 0 0 0 0 0 0 0 0 0
0 0 0 0 0 0 0 0 0 0 0 0 0 0 0 0 0 0 0 0 0 0 0 0 0 0 0 0 0 0 0 0 0 0 0 0
0 0 0 0 0 0 0 0 0 0 0 0 0 0 0 0 0 0 0 0 0 0 0 0 0 0 0 0 0 0 0 0 0 0 0 0
##$SHL_EXPANDCF11= (0..143)
0 0 0 0 0 0 0 0 0 0 0 0 0 0 0 0 0 0 0 0 0 0 0 0 0 0 0 0 0 0 0 0 0 0 0 0
0 0 0 0 0 0 0 0 0 0 0 0 0 0 0 0 0 0 0 0 0 0 0 0 0 0 0 0 0 0 0 0 0 0 0 0
0 0 0 0 0 0 0 0 0 0 0 0 0 0 0 0 0 0 0 0 0 0 0 0 0 0 0 0 0 0 0 0 0 0 0 0
0 0 0 0 0 0 0 0 0 0 0 0 0 0 0 0 0 0 0 0 0 0 0 0 0 0 0 0 0 0 0 0 0 0 0 0
##$SHL_EXPANDCF12= (0..143)
0 0 0 0 0 0 0 0 0 0 0 0 0 0 0 0 0 0 0 0 0 0 0 0 0 0 0 0 0 0 0 0 0 0 0 0
0 0 0 0 0 0 0 0 0 0 0 0 0 0 0 0 0 0 0 0 0 0 0 0 0 0 0 0 0 0 0 0 0 0 0 0
0 0 0 0 0 0 0 0 0 0 0 0 0 0 0 0 0 0 0 0 0 0 0 0 0 0 0 0 0 0 0 0 0 0 0 0
0 0 0 0 0 0 0 0 0 0 0 0 0 0 0 0 0 0 0 0 0 0 0 0 0 0 0 0 0 0 0 0 0 0 0 0
##$SHL_EXPANDCF13= (0..143)
0 0 0 0 0 0 0 0 0 0 0 0 0 0 0 0 0 0 0 0 0 0 0 0 0 0 0 0 0 0 0 0 0 0 0 0
0 0 0 0 0 0 0 0 0 0 0 0 0 0 0 0 0 0 0 0 0 0 0 0 0 0 0 0 0 0 0 0 0 0 0 0
0 0 0 0 0 0 0 0 0 0 0 0 0 0 0 0 0 0 0 0 0 0 0 0 0 0 0 0 0 0 0 0 0 0 0 0
0 0 0 0 0 0 0 0 0 0 0 0 0 0 0 0 0 0 0 0 0 0 0 0 0 0 0 0 0 0 0 0 0 0 0 0
##$SHL_EXPANDCF14= (0..143)
0 0 0 0 0 0 0 0 0 0 0 0 0 0 0 0 0 0 0 0 0 0 0 0 0 0 0 0 0 0 0 0 0 0 0 0
0 0 0 0 0 0 0 0 0 0 0 0 0 0 0 0 0 0 0 0 0 0 0 0 0 0 0 0 0 0 0 0 0 0 0 0
0 0 0 0 0 0 0 0 0 0 0 0 0 0 0 0 0 0 0 0 0 0 0 0 0 0 0 0 0 0 0 0 0 0 0 0
0 0 0 0 0 0 0 0 0 0 0 0 0 0 0 0 0 0 0 0 0 0 0 0 0 0 0 0 0 0 0 0 0 0 0 0
##$SHL_EXPANDCF15= (0..143)
0 0 0 0 0 0 0 0 0 0 0 0 0 0 0 0 0 0 0 0 0 0 0 0 0 0 0 0 0 0 0 0 0 0 0 0
0 0 0 0 0 0 0 0 0 0 0 0 0 0 0 0 0 0 0 0 0 0 0 0 0 0 0 0 0 0 0 0 0 0 0 0
0 0 0 0 0 0 0 0 0 0 0 0 0 0 0 0 0 0 0 0 0 0 0 0 0 0 0 0 0 0 0 0 0 0 0 0
0 0 0 0 0 0 0 0 0 0 0 0 0 0 0 0 0 0 0 0 0 0 0 0 0 0 0 0 0 0 0 0 0 0 0 0
##$SHL_EXPANDCF2= (0..143)
0 0 0 0 0 0 0 0 0 0 0 0 0 0 0 0 0 0 0 0 0 0 0 0 0 0 0 0 0 0 0 0 0 0 0 0
0 0 0 0 0 0 0 0 0 0 0 0 0 0 0 0 0 0 0 0 0 0 0 0 0 0 0 0 0 0 0 0 0 0 0 0
0 0 0 0 0 0 0 0 0 0 0 0 0 0 0 0 0 0 0 0 0 0 0 0 0 0 0 0 0 0 0 0 0 0 0 0
0 0 0 0 0 0 0 0 0 0 0 0 0 0 0 0 0 0 0 0 0 0 0 0 0 0 0 0 0 0 0 0 0 0 0 0
##$SHL_EXPANDCF3= (0..143)
0 0 0 0 0 0 0 0 0 0 0 0 0 0 0 0 0 0 0 0 0 0 0 0 0 0 0 0 0 0 0 0 0 0 0 0
0 0 0 0 0 0 0 0 0 0 0 0 0 0 0 0 0 0 0 0 0 0 0 0 0 0 0 0 0 0 0 0 0 0 0 0
0 0 0 0 0 0 0 0 0 0 0 0 0 0 0 0 0 0 0 0 0 0 0 0 0 0 0 0 0 0 0 0 0 0 0 0
0 0 0 0 0 0 0 0 0 0 0 0 0 0 0 0 0 0 0 0 0 0 0 0 0 0 0 0 0 0 0 0 0 0 0 0
##$SHL_EXPANDCF4= (0..143)
0 0 0 0 0 0 0 0 0 0 0 0 0 0 0 0 0 0 0 0 0 0 0 0 0 0 0 0 0 0 0 0 0 0 0 0
0 0 0 0 0 0 0 0 0 0 0 0 0 0 0 0 0 0 0 0 0 0 0 0 0 0 0 0 0 0 0 0 0 0 0 0
0 0 0 0 0 0 0 0 0 0 0 0 0 0 0 0 0 0 0 0 0 0 0 0 0 0 0 0 0 0 0 0 0 0 0 0
0 0 0 0 0 0 0 0 0 0 0 0 0 0 0 0 0 0 0 0 0 0 0 0 0 0 0 0 0 0 0 0 0 0 0 0
##$SHL_EXPANDCF5= (0..143)
0 0 0 0 0 0 0 0 0 0 0 0 0 0 0 0 0 0 0 0 0 0 0 0 0 0 0 0 0 0 0 0 0 0 0 0
0 0 0 0 0 0 0 0 0 0 0 0 0 0 0 0 0 0 0 0 0 0 0 0 0 0 0 0 0 0 0 0 0 0 0 0
0 0 0 0 0 0 0 0 0 0 0 0 0 0 0 0 0 0 0 0 0 0 0 0 0 0 0 0 0 0 0 0 0 0 0 0
0 0 0 0 0 0 0 0 0 0 0 0 0 0 0 0 0 0 0 0 0 0 0 0 0 0 0 0 0 0 0 0 0 0 0 0
##$SHL_EXPANDCF6= (0..143)
0 0 0 0 0 0 0 0 0 0 0 0 0 0 0 0 0 0 0 0 0 0 0 0 0 0 0 0 0 0 0 0 0 0 0 0
0 0 0 0 0 0 0 0 0 0 0 0 0 0 0 0 0 0 0 0 0 0 0 0 0 0 0 0 0 0 0 0 0 0 0 0
0 0 0 0 0 0 0 0 0 0 0 0 0 0 0 0 0 0 0 0 0 0 0 0 0 0 0 0 0 0 0 0 0 0 0 0
0 0 0 0 0 0 0 0 0 0 0 0 0 0 0 0 0 0 0 0 0 0 0 0 0 0 0 0 0 0 0 0 0 0 0 0
##$SHL_EXPANDCF7= (0..143)
0 0 0 0 0 0 0 0 0 0 0 0 0 0 0 0 0 0 0 0 0 0 0 0 0 0 0 0 0 0 0 0 0 0 0 0
0 0 0 0 0 0 0 0 0 0 0 0 0 0 0 0 0 0 0 0 0 0 0 0 0 0 0 0 0 0 0 0 0 0 0 0
0 0 0 0 0 0 0 0 0 0 0 0 0 0 0 0 0 0 0 0 0 0 0 0 0 0 0 0 0 0 0 0 0 0 0 0
0 0 0 0 0 0 0 0 0 0 0 0 0 0 0 0 0 0 0 0 0 0 0 0 0 0 0 0 0 0 0 0 0 0 0 0
##$SHL_EXPANDCF8= (0..143)
0 0 0 0 0 0 0 0 0 0 0 0 0 0 0 0 0 0 0 0 0 0 0 0 0 0 0 0 0 0 0 0 0 0 0 0
0 0 0 0 0 0 0 0 0 0 0 0 0 0 0 0 0 0 0 0 0 0 0 0 0 0 0 0 0 0 0 0 0 0 0 0
0 0 0 0 0 0 0 0 0 0 0 0 0 0 0 0 0 0 0 0 0 0 0 0 0 0 0 0 0 0 0 0 0 0 0 0
0 0 0 0 0 0 0 0 0 0 0 0 0 0 0 0 0 0 0 0 0 0 0 0 0 0 0 0 0 0 0 0 0 0 0 0
##$SHL_EXPANDCF9= (0..143)
0 0 0 0 0 0 0 0 0 0 0 0 0 0 0 0 0 0 0 0 0 0 0 0 0 0 0 0 0 0 0 0 0 0 0 0
0 0 0 0 0 0 0 0 0 0 0 0 0 0 0 0 0 0 0 0 0 0 0 0 0 0 0 0 0 0 0 0 0 0 0 0
0 0 0 0 0 0 0 0 0 0 0 0 0 0 0 0 0 0 0 0 0 0 0 0 0 0 0 0 0 0 0 0 0 0 0 0
0 0 0 0 0 0 0 0 0 0 0 0 0 0 0 0 0 0 0 0 0 0 0 0 0 0 0 0 0 0 0 0 0 0 0 0
##$SHL_EXPFAC= (0..15)
0 0 0 0 0 0 0 0 0 0 0 0 0 0 0 0
##$SHL_FRACEND= (0..15)
0 0 0 0 0 0 0 0 0 0 0 0 0 0 0 0
##$SHL_FRACORG= (0..15)
0 0 0 0 0 0 0 0 0 0 0 0 0 0 0 0
##$SHL_FRACSTART= (0..15)
0 0 0 0 0 0 0 0 0 0 0 0 0 0 0 0
##$SHL_FULLHALF= (0..15)
0 0 0 0 0 0 0 0 0 0 0 0 0 0 0 0
##$SHL_FUNCAMP= (0..15)
100 0 0 0 0 0 0 0 0 0 0 0 0 0 0 0
##$SHL_FUNCTION= (0..15)
<Rectangle> <> <> <> <> <> <> <> <> <> <> <> <> <> <> <>
##$SHL_GCO= (0..15)
<> <> <> <> <> <> <> <> <> <> <> <> <> <> <> <>
##$SHL_GCOCOEFFS0= (0..59)
0 0 0 0 0 0 0 0 0 0 0 0 0 0 0 0 0 0 0 0 0 0 0 0 0 0 0 0 0 0 0 0 0 0 0 0
0 0 0 0 0 0 0 0 0 0 0 0 0 0 0 0 0 0 0 0 0 0 0 0
##$SHL_GCOCOEFFS1= (0..59)
0 0 0 0 0 0 0 0 0 0 0 0 0 0 0 0 0 0 0 0 0 0 0 0 0 0 0 0 0 0 0 0 0 0 0 0
0 0 0 0 0 0 0 0 0 0 0 0 0 0 0 0 0 0 0 0 0 0 0 0
##$SHL_GCOCOEFFS10= (0..59)
0 0 0 0 0 0 0 0 0 0 0 0 0 0 0 0 0 0 0 0 0 0 0 0 0 0 0 0 0 0 0 0 0 0 0 0
0 0 0 0 0 0 0 0 0 0 0 0 0 0 0 0 0 0 0 0 0 0 0 0
##$SHL_GCOCOEFFS11= (0..59)
0 0 0 0 0 0 0 0 0 0 0 0 0 0 0 0 0 0 0 0 0 0 0 0 0 0 0 0 0 0 0 0 0 0 0 0
0 0 0 0 0 0 0 0 0 0 0 0 0 0 0 0 0 0 0 0 0 0 0 0
##$SHL_GCOCOEFFS12= (0..59)
0 0 0 0 0 0 0 0 0 0 0 0 0 0 0 0 0 0 0 0 0 0 0 0 0 0 0 0 0 0 0 0 0 0 0 0
0 0 0 0 0 0 0 0 0 0 0 0 0 0 0 0 0 0 0 0 0 0 0 0
##$SHL_GCOCOEFFS13= (0..59)
0 0 0 0 0 0 0 0 0 0 0 0 0 0 0 0 0 0 0 0 0 0 0 0 0 0 0 0 0 0 0 0 0 0 0 0
0 0 0 0 0 0 0 0 0 0 0 0 0 0 0 0 0 0 0 0 0 0 0 0
##$SHL_GCOCOEFFS14= (0..59)
0 0 0 0 0 0 0 0 0 0 0 0 0 0 0 0 0 0 0 0 0 0 0 0 0 0 0 0 0 0 0 0 0 0 0 0
0 0 0 0 0 0 0 0 0 0 0 0 0 0 0 0 0 0 0 0 0 0 0 0
##$SHL_GCOCOEFFS15= (0..59)
0 0 0 0 0 0 0 0 0 0 0 0 0 0 0 0 0 0 0 0 0 0 0 0 0 0 0 0 0 0 0 0 0 0 0 0
0 0 0 0 0 0 0 0 0 0 0 0 0 0 0 0 0 0 0 0 0 0 0 0
##$SHL_GCOCOEFFS2= (0..59)
0 0 0 0 0 0 0 0 0 0 0 0 0 0 0 0 0 0 0 0 0 0 0 0 0 0 0 0 0 0 0 0 0 0 0 0
0 0 0 0 0 0 0 0 0 0 0 0 0 0 0 0 0 0 0 0 0 0 0 0
##$SHL_GCOCOEFFS3= (0..59)
0 0 0 0 0 0 0 0 0 0 0 0 0 0 0 0 0 0 0 0 0 0 0 0 0 0 0 0 0 0 0 0 0 0 0 0
0 0 0 0 0 0 0 0 0 0 0 0 0 0 0 0 0 0 0 0 0 0 0 0
##$SHL_GCOCOEFFS4= (0..59)
0 0 0 0 0 0 0 0 0 0 0 0 0 0 0 0 0 0 0 0 0 0 0 0 0 0 0 0 0 0 0 0 0 0 0 0
0 0 0 0 0 0 0 0 0 0 0 0 0 0 0 0 0 0 0 0 0 0 0 0
##$SHL_GCOCOEFFS5= (0..59)
0 0 0 0 0 0 0 0 0 0 0 0 0 0 0 0 0 0 0 0 0 0 0 0 0 0 0 0 0 0 0 0 0 0 0 0
0 0 0 0 0 0 0 0 0 0 0 0 0 0 0 0 0 0 0 0 0 0 0 0
##$SHL_GCOCOEFFS6= (0..59)
0 0 0 0 0 0 0 0 0 0 0 0 0 0 0 0 0 0 0 0 0 0 0 0 0 0 0 0 0 0 0 0 0 0 0 0
0 0 0 0 0 0 0 0 0 0 0 0 0 0 0 0 0 0 0 0 0 0 0 0
##$SHL_GCOCOEFFS7= (0..59)
0 0 0 0 0 0 0 0 0 0 0 0 0 0 0 0 0 0 0 0 0 0 0 0 0 0 0 0 0 0 0 0 0 0 0 0
0 0 0 0 0 0 0 0 0 0 0 0 0 0 0 0 0 0 0 0 0 0 0 0
##$SHL_GCOCOEFFS8= (0..59)
0 0 0 0 0 0 0 0 0 0 0 0 0 0 0 0 0 0 0 0 0 0 0 0 0 0 0 0 0 0 0 0 0 0 0 0
0 0 0 0 0 0 0 0 0 0 0 0 0 0 0 0 0 0 0 0 0 0 0 0
##$SHL_GCOCOEFFS9= (0..59)
0 0 0 0 0 0 0 0 0 0 0 0 0 0 0 0 0 0 0 0 0 0 0 0 0 0 0 0 0 0 0 0 0 0 0 0
0 0 0 0 0 0 0 0 0 0 0 0 0 0 0 0 0 0 0 0 0 0 0 0
##$SHL_INTEGFAC= (0..15)
1 0 0 0 0 0 0 0 0 0 0 0 0 0 0 0
##$SHL_LB= (0..15)
0 0 0 0 0 0 0 0 0 0 0 0 0 0 0 0
##$SHL_LEFTLIMIT= (0..15)
0 0 0 0 0 0 0 0 0 0 0 0 0 0 0 0
##$SHL_LENGTH= (0..15)
4000000 0 0 0 0 0 0 0 0 0 0 0 0 0 0 0
##$SHL_MAN= (0..15)
<> <> <> <> <> <> <> <> <> <> <> <> <> <> <> <>
##$SHL_MEANAMP= (0..15)
0 0 0 0 0 0 0 0 0 0 0 0 0 0 0 0
##$SHL_MODAMP= (0..15)
0 0 0 0 0 0 0 0 0 0 0 0 0 0 0 0
##$SHL_MODE= (0..15)
0 0 0 0 0 0 0 0 0 0 0 0 0 0 0 0
##$SHL_MODFREQ= (0..15)
0 0 0 0 0 0 0 0 0 0 0 0 0 0 0 0
##$SHL_MODPHASE= (0..15)
0 0 0 0 0 0 0 0 0 0 0 0 0 0 0 0
##$SHL_MODSCALE= (0..15)
0 0 0 0 0 0 0 0 0 0 0 0 0 0 0 0
##$SHL_MODSW= (0..15)
0 0 0 0 0 0 0 0 0 0 0 0 0 0 0 0
##$SHL_MODSWDIR= (0..15)
-1 -1 -1 -1 -1 -1 -1 -1 -1 -1 -1 -1 -1 -1 -1 -1
##$SHL_MU= (0..15)
0 0 0 0 0 0 0 0 0 0 0 0 0 0 0 0
##$SHL_NPOINTS= (0..15)
40000 0 0 0 0 0 0 0 0 0 0 0 0 0 0 0
##$SHL_OFFS= (0..15)
<> <> <> <> <> <> <> <> <> <> <> <> <> <> <> <>
##$SHL_OFFSCOEFF0= (0..95)
0 0 0 0 0 0 0 0 0 0 0 0 0 0 0 0 0 0 0 0 0 0 0 0 0 0 0 0 0 0 0 0 0 0 0 0
0 0 0 0 0 0 0 0 0 0 0 0 0 0 0 0 0 0 0 0 0 0 0 0 0 0 0 0 0 0 0 0 0 0 0 0
0 0 0 0 0 0 0 0 0 0 0 0 0 0 0 0 0 0 0 0 0 0 0 0
##$SHL_OFFSCOEFF1= (0..95)
0 0 0 0 0 0 0 0 0 0 0 0 0 0 0 0 0 0 0 0 0 0 0 0 0 0 0 0 0 0 0 0 0 0 0 0
0 0 0 0 0 0 0 0 0 0 0 0 0 0 0 0 0 0 0 0 0 0 0 0 0 0 0 0 0 0 0 0 0 0 0 0
0 0 0 0 0 0 0 0 0 0 0 0 0 0 0 0 0 0 0 0 0 0 0 0
##$SHL_OFFSCOEFF10= (0..95)
0 0 0 0 0 0 0 0 0 0 0 0 0 0 0 0 0 0 0 0 0 0 0 0 0 0 0 0 0 0 0 0 0 0 0 0
0 0 0 0 0 0 0 0 0 0 0 0 0 0 0 0 0 0 0 0 0 0 0 0 0 0 0 0 0 0 0 0 0 0 0 0
0 0 0 0 0 0 0 0 0 0 0 0 0 0 0 0 0 0 0 0 0 0 0 0
##$SHL_OFFSCOEFF11= (0..95)
0 0 0 0 0 0 0 0 0 0 0 0 0 0 0 0 0 0 0 0 0 0 0 0 0 0 0 0 0 0 0 0 0 0 0 0
0 0 0 0 0 0 0 0 0 0 0 0 0 0 0 0 0 0 0 0 0 0 0 0 0 0 0 0 0 0 0 0 0 0 0 0
0 0 0 0 0 0 0 0 0 0 0 0 0 0 0 0 0 0 0 0 0 0 0 0
##$SHL_OFFSCOEFF12= (0..95)
0 0 0 0 0 0 0 0 0 0 0 0 0 0 0 0 0 0 0 0 0 0 0 0 0 0 0 0 0 0 0 0 0 0 0 0
0 0 0 0 0 0 0 0 0 0 0 0 0 0 0 0 0 0 0 0 0 0 0 0 0 0 0 0 0 0 0 0 0 0 0 0
0 0 0 0 0 0 0 0 0 0 0 0 0 0 0 0 0 0 0 0 0 0 0 0
##$SHL_OFFSCOEFF13= (0..95)
0 0 0 0 0 0 0 0 0 0 0 0 0 0 0 0 0 0 0 0 0 0 0 0 0 0 0 0 0 0 0 0 0 0 0 0
0 0 0 0 0 0 0 0 0 0 0 0 0 0 0 0 0 0 0 0 0 0 0 0 0 0 0 0 0 0 0 0 0 0 0 0
0 0 0 0 0 0 0 0 0 0 0 0 0 0 0 0 0 0 0 0 0 0 0 0
##$SHL_OFFSCOEFF14= (0..95)
0 0 0 0 0 0 0 0 0 0 0 0 0 0 0 0 0 0 0 0 0 0 0 0 0 0 0 0 0 0 0 0 0 0 0 0
0 0 0 0 0 0 0 0 0 0 0 0 0 0 0 0 0 0 0 0 0 0 0 0 0 0 0 0 0 0 0 0 0 0 0 0
0 0 0 0 0 0 0 0 0 0 0 0 0 0 0 0 0 0 0 0 0 0 0 0
##$SHL_OFFSCOEFF15= (0..95)
0 0 0 0 0 0 0 0 0 0 0 0 0 0 0 0 0 0 0 0 0 0 0 0 0 0 0 0 0 0 0 0 0 0 0 0
0 0 0 0 0 0 0 0 0 0 0 0 0 0 0 0 0 0 0 0 0 0 0 0 0 0 0 0 0 0 0 0 0 0 0 0
0 0 0 0 0 0 0 0 0 0 0 0 0 0 0 0 0 0 0 0 0 0 0 0
##$SHL_OFFSCOEFF2= (0..95)
0 0 0 0 0 0 0 0 0 0 0 0 0 0 0 0 0 0 0 0 0 0 0 0 0 0 0 0 0 0 0 0 0 0 0 0
0 0 0 0 0 0 0 0 0 0 0 0 0 0 0 0 0 0 0 0 0 0 0 0 0 0 0 0 0 0 0 0 0 0 0 0
0 0 0 0 0 0 0 0 0 0 0 0 0 0 0 0 0 0 0 0 0 0 0 0
##$SHL_OFFSCOEFF3= (0..95)
0 0 0 0 0 0 0 0 0 0 0 0 0 0 0 0 0 0 0 0 0 0 0 0 0 0 0 0 0 0 0 0 0 0 0 0
0 0 0 0 0 0 0 0 0 0 0 0 0 0 0 0 0 0 0 0 0 0 0 0 0 0 0 0 0 0 0 0 0 0 0 0
0 0 0 0 0 0 0 0 0 0 0 0 0 0 0 0 0 0 0 0 0 0 0 0
##$SHL_OFFSCOEFF4= (0..95)
0 0 0 0 0 0 0 0 0 0 0 0 0 0 0 0 0 0 0 0 0 0 0 0 0 0 0 0 0 0 0 0 0 0 0 0
0 0 0 0 0 0 0 0 0 0 0 0 0 0 0 0 0 0 0 0 0 0 0 0 0 0 0 0 0 0 0 0 0 0 0 0
0 0 0 0 0 0 0 0 0 0 0 0 0 0 0 0 0 0 0 0 0 0 0 0
##$SHL_OFFSCOEFF5= (0..95)
0 0 0 0 0 0 0 0 0 0 0 0 0 0 0 0 0 0 0 0 0 0 0 0 0 0 0 0 0 0 0 0 0 0 0 0
0 0 0 0 0 0 0 0 0 0 0 0 0 0 0 0 0 0 0 0 0 0 0 0 0 0 0 0 0 0 0 0 0 0 0 0
0 0 0 0 0 0 0 0 0 0 0 0 0 0 0 0 0 0 0 0 0 0 0 0
##$SHL_OFFSCOEFF6= (0..95)
0 0 0 0 0 0 0 0 0 0 0 0 0 0 0 0 0 0 0 0 0 0 0 0 0 0 0 0 0 0 0 0 0 0 0 0
0 0 0 0 0 0 0 0 0 0 0 0 0 0 0 0 0 0 0 0 0 0 0 0 0 0 0 0 0 0 0 0 0 0 0 0
0 0 0 0 0 0 0 0 0 0 0 0 0 0 0 0 0 0 0 0 0 0 0 0
##$SHL_OFFSCOEFF7= (0..95)
0 0 0 0 0 0 0 0 0 0 0 0 0 0 0 0 0 0 0 0 0 0 0 0 0 0 0 0 0 0 0 0 0 0 0 0
0 0 0 0 0 0 0 0 0 0 0 0 0 0 0 0 0 0 0 0 0 0 0 0 0 0 0 0 0 0 0 0 0 0 0 0
0 0 0 0 0 0 0 0 0 0 0 0 0 0 0 0 0 0 0 0 0 0 0 0
##$SHL_OFFSCOEFF8= (0..95)
0 0 0 0 0 0 0 0 0 0 0 0 0 0 0 0 0 0 0 0 0 0 0 0 0 0 0 0 0 0 0 0 0 0 0 0
0 0 0 0 0 0 0 0 0 0 0 0 0 0 0 0 0 0 0 0 0 0 0 0 0 0 0 0 0 0 0 0 0 0 0 0
0 0 0 0 0 0 0 0 0 0 0 0 0 0 0 0 0 0 0 0 0 0 0 0
##$SHL_OFFSCOEFF9= (0..95)
0 0 0 0 0 0 0 0 0 0 0 0 0 0 0 0 0 0 0 0 0 0 0 0 0 0 0 0 0 0 0 0 0 0 0 0
0 0 0 0 0 0 0 0 0 0 0 0 0 0 0 0 0 0 0 0 0 0 0 0 0 0 0 0 0 0 0 0 0 0 0 0
0 0 0 0 0 0 0 0 0 0 0 0 0 0 0 0 0 0 0 0 0 0 0 0
##$SHL_PHASE= (0..15)
0 0 0 0 0 0 0 0 0 0 0 0 0 0 0 0
##$SHL_PHASEFAC= (0..15)
0 0 0 0 0 0 0 0 0 0 0 0 0 0 0 0
##$SHL_POWERINDEX= (0..15)
0 0 0 0 0 0 0 0 0 0 0 0 0 0 0 0
##$SHL_QUADCOEFF= (0..15)
0 0 0 0 0 0 0 0 0 0 0 0 0 0 0 0
##$SHL_RIGHTLIMIT= (0..15)
0 0 0 0 0 0 0 0 0 0 0 0 0 0 0 0
##$SHL_SCALEFACTOR= (0..15)
1 1 1 1 1 1 1 1 1 1 1 1 1 1 1 1
##$SHL_SF= (0..15)
<> <> <> <> <> <> <> <> <> <> <> <> <> <> <> <>
##$SHL_SFCOEFFS0= (0..200)
0 0 0 0 0 0 0 0 0 0 0 0 0 0 0 0 0 0 0 0 0 0 0 0 0 0 0 0 0 0 0 0 0 0 0 0
0 0 0 0 0 0 0 0 0 0 0 0 0 0 0 0 0 0 0 0 0 0 0 0 0 0 0 0 0 0 0 0 0 0 0 0
0 0 0 0 0 0 0 0 0 0 0 0 0 0 0 0 0 0 0 0 0 0 0 0 0 0 0 0 0 0 0 0 0 0 0 0
0 0 0 0 0 0 0 0 0 0 0 0 0 0 0 0 0 0 0 0 0 0 0 0 0 0 0 0 0 0 0 0 0 0 0 0
0 0 0 0 0 0 0 0 0 0 0 0 0 0 0 0 0 0 0 0 0 0 0 0 0 0 0 0 0 0 0 0 0 0 0 0
0 0 0 0 0 0 0 0 0 0 0 0 0 0 0 0 0 0 0 0 0
##$SHL_SFCOEFFS1= (0..200)
0 0 0 0 0 0 0 0 0 0 0 0 0 0 0 0 0 0 0 0 0 0 0 0 0 0 0 0 0 0 0 0 0 0 0 0
0 0 0 0 0 0 0 0 0 0 0 0 0 0 0 0 0 0 0 0 0 0 0 0 0 0 0 0 0 0 0 0 0 0 0 0
0 0 0 0 0 0 0 0 0 0 0 0 0 0 0 0 0 0 0 0 0 0 0 0 0 0 0 0 0 0 0 0 0 0 0 0
0 0 0 0 0 0 0 0 0 0 0 0 0 0 0 0 0 0 0 0 0 0 0 0 0 0 0 0 0 0 0 0 0 0 0 0
0 0 0 0 0 0 0 0 0 0 0 0 0 0 0 0 0 0 0 0 0 0 0 0 0 0 0 0 0 0 0 0 0 0 0 0
0 0 0 0 0 0 0 0 0 0 0 0 0 0 0 0 0 0 0 0 0
##$SHL_SFCOEFFS10= (0..200)
0 0 0 0 0 0 0 0 0 0 0 0 0 0 0 0 0 0 0 0 0 0 0 0 0 0 0 0 0 0 0 0 0 0 0 0
0 0 0 0 0 0 0 0 0 0 0 0 0 0 0 0 0 0 0 0 0 0 0 0 0 0 0 0 0 0 0 0 0 0 0 0
0 0 0 0 0 0 0 0 0 0 0 0 0 0 0 0 0 0 0 0 0 0 0 0 0 0 0 0 0 0 0 0 0 0 0 0
0 0 0 0 0 0 0 0 0 0 0 0 0 0 0 0 0 0 0 0 0 0 0 0 0 0 0 0 0 0 0 0 0 0 0 0
0 0 0 0 0 0 0 0 0 0 0 0 0 0 0 0 0 0 0 0 0 0 0 0 0 0 0 0 0 0 0 0 0 0 0 0
0 0 0 0 0 0 0 0 0 0 0 0 0 0 0 0 0 0 0 0 0
##$SHL_SFCOEFFS11= (0..200)
0 0 0 0 0 0 0 0 0 0 0 0 0 0 0 0 0 0 0 0 0 0 0 0 0 0 0 0 0 0 0 0 0 0 0 0
0 0 0 0 0 0 0 0 0 0 0 0 0 0 0 0 0 0 0 0 0 0 0 0 0 0 0 0 0 0 0 0 0 0 0 0
0 0 0 0 0 0 0 0 0 0 0 0 0 0 0 0 0 0 0 0 0 0 0 0 0 0 0 0 0 0 0 0 0 0 0 0
0 0 0 0 0 0 0 0 0 0 0 0 0 0 0 0 0 0 0 0 0 0 0 0 0 0 0 0 0 0 0 0 0 0 0 0
0 0 0 0 0 0 0 0 0 0 0 0 0 0 0 0 0 0 0 0 0 0 0 0 0 0 0 0 0 0 0 0 0 0 0 0
0 0 0 0 0 0 0 0 0 0 0 0 0 0 0 0 0 0 0 0 0
##$SHL_SFCOEFFS12= (0..200)
0 0 0 0 0 0 0 0 0 0 0 0 0 0 0 0 0 0 0 0 0 0 0 0 0 0 0 0 0 0 0 0 0 0 0 0
0 0 0 0 0 0 0 0 0 0 0 0 0 0 0 0 0 0 0 0 0 0 0 0 0 0 0 0 0 0 0 0 0 0 0 0
0 0 0 0 0 0 0 0 0 0 0 0 0 0 0 0 0 0 0 0 0 0 0 0 0 0 0 0 0 0 0 0 0 0 0 0
0 0 0 0 0 0 0 0 0 0 0 0 0 0 0 0 0 0 0 0 0 0 0 0 0 0 0 0 0 0 0 0 0 0 0 0
0 0 0 0 0 0 0 0 0 0 0 0 0 0 0 0 0 0 0 0 0 0 0 0 0 0 0 0 0 0 0 0 0 0 0 0
0 0 0 0 0 0 0 0 0 0 0 0 0 0 0 0 0 0 0 0 0
##$SHL_SFCOEFFS13= (0..200)
0 0 0 0 0 0 0 0 0 0 0 0 0 0 0 0 0 0 0 0 0 0 0 0 0 0 0 0 0 0 0 0 0 0 0 0
0 0 0 0 0 0 0 0 0 0 0 0 0 0 0 0 0 0 0 0 0 0 0 0 0 0 0 0 0 0 0 0 0 0 0 0
0 0 0 0 0 0 0 0 0 0 0 0 0 0 0 0 0 0 0 0 0 0 0 0 0 0 0 0 0 0 0 0 0 0 0 0
0 0 0 0 0 0 0 0 0 0 0 0 0 0 0 0 0 0 0 0 0 0 0 0 0 0 0 0 0 0 0 0 0 0 0 0
0 0 0 0 0 0 0 0 0 0 0 0 0 0 0 0 0 0 0 0 0 0 0 0 0 0 0 0 0 0 0 0 0 0 0 0
0 0 0 0 0 0 0 0 0 0 0 0 0 0 0 0 0 0 0 0 0
##$SHL_SFCOEFFS14= (0..200)
0 0 0 0 0 0 0 0 0 0 0 0 0 0 0 0 0 0 0 0 0 0 0 0 0 0 0 0 0 0 0 0 0 0 0 0
0 0 0 0 0 0 0 0 0 0 0 0 0 0 0 0 0 0 0 0 0 0 0 0 0 0 0 0 0 0 0 0 0 0 0 0
0 0 0 0 0 0 0 0 0 0 0 0 0 0 0 0 0 0 0 0 0 0 0 0 0 0 0 0 0 0 0 0 0 0 0 0
0 0 0 0 0 0 0 0 0 0 0 0 0 0 0 0 0 0 0 0 0 0 0 0 0 0 0 0 0 0 0 0 0 0 0 0
0 0 0 0 0 0 0 0 0 0 0 0 0 0 0 0 0 0 0 0 0 0 0 0 0 0 0 0 0 0 0 0 0 0 0 0
0 0 0 0 0 0 0 0 0 0 0 0 0 0 0 0 0 0 0 0 0
##$SHL_SFCOEFFS15= (0..200)
0 0 0 0 0 0 0 0 0 0 0 0 0 0 0 0 0 0 0 0 0 0 0 0 0 0 0 0 0 0 0 0 0 0 0 0
0 0 0 0 0 0 0 0 0 0 0 0 0 0 0 0 0 0 0 0 0 0 0 0 0 0 0 0 0 0 0 0 0 0 0 0
0 0 0 0 0 0 0 0 0 0 0 0 0 0 0 0 0 0 0 0 0 0 0 0 0 0 0 0 0 0 0 0 0 0 0 0
0 0 0 0 0 0 0 0 0 0 0 0 0 0 0 0 0 0 0 0 0 0 0 0 0 0 0 0 0 0 0 0 0 0 0 0
0 0 0 0 0 0 0 0 0 0 0 0 0 0 0 0 0 0 0 0 0 0 0 0 0 0 0 0 0 0 0 0 0 0 0 0
0 0 0 0 0 0 0 0 0 0 0 0 0 0 0 0 0 0 0 0 0
##$SHL_SFCOEFFS2= (0..200)
0 0 0 0 0 0 0 0 0 0 0 0 0 0 0 0 0 0 0 0 0 0 0 0 0 0 0 0 0 0 0 0 0 0 0 0
0 0 0 0 0 0 0 0 0 0 0 0 0 0 0 0 0 0 0 0 0 0 0 0 0 0 0 0 0 0 0 0 0 0 0 0
0 0 0 0 0 0 0 0 0 0 0 0 0 0 0 0 0 0 0 0 0 0 0 0 0 0 0 0 0 0 0 0 0 0 0 0
0 0 0 0 0 0 0 0 0 0 0 0 0 0 0 0 0 0 0 0 0 0 0 0 0 0 0 0 0 0 0 0 0 0 0 0
0 0 0 0 0 0 0 0 0 0 0 0 0 0 0 0 0 0 0 0 0 0 0 0 0 0 0 0 0 0 0 0 0 0 0 0
0 0 0 0 0 0 0 0 0 0 0 0 0 0 0 0 0 0 0 0 0
##$SHL_SFCOEFFS3= (0..200)
0 0 0 0 0 0 0 0 0 0 0 0 0 0 0 0 0 0 0 0 0 0 0 0 0 0 0 0 0 0 0 0 0 0 0 0
0 0 0 0 0 0 0 0 0 0 0 0 0 0 0 0 0 0 0 0 0 0 0 0 0 0 0 0 0 0 0 0 0 0 0 0
0 0 0 0 0 0 0 0 0 0 0 0 0 0 0 0 0 0 0 0 0 0 0 0 0 0 0 0 0 0 0 0 0 0 0 0
0 0 0 0 0 0 0 0 0 0 0 0 0 0 0 0 0 0 0 0 0 0 0 0 0 0 0 0 0 0 0 0 0 0 0 0
0 0 0 0 0 0 0 0 0 0 0 0 0 0 0 0 0 0 0 0 0 0 0 0 0 0 0 0 0 0 0 0 0 0 0 0
0 0 0 0 0 0 0 0 0 0 0 0 0 0 0 0 0 0 0 0 0
##$SHL_SFCOEFFS4= (0..200)
0 0 0 0 0 0 0 0 0 0 0 0 0 0 0 0 0 0 0 0 0 0 0 0 0 0 0 0 0 0 0 0 0 0 0 0
0 0 0 0 0 0 0 0 0 0 0 0 0 0 0 0 0 0 0 0 0 0 0 0 0 0 0 0 0 0 0 0 0 0 0 0
0 0 0 0 0 0 0 0 0 0 0 0 0 0 0 0 0 0 0 0 0 0 0 0 0 0 0 0 0 0 0 0 0 0 0 0
0 0 0 0 0 0 0 0 0 0 0 0 0 0 0 0 0 0 0 0 0 0 0 0 0 0 0 0 0 0 0 0 0 0 0 0
0 0 0 0 0 0 0 0 0 0 0 0 0 0 0 0 0 0 0 0 0 0 0 0 0 0 0 0 0 0 0 0 0 0 0 0
0 0 0 0 0 0 0 0 0 0 0 0 0 0 0 0 0 0 0 0 0
##$SHL_SFCOEFFS5= (0..200)
0 0 0 0 0 0 0 0 0 0 0 0 0 0 0 0 0 0 0 0 0 0 0 0 0 0 0 0 0 0 0 0 0 0 0 0
0 0 0 0 0 0 0 0 0 0 0 0 0 0 0 0 0 0 0 0 0 0 0 0 0 0 0 0 0 0 0 0 0 0 0 0
0 0 0 0 0 0 0 0 0 0 0 0 0 0 0 0 0 0 0 0 0 0 0 0 0 0 0 0 0 0 0 0 0 0 0 0
0 0 0 0 0 0 0 0 0 0 0 0 0 0 0 0 0 0 0 0 0 0 0 0 0 0 0 0 0 0 0 0 0 0 0 0
0 0 0 0 0 0 0 0 0 0 0 0 0 0 0 0 0 0 0 0 0 0 0 0 0 0 0 0 0 0 0 0 0 0 0 0
0 0 0 0 0 0 0 0 0 0 0 0 0 0 0 0 0 0 0 0 0
##$SHL_SFCOEFFS6= (0..200)
0 0 0 0 0 0 0 0 0 0 0 0 0 0 0 0 0 0 0 0 0 0 0 0 0 0 0 0 0 0 0 0 0 0 0 0
0 0 0 0 0 0 0 0 0 0 0 0 0 0 0 0 0 0 0 0 0 0 0 0 0 0 0 0 0 0 0 0 0 0 0 0
0 0 0 0 0 0 0 0 0 0 0 0 0 0 0 0 0 0 0 0 0 0 0 0 0 0 0 0 0 0 0 0 0 0 0 0
0 0 0 0 0 0 0 0 0 0 0 0 0 0 0 0 0 0 0 0 0 0 0 0 0 0 0 0 0 0 0 0 0 0 0 0
0 0 0 0 0 0 0 0 0 0 0 0 0 0 0 0 0 0 0 0 0 0 0 0 0 0 0 0 0 0 0 0 0 0 0 0
0 0 0 0 0 0 0 0 0 0 0 0 0 0 0 0 0 0 0 0 0
##$SHL_SFCOEFFS7= (0..200)
0 0 0 0 0 0 0 0 0 0 0 0 0 0 0 0 0 0 0 0 0 0 0 0 0 0 0 0 0 0 0 0 0 0 0 0
0 0 0 0 0 0 0 0 0 0 0 0 0 0 0 0 0 0 0 0 0 0 0 0 0 0 0 0 0 0 0 0 0 0 0 0
0 0 0 0 0 0 0 0 0 0 0 0 0 0 0 0 0 0 0 0 0 0 0 0 0 0 0 0 0 0 0 0 0 0 0 0
0 0 0 0 0 0 0 0 0 0 0 0 0 0 0 0 0 0 0 0 0 0 0 0 0 0 0 0 0 0 0 0 0 0 0 0
0 0 0 0 0 0 0 0 0 0 0 0 0 0 0 0 0 0 0 0 0 0 0 0 0 0 0 0 0 0 0 0 0 0 0 0
0 0 0 0 0 0 0 0 0 0 0 0 0 0 0 0 0 0 0 0 0
##$SHL_SFCOEFFS8= (0..200)
0 0 0 0 0 0 0 0 0 0 0 0 0 0 0 0 0 0 0 0 0 0 0 0 0 0 0 0 0 0 0 0 0 0 0 0
0 0 0 0 0 0 0 0 0 0 0 0 0 0 0 0 0 0 0 0 0 0 0 0 0 0 0 0 0 0 0 0 0 0 0 0
0 0 0 0 0 0 0 0 0 0 0 0 0 0 0 0 0 0 0 0 0 0 0 0 0 0 0 0 0 0 0 0 0 0 0 0
0 0 0 0 0 0 0 0 0 0 0 0 0 0 0 0 0 0 0 0 0 0 0 0 0 0 0 0 0 0 0 0 0 0 0 0
0 0 0 0 0 0 0 0 0 0 0 0 0 0 0 0 0 0 0 0 0 0 0 0 0 0 0 0 0 0 0 0 0 0 0 0
0 0 0 0 0 0 0 0 0 0 0 0 0 0 0 0 0 0 0 0 0
##$SHL_SFCOEFFS9= (0..200)
0 0 0 0 0 0 0 0 0 0 0 0 0 0 0 0 0 0 0 0 0 0 0 0 0 0 0 0 0 0 0 0 0 0 0 0
0 0 0 0 0 0 0 0 0 0 0 0 0 0 0 0 0 0 0 0 0 0 0 0 0 0 0 0 0 0 0 0 0 0 0 0
0 0 0 0 0 0 0 0 0 0 0 0 0 0 0 0 0 0 0 0 0 0 0 0 0 0 0 0 0 0 0 0 0 0 0 0
0 0 0 0 0 0 0 0 0 0 0 0 0 0 0 0 0 0 0 0 0 0 0 0 0 0 0 0 0 0 0 0 0 0 0 0
0 0 0 0 0 0 0 0 0 0 0 0 0 0 0 0 0 0 0 0 0 0 0 0 0 0 0 0 0 0 0 0 0 0 0 0
0 0 0 0 0 0 0 0 0 0 0 0 0 0 0 0 0 0 0 0 0
##$SHL_SMOOTHED= (0..15)
0 0 0 0 0 0 0 0 0 0 0 0 0 0 0 0
##$SHL_SMOOTHING= (0..15)
0 0 0 0 0 0 0 0 0 0 0 0 0 0 0 0
##$SHL_SPOAL= (0..15)
0 0 0 0 0 0 0 0 0 0 0 0 0 0 0 0
##$SHL_SPOFFS= (0..15)
0 0 0 0 0 0 0 0 0 0 0 0 0 0 0 0
##$SHL_SPOPH= (0..15)
0 0 0 0 0 0 0 0 0 0 0 0 0 0 0 0
##$SHL_STARTAMP= (0..15)
0 0 0 0 0 0 0 0 0 0 0 0 0 0 0 0
##$SHL_SW= (0..15)
0 0 0 0 0 0 0 0 0 0 0 0 0 0 0 0
##$SHL_SWDIR= (0..15)
-1 -1 -1 -1 -1 -1 -1 -1 -1 -1 -1 -1 -1 -1 -1 -1
##$SHL_TANKAPPA= (0..15)
0 0 0 0 0 0 0 0 0 0 0 0 0 0 0 0
##$SHL_TOTROT= (0..15)
90 0 0 0 0 0 0 0 0 0 0 0 0 0 0 0
##$SHL_TRUNCLEV= (0..15)
0 0 0 0 0 0 0 0 0 0 0 0 0 0 0 0
##$SHL_TYPE= (0..15)
<Excitation> <> <> <> <> <> <> <> <> <> <> <> <> <> <> <>
##$SHL_WINDOWSIZE= (0..15)
0 0 0 0 0 0 0 0 0 0 0 0 0 0 0 0
##$SHL_ZETA= (0..15)
0 0 0 0 0 0 0 0 0 0 0 0 0 0 0 0
##NPOINTS= 40000
##XYPOINTS= (XY..XY)
100.000000, 332.989811
100.000000, 327.843033
100.000000, 322.696255
100.000000, 317.549476
100.000000, 312.402698
100.000000, 307.255920
100.000000, 302.109142
100.000000, 296.962364
100.000000, 291.815586
100.000000, 286.668807
100.000000, 281.522029
100.000000, 276.375251
100.000000, 271.228473
100.000000, 266.081695
100.000000, 260.934917
100.000000, 255.788139
100.000000, 250.641360
100.000000, 245.494582
100.000000, 240.347804
100.000000, 235.201026
100.000000, 230.054248
100.000000, 224.907470
100.000000, 219.760691
100.000000, 214.613913
100.000000, 209.467135
100.000000, 204.320357
100.000000, 199.173579
100.000000, 194.026801
100.000000, 188.880022
100.000000, 183.733244
100.000000, 178.586466
100.000000, 173.439688
100.000000, 168.292910
100.000000, 163.146132
100.000000, 157.999353
100.000000, 152.852575
100.000000, 147.705797
100.000000, 142.559019
100.000000, 137.412241
100.000000, 132.265463
100.000000, 127.118685
100.000000, 121.971906
100.000000, 116.825128
100.000000, 111.678350
100.000000, 106.531572
100.000000, 101.384794
100.000000, 96.238016
100.000000, 91.091237
100.000000, 85.944459
100.000000, 80.797681
100.000000, 75.650903
100.000000, 70.504125
100.000000, 65.357347
100.000000, 60.210568
100.000000, 55.063790
100.000000, 49.917012
100.000000, 44.770234
100.000000, 39.623456
100.000000, 34.476678
100.000000, 29.329899
100.000000, 24.183121
100.000000, 19.036343
100.000000, 13.889565
100.000000, 8.742787
100.000000, 3.596009
100.000000, 358.449231
100.000000, 353.302452
100.000000, 348.155674
100.000000, 343.008896
100.000000, 337.862118
100.000000, 332.715340
100.000000, 327.568562
100.000000, 322.421783
100.000000, 317.275005
100.000000, 312.128227
100.000000, 306.981449
100.000000, 301.834671
100.000000, 296.687893
100.000000, 291.541114
100.000000, 286.394336
100.000000, 281.247558
100.000000, 276.100780
100.000000, 270.954002
100.000000, 265.807224
100.000000, 260.660445
100.000000, 255.513667
100.000000, 250.366889
100.000000, 245.220111
100.000000, 240.073333
100.000000, 234.926555
100.000000, 229.779777
100.000000, 224.632998
100.000000, 219.486220
100.000000, 214.339442
100.000000, 209.192664
100.000000, 204.045886
100.000000, 198.899108
100.000000, 193.752329
100.000000, 188.605551
100.000000, 183.458773
100.000000, 178.311995
100.000000, 173.165217
100.000000, 168.018439
100.000000, 162.871660
100.000000, 157.724882
100.000000, 152.578104
100.000000, 147.431326
100.000000, 142.284548
100.000000, 137.137770
100.000000, 131.990991
100.000000, 126.844213
100.000000, 121.697435
100.000000, 116.550657
100.000000, 111.403879
100.000000, 106.257101
100.000000, 101.110323
100.000000, 95.963544
100.000000, 90.816766
100.000000, 85.669988
100.000000, 80.523210
100.000000, 75.376432
100.000000, 70.229654
100.000000, 65.082875
100.000000, 59.936097
100.000000, 54.789319
100.000000, 49.642541
100.000000, 44.495763
100.000000, 39.348985
100.000000, 34.202206
100.000000, 29.055428
100.000000, 23.908650
100.000000, 18.761872
100.000000, 13.615094
100.000000, 8.468316
100.000000, 3.321537
100.000000, 358.174759
100.000000, 353.027981
100.000000, 347.881203
100.000000, 342.734425
100.000000, 337.587647
100.000000, 332.440869
100.000000, 327.294090
100.000000, 322.147312
100.000000, 317.000534
100.000000, 311.853756
100.000000, 306.706978
100.000000, 301.560200
100.000000, 296.413421
100.000000, 291.266643
100.000000, 286.119865
100.000000, 280.973087
100.000000, 275.826309
100.000000, 270.679531
100.000000, 265.532752
100.000000, 260.385974
100.000000, 255.239196
100.000000, 250.092418
100.000000, 244.945640
100.000000, 239.798862
100.000000, 234.652083
100.000000, 229.505305
100.000000, 224.358527
100.000000, 219.211749
100.000000, 214.064971
100.000000, 208.918193
100.000000, 203.771415
100.000000, 198.624636
100.000000, 193.477858
100.000000, 188.331080
100.000000, 183.184302
100.000000, 178.037524
100.000000, 172.890746
100.000000, 167.743967
100.000000, 162.597189
100.000000, 157.450411
100.000000, 152.303633
100.000000, 147.156855
100.000000, 142.010077
100.000000, 136.863298
100.000000, 131.716520
100.000000, 126.569742
100.000000, 121.422964
100.000000, 116.276186
100.000000, 111.129408
100.000000, 105.982629
100.000000, 100.835851
100.000000, 95.689073
100.000000, 90.542295
100.000000, 85.395517
100.000000, 80.248739
100.000000, 75.101961
100.000000, 69.955182
100.000000, 64.808404
100.000000, 59.661626
100.000000, 54.514848
100.000000, 49.368070
100.000000, 44.221292
100.000000, 39.074513
100.000000, 33.927735
100.000000, 28.780957
100.000000, 23.634179
100.000000, 18.487401
100.000000, 13.340623
100.000000, 8.193844
100.000000, 3.047066
100.000000, 357.900288
100.000000, 352.753510
100.000000, 347.606732
100.000000, 342.459954
100.000000, 337.313175
100.000000, 332.166397
100.000000, 327.019619
100.000000, 321.872841
100.000000, 316.726063
100.000000, 311.579285
100.000000, 306.432507
100.000000, 301.285728
100.000000, 296.138950
100.000000, 290.992172
100.000000, 285.845394
100.000000, 280.698616
100.000000, 275.551838
100.000000, 270.405059
100.000000, 265.258281
100.000000, 260.111503
100.000000, 254.964725
100.000000, 249.817947
100.000000, 244.671169
100.000000, 239.524390
100.000000, 234.377612
100.000000, 229.230834
100.000000, 224.084056
100.000000, 218.937278
100.000000, 213.790500
100.000000, 208.643721
100.000000, 203.496943
100.000000, 198.350165
100.000000, 193.203387
100.000000, 188.056609
100.000000, 182.909831
100.000000, 177.763053
100.000000, 172.616274
100.000000, 167.469496
100.000000, 162.322718
100.000000, 157.175940
100.000000, 152.029162
100.000000, 146.882384
100.000000, 141.735605
100.000000, 136.588827
100.000000, 131.442049
100.000000, 126.295271
100.000000, 121.148493
100.000000, 116.001715
100.000000, 110.854936
100.000000, 105.708158
100.000000, 100.561380
100.000000, 95.414602
100.000000, 90.267824
100.000000, 85.121046
100.000000, 79.974267
100.000000, 74.827489
100.000000, 69.680711
100.000000, 64.533933
100.000000, 59.387155
100.000000, 54.240377
100.000000, 49.093599
100.000000, 43.946820
100.000000, 38.800042
100.000000, 33.653264
100.000000, 28.506486
100.000000, 23.359708
100.000000, 18.212930
100.000000, 13.066151
100.000000, 7.919373
100.000000, 2.772595
100.000000, 357.625817
100.000000, 352.479039
100.000000, 347.332261
100.000000, 342.185482
100.000000, 337.038704
100.000000, 331.891926
100.000000, 326.745148
100.000000, 321.598370
100.000000, 316.451592
100.000000, 311.304813
100.000000, 306.158035
100.000000, 301.011257
100.000000, 295.864479
100.000000, 290.717701
100.000000, 285.570923
100.000000, 280.424145
100.000000, 275.277366
100.000000, 270.130588
100.000000, 264.983810
100.000000, 259.837032
100.000000, 254.690254
100.000000, 249.543476
100.000000, 244.396697
100.000000, 239.249919
100.000000, 234.103141
100.000000, 228.956363
100.000000, 223.809585
100.000000, 218.662807
100.000000, 213.516028
100.000000, 208.369250
100.000000, 203.222472
100.000000, 198.075694
100.000000, 192.928916
100.000000, 187.782138
100.000000, 182.635359
100.000000, 177.488581
100.000000, 172.341803
100.000000, 167.195025
100.000000, 162.048247
100.000000, 156.901469
100.000000, 151.754691
100.000000, 146.607912
100.000000, 141.461134
100.000000, 136.314356
100.000000, 131.167578
100.000000, 126.020800
100.000000, 120.874022
100.000000, 115.727243
100.000000, 110.580465
100.000000, 105.433687
100.000000, 100.286909
100.000000, 95.140131
100.000000, 89.993353
100.000000, 84.846574
100.000000, 79.699796
100.000000, 74.553018
100.000000, 69.406240
100.000000, 64.259462
100.000000, 59.112684
100.000000, 53.965905
100.000000, 48.819127
100.000000, 43.672349
100.000000, 38.525571
100.000000, 33.378793
100.000000, 28.232015
100.000000, 23.085237
100.000000, 17.938458
100.000000, 12.791680
100.000000, 7.644902
100.000000, 2.498124
100.000000, 357.351346
100.000000, 352.204568
100.000000, 347.057789
100.000000, 341.911011
100.000000, 336.764233
100.000000, 331.617455
100.000000, 326.470677
100.000000, 321.323899
100.000000, 316.177120
100.000000, 311.030342
100.000000, 305.883564
100.000000, 300.736786
100.000000, 295.590008
100.000000, 290.443230
100.000000, 285.296451
100.000000, 280.149673
100.000000, 275.002895
100.000000, 269.856117
100.000000, 264.709339
100.000000, 259.562561
100.000000, 254.415783
100.000000, 249.269004
100.000000, 244.122226
100.000000, 238.975448
100.000000, 233.828670
100.000000, 228.681892
100.000000, 223.535114
100.000000, 218.388335
100.000000, 213.241557
100.000000, 208.094779
100.000000, 202.948001
100.000000, 197.801223
100.000000, 192.654445
100.000000, 187.507666
100.000000, 182.360888
100.000000, 177.214110
100.000000, 172.067332
100.000000, 166.920554
100.000000, 161.773776
100.000000, 156.626997
100.000000, 151.480219
100.000000, 146.333441
100.000000, 141.186663
100.000000, 136.039885
100.000000, 130.893107
100.000000, 125.746329
100.000000, 120.599550
100.000000, 115.452772
100.000000, 110.305994
100.000000, 105.159216
100.000000, 100.012438
100.000000, 94.865660
100.000000, 89.718881
100.000000, 84.572103
100.000000, 79.425325
100.000000, 74.278547
100.000000, 69.131769
100.000000, 63.984991
100.000000, 58.838212
100.000000, 53.691434
100.000000, 48.544656
100.000000, 43.397878
100.000000, 38.251100
100.000000, 33.104322
100.000000, 27.957543
100.000000, 22.810765
100.000000, 17.663987
100.000000, 12.517209
100.000000, 7.370431
100.000000, 2.223653
100.000000, 357.076875
100.000000, 351.930096
100.000000, 346.783318
100.000000, 341.636540
100.000000, 336.489762
100.000000, 331.342984
100.000000, 326.196206
100.000000, 321.049427
100.000000, 315.902649
100.000000, 310.755871
100.000000, 305.609093
100.000000, 300.462315
100.000000, 295.315537
100.000000, 290.168758
100.000000, 285.021980
100.000000, 279.875202
100.000000, 274.728424
100.000000, 269.581646
100.000000, 264.434868
100.000000, 259.288089
100.000000, 254.141311
100.000000, 248.994533
100.000000, 243.847755
100.000000, 238.700977
100.000000, 233.554199
100.000000, 228.407421
100.000000, 223.260642
100.000000, 218.113864
100.000000, 212.967086
100.000000, 207.820308
100.000000, 202.673530
100.000000, 197.526752
100.000000, 192.379973
100.000000, 187.233195
100.000000, 182.086417
100.000000, 176.939639
100.000000, 171.792861
100.000000, 166.646083
100.000000, 161.499304
100.000000, 156.352526
100.000000, 151.205748
100.000000, 146.058970
100.000000, 140.912192
100.000000, 135.765414
100.000000, 130.618635
100.000000, 125.471857
100.000000, 120.325079
100.000000, 115.178301
100.000000, 110.031523
100.000000, 104.884745
100.000000, 99.737967
100.000000, 94.591188
100.000000, 89.444410
100.000000, 84.297632
100.000000, 79.150854
100.000000, 74.004076
100.000000, 68.857298
100.000000, 63.710519
100.000000, 58.563741
100.000000, 53.416963
100.000000, 48.270185
100.000000, 43.123407
100.000000, 37.976629
100.000000, 32.829850
100.000000, 27.683072
100.000000, 22.536294
100.000000, 17.389516
100.000000, 12.242738
100.000000, 7.095960
100.000000, 1.949181
100.000000, 356.802403
100.000000, 351.655625
100.000000, 346.508847
100.000000, 341.362069
100.000000, 336.215291
100.000000, 331.068513
100.000000, 325.921734
100.000000, 320.774956
100.000000, 315.628178
100.000000, 310.481400
100.000000, 305.334622
100.000000, 300.187844
100.000000, 295.041065
100.000000, 289.894287
100.000000, 284.747509
100.000000, 279.600731
100.000000, 274.453953
100.000000, 269.307175
100.000000, 264.160396
100.000000, 259.013618
100.000000, 253.866840
100.000000, 248.720062
100.000000, 243.573284
100.000000, 238.426506
100.000000, 233.279727
100.000000, 228.132949
100.000000, 222.986171
100.000000, 217.839393
100.000000, 212.692615
100.000000, 207.545837
100.000000, 202.399059
100.000000, 197.252280
100.000000, 192.105502
100.000000, 186.958724
100.000000, 181.811946
100.000000, 176.665168
100.000000, 171.518390
100.000000, 166.371611
100.000000, 161.224833
100.000000, 156.078055
100.000000, 150.931277
100.000000, 145.784499
100.000000, 140.637721
100.000000, 135.490942
100.000000, 130.344164
100.000000, 125.197386
100.000000, 120.050608
100.000000, 114.903830
100.000000, 109.757052
100.000000, 104.610273
100.000000, 99.463495
100.000000, 94.316717
100.000000, 89.169939
100.000000, 84.023161
100.000000, 78.876383
100.000000, 73.729605
100.000000, 68.582826
100.000000, 63.436048
100.000000, 58.289270
100.000000, 53.142492
100.000000, 47.995714
100.000000, 42.848936
100.000000, 37.702157
100.000000, 32.555379
100.000000, 27.408601
100.000000, 22.261823
100.000000, 17.115045
100.000000, 11.968267
100.000000, 6.821488
100.000000, 1.674710
100.000000, 356.527932
100.000000, 351.381154
100.000000, 346.234376
100.000000, 341.087598
100.000000, 335.940819
100.000000, 330.794041
100.000000, 325.647263
100.000000, 320.500485
100.000000, 315.353707
100.000000, 310.206929
100.000000, 305.060151
100.000000, 299.913372
100.000000, 294.766594
100.000000, 289.619816
100.000000, 284.473038
100.000000, 279.326260
100.000000, 274.179482
100.000000, 269.032703
100.000000, 263.885925
100.000000, 258.739147
100.000000, 253.592369
100.000000, 248.445591
100.000000, 243.298813
100.000000, 238.152034
100.000000, 233.005256
100.000000, 227.858478
100.000000, 222.711700
100.000000, 217.564922
100.000000, 212.418144
100.000000, 207.271365
100.000000, 202.124587
100.000000, 196.977809
100.000000, 191.831031
100.000000, 186.684253
100.000000, 181.537475
100.000000, 176.390697
100.000000, 171.243918
100.000000, 166.097140
100.000000, 160.950362
100.000000, 155.803584
100.000000, 150.656806
100.000000, 145.510028
100.000000, 140.363249
100.000000, 135.216471
100.000000, 130.069693
100.000000, 124.922915
100.000000, 119.776137
100.000000, 114.629359
100.000000, 109.482580
100.000000, 104.335802
100.000000, 99.189024
100.000000, 94.042246
100.000000, 88.895468
100.000000, 83.748690
100.000000, 78.601911
100.000000, 73.455133
100.000000, 68.308355
100.000000, 63.161577
100.000000, 58.014799
100.000000, 52.868021
100.000000, 47.721243
100.000000, 42.574464
100.000000, 37.427686
100.000000, 32.280908
100.000000, 27.134130
100.000000, 21.987352
100.000000, 16.840574
100.000000, 11.693795
100.000000, 6.547017
100.000000, 1.400239
100.000000, 356.253461
100.000000, 351.106683
100.000000, 345.959905
100.000000, 340.813126
100.000000, 335.666348
100.000000, 330.519570
100.000000, 325.372792
100.000000, 320.226014
100.000000, 315.079236
100.000000, 309.932457
100.000000, 304.785679
100.000000, 299.638901
100.000000, 294.492123
100.000000, 289.345345
100.000000, 284.198567
100.000000, 279.051789
100.000000, 273.905010
100.000000, 268.758232
100.000000, 263.611454
100.000000, 258.464676
100.000000, 253.317898
100.000000, 248.171120
100.000000, 243.024341
100.000000, 237.877563
100.000000, 232.730785
100.000000, 227.584007
100.000000, 222.437229
100.000000, 217.290451
100.000000, 212.143672
100.000000, 206.996894
100.000000, 201.850116
100.000000, 196.703338
100.000000, 191.556560
100.000000, 186.409782
100.000000, 181.263003
100.000000, 176.116225
100.000000, 170.969447
100.000000, 165.822669
100.000000, 160.675891
100.000000, 155.529113
100.000000, 150.382335
100.000000, 145.235556
100.000000, 140.088778
100.000000, 134.942000
100.000000, 129.795222
100.000000, 124.648444
100.000000, 119.501666
100.000000, 114.354887
100.000000, 109.208109
100.000000, 104.061331
100.000000, 98.914553
100.000000, 93.767775
100.000000, 88.620997
100.000000, 83.474218
100.000000, 78.327440
100.000000, 73.180662
100.000000, 68.033884
100.000000, 62.887106
100.000000, 57.740328
100.000000, 52.593549
100.000000, 47.446771
100.000000, 42.299993
100.000000, 37.153215
100.000000, 32.006437
100.000000, 26.859659
100.000000, 21.712881
100.000000, 16.566102
100.000000, 11.419324
100.000000, 6.272546
100.000000, 1.125768
100.000000, 355.978990
100.000000, 350.832212
100.000000, 345.685433
100.000000, 340.538655
100.000000, 335.391877
100.000000, 330.245099
100.000000, 325.098321
100.000000, 319.951543
100.000000, 314.804764
100.000000, 309.657986
100.000000, 304.511208
100.000000, 299.364430
100.000000, 294.217652
100.000000, 289.070874
100.000000, 283.924095
100.000000, 278.777317
100.000000, 273.630539
100.000000, 268.483761
100.000000, 263.336983
100.000000, 258.190205
100.000000, 253.043427
100.000000, 247.896648
100.000000, 242.749870
100.000000, 237.603092
100.000000, 232.456314
100.000000, 227.309536
100.000000, 222.162758
100.000000, 217.015979
100.000000, 211.869201
100.000000, 206.722423
100.000000, 201.575645
100.000000, 196.428867
100.000000, 191.282089
100.000000, 186.135310
100.000000, 180.988532
100.000000, 175.841754
100.000000, 170.694976
100.000000, 165.548198
100.000000, 160.401420
100.000000, 155.254641
100.000000, 150.107863
100.000000, 144.961085
100.000000, 139.814307
100.000000, 134.667529
100.000000, 129.520751
100.000000, 124.373973
100.000000, 119.227194
100.000000, 114.080416
100.000000, 108.933638
100.000000, 103.786860
100.000000, 98.640082
100.000000, 93.493304
100.000000, 88.346525
100.000000, 83.199747
100.000000, 78.052969
100.000000, 72.906191
100.000000, 67.759413
100.000000, 62.612635
100.000000, 57.465856
100.000000, 52.319078
100.000000, 47.172300
100.000000, 42.025522
100.000000, 36.878744
100.000000, 31.731966
100.000000, 26.585187
100.000000, 21.438409
100.000000, 16.291631
100.000000, 11.144853
100.000000, 5.998075
100.000000, 0.851297
100.000000, 355.704519
100.000000, 350.557740
100.000000, 345.410962
100.000000, 340.264184
100.000000, 335.117406
100.000000, 329.970628
100.000000, 324.823850
100.000000, 319.677071
100.000000, 314.530293
100.000000, 309.383515
100.000000, 304.236737
100.000000, 299.089959
100.000000, 293.943181
100.000000, 288.796402
100.000000, 283.649624
100.000000, 278.502846
100.000000, 273.356068
100.000000, 268.209290
100.000000, 263.062512
100.000000, 257.915733
100.000000, 252.768955
100.000000, 247.622177
100.000000, 242.475399
100.000000, 237.328621
100.000000, 232.181843
100.000000, 227.035065
100.000000, 221.888286
100.000000, 216.741508
100.000000, 211.594730
100.000000, 206.447952
100.000000, 201.301174
100.000000, 196.154396
100.000000, 191.007617
100.000000, 185.860839
100.000000, 180.714061
100.000000, 175.567283
100.000000, 170.420505
100.000000, 165.273727
100.000000, 160.126948
100.000000, 154.980170
100.000000, 149.833392
100.000000, 144.686614
100.000000, 139.539836
100.000000, 134.393058
100.000000, 129.246279
100.000000, 124.099501
100.000000, 118.952723
100.000000, 113.805945
100.000000, 108.659167
100.000000, 103.512389
100.000000, 98.365611
100.000000, 93.218832
100.000000, 88.072054
100.000000, 82.925276
100.000000, 77.778498
100.000000, 72.631720
100.000000, 67.484942
100.000000, 62.338163
100.000000, 57.191385
100.000000, 52.044607
100.000000, 46.897829
100.000000, 41.751051
100.000000, 36.604273
100.000000, 31.457494
100.000000, 26.310716
100.000000, 21.163938
100.000000, 16.017160
100.000000, 10.870382
100.000000, 5.723604
100.000000, 0.576825
100.000000, 355.430047
100.000000, 350.283269
100.000000, 345.136491
100.000000, 339.989713
100.000000, 334.842935
100.000000, 329.696157
100.000000, 324.549378
100.000000, 319.402600
100.000000, 314.255822
100.000000, 309.109044
100.000000, 303.962266
100.000000, 298.815488
100.000000, 293.668709
100.000000, 288.521931
100.000000, 283.375153
100.000000, 278.228375
100.000000, 273.081597
100.000000, 267.934819
100.000000, 262.788040
100.000000, 257.641262
100.000000, 252.494484
100.000000, 247.347706
100.000000, 242.200928
100.000000, 237.054150
100.000000, 231.907371
100.000000, 226.760593
100.000000, 221.613815
100.000000, 216.467037
100.000000, 211.320259
100.000000, 206.173481
100.000000, 201.026703
100.000000, 195.879924
100.000000, 190.733146
100.000000, 185.586368
100.000000, 180.439590
100.000000, 175.292812
100.000000, 170.146034
100.000000, 164.999255
100.000000, 159.852477
100.000000, 154.705699
100.000000, 149.558921
100.000000, 144.412143
100.000000, 139.265365
100.000000, 134.118586
100.000000, 128.971808
100.000000, 123.825030
100.000000, 118.678252
100.000000, 113.531474
100.000000, 108.384696
100.000000, 103.237917
100.000000, 98.091139
100.000000, 92.944361
100.000000, 87.797583
100.000000, 82.650805
100.000000, 77.504027
100.000000, 72.357249
100.000000, 67.210470
100.000000, 62.063692
100.000000, 56.916914
100.000000, 51.770136
100.000000, 46.623358
100.000000, 41.476580
100.000000, 36.329801
100.000000, 31.183023
100.000000, 26.036245
100.000000, 20.889467
100.000000, 15.742689
100.000000, 10.595911
100.000000, 5.449132
100.000000, 0.302354
100.000000, 355.155576
100.000000, 350.008798
100.000000, 344.862020
100.000000, 339.715242
100.000000, 334.568463
100.000000, 329.421685
100.000000, 324.274907
100.000000, 319.128129
100.000000, 313.981351
100.000000, 308.834573
100.000000, 303.687795
100.000000, 298.541016
100.000000, 293.394238
100.000000, 288.247460
100.000000, 283.100682
100.000000, 277.953904
100.000000, 272.807126
100.000000, 267.660347
100.000000, 262.513569
100.000000, 257.366791
100.000000, 252.220013
100.000000, 247.073235
100.000000, 241.926457
100.000000, 236.779678
100.000000, 231.632900
100.000000, 226.486122
100.000000, 221.339344
100.000000, 216.192566
100.000000, 211.045788
100.000000, 205.899009
100.000000, 200.752231
100.000000, 195.605453
100.000000, 190.458675
100.000000, 185.311897
100.000000, 180.165119
100.000000, 175.018341
100.000000, 169.871562
100.000000, 164.724784
100.000000, 159.578006
100.000000, 154.431228
100.000000, 149.284450
100.000000, 144.137672
100.000000, 138.990893
100.000000, 133.844115
100.000000, 128.697337
100.000000, 123.550559
100.000000, 118.403781
100.000000, 113.257003
100.000000, 108.110224
100.000000, 102.963446
100.000000, 97.816668
100.000000, 92.669890
100.000000, 87.523112
100.000000, 82.376334
100.000000, 77.229555
100.000000, 72.082777
100.000000, 66.935999
100.000000, 61.789221
100.000000, 56.642443
100.000000, 51.495665
100.000000, 46.348887
100.000000, 41.202108
100.000000, 36.055330
100.000000, 30.908552
100.000000, 25.761774
100.000000, 20.614996
100.000000, 15.468218
100.000000, 10.321439
100.000000, 5.174661
100.000000, 0.027883
100.000000, 354.881105
100.000000, 349.734327
100.000000, 344.587549
100.000000, 339.440770
100.000000, 334.293992
100.000000, 329.147214
100.000000, 324.000436
100.000000, 318.853658
100.000000, 313.706880
100.000000, 308.560101
100.000000, 303.413323
100.000000, 298.266545
100.000000, 293.119767
100.000000, 287.972989
100.000000, 282.826211
100.000000, 277.679433
100.000000, 272.532654
100.000000, 267.385876
100.000000, 262.239098
100.000000, 257.092320
100.000000, 251.945542
100.000000, 246.798764
100.000000, 241.651985
100.000000, 236.505207
100.000000, 231.358429
100.000000, 226.211651
100.000000, 221.064873
100.000000, 215.918095
100.000000, 210.771316
100.000000, 205.624538
100.000000, 200.477760
100.000000, 195.330982
100.000000, 190.184204
100.000000, 185.037426
100.000000, 179.890647
100.000000, 174.743869
100.000000, 169.597091
100.000000, 164.450313
100.000000, 159.303535
100.000000, 154.156757
100.000000, 149.009979
100.000000, 143.863200
100.000000, 138.716422
100.000000, 133.569644
100.000000, 128.422866
100.000000, 123.276088
100.000000, 118.129310
100.000000, 112.982531
100.000000, 107.835753
100.000000, 102.688975
100.000000, 97.542197
100.000000, 92.395419
100.000000, 87.248641
100.000000, 82.101862
100.000000, 76.955084
100.000000, 71.808306
100.000000, 66.661528
100.000000, 61.514750
100.000000, 56.367972
100.000000, 51.221193
100.000000, 46.074415
100.000000, 40.927637
100.000000, 35.780859
100.000000, 30.634081
100.000000, 25.487303
100.000000, 20.340525
100.000000, 15.193746
100.000000, 10.046968
100.000000, 4.900190
100.000000, 359.753412
100.000000, 354.606634
100.000000, 349.459856
100.000000, 344.313077
100.000000, 339.166299
100.000000, 334.019521
100.000000, 328.872743
100.000000, 323.725965
100.000000, 318.579187
100.000000, 313.432408
100.000000, 308.285630
100.000000, 303.138852
100.000000, 297.992074
100.000000, 292.845296
100.000000, 287.698518
100.000000, 282.551739
100.000000, 277.404961
100.000000, 272.258183
100.000000, 267.111405
100.000000, 261.964627
100.000000, 256.817849
100.000000, 251.671071
100.000000, 246.524292
100.000000, 241.377514
100.000000, 236.230736
100.000000, 231.083958
100.000000, 225.937180
100.000000, 220.790402
100.000000, 215.643623
100.000000, 210.496845
100.000000, 205.350067
100.000000, 200.203289
100.000000, 195.056511
100.000000, 189.909733
100.000000, 184.762954
100.000000, 179.616176
100.000000, 174.469398
100.000000, 169.322620
100.000000, 164.175842
100.000000, 159.029064
100.000000, 153.882285
100.000000, 148.735507
100.000000, 143.588729
100.000000, 138.441951
100.000000, 133.295173
100.000000, 128.148395
100.000000, 123.001617
100.000000, 117.854838
100.000000, 112.708060
100.000000, 107.561282
100.000000, 102.414504
100.000000, 97.267726
100.000000, 92.120948
100.000000, 86.974169
100.000000, 81.827391
100.000000, 76.680613
100.000000, 71.533835
100.000000, 66.387057
100.000000, 61.240279
100.000000, 56.093500
100.000000, 50.946722
100.000000, 45.799944
100.000000, 40.653166
100.000000, 35.506388
100.000000, 30.359610
100.000000, 25.212831
100.000000, 20.066053
100.000000, 14.919275
100.000000, 9.772497
100.000000, 4.625719
100.000000, 359.478941
100.000000, 354.332163
100.000000, 349.185384
100.000000, 344.038606
100.000000, 338.891828
100.000000, 333.745050
100.000000, 328.598272
100.000000, 323.451494
100.000000, 318.304715
100.000000, 313.157937
100.000000, 308.011159
100.000000, 302.864381
100.000000, 297.717603
100.000000, 292.570825
100.000000, 287.424046
100.000000, 282.277268
100.000000, 277.130490
100.000000, 271.983712
100.000000, 266.836934
100.000000, 261.690156
100.000000, 256.543377
100.000000, 251.396599
100.000000, 246.249821
100.000000, 241.103043
100.000000, 235.956265
100.000000, 230.809487
100.000000, 225.662709
100.000000, 220.515930
100.000000, 215.369152
100.000000, 210.222374
100.000000, 205.075596
100.000000, 199.928818
100.000000, 194.782040
100.000000, 189.635261
100.000000, 184.488483
100.000000, 179.341705
100.000000, 174.194927
100.000000, 169.048149
100.000000, 163.901371
100.000000, 158.754592
100.000000, 153.607814
100.000000, 148.461036
100.000000, 143.314258
100.000000, 138.167480
100.000000, 133.020702
100.000000, 127.873923
100.000000, 122.727145
100.000000, 117.580367
100.000000, 112.433589
100.000000, 107.286811
100.000000, 102.140033
100.000000, 96.993255
100.000000, 91.846476
100.000000, 86.699698
100.000000, 81.552920
100.000000, 76.406142
100.000000, 71.259364
100.000000, 66.112586
100.000000, 60.965807
100.000000, 55.819029
100.000000, 50.672251
100.000000, 45.525473
100.000000, 40.378695
100.000000, 35.231917
100.000000, 30.085138
100.000000, 24.938360
100.000000, 19.791582
100.000000, 14.644804
100.000000, 9.498026
100.000000, 4.351248
100.000000, 359.204469
100.000000, 354.057691
100.000000, 348.910913
100.000000, 343.764135
100.000000, 338.617357
100.000000, 333.470579
100.000000, 328.323801
100.000000, 323.177022
100.000000, 318.030244
100.000000, 312.883466
100.000000, 307.736688
100.000000, 302.589910
100.000000, 297.443132
100.000000, 292.296353
100.000000, 287.149575
100.000000, 282.002797
100.000000, 276.856019
100.000000, 271.709241
100.000000, 266.562463
100.000000, 261.415684
100.000000, 256.268906
100.000000, 251.122128
100.000000, 245.975350
100.000000, 240.828572
100.000000, 235.681794
100.000000, 230.535015
100.000000, 225.388237
100.000000, 220.241459
100.000000, 215.094681
100.000000, 209.947903
100.000000, 204.801125
100.000000, 199.654347
100.000000, 194.507568
100.000000, 189.360790
100.000000, 184.214012
100.000000, 179.067234
100.000000, 173.920456
100.000000, 168.773678
100.000000, 163.626899
100.000000, 158.480121
100.000000, 153.333343
100.000000, 148.186565
100.000000, 143.039787
100.000000, 137.893009
100.000000, 132.746230
100.000000, 127.599452
100.000000, 122.452674
100.000000, 117.305896
100.000000, 112.159118
100.000000, 107.012340
100.000000, 101.865561
100.000000, 96.718783
100.000000, 91.572005
100.000000, 86.425227
100.000000, 81.278449
100.000000, 76.131671
100.000000, 70.984893
100.000000, 65.838114
100.000000, 60.691336
100.000000, 55.544558
100.000000, 50.397780
100.000000, 45.251002
100.000000, 40.104224
100.000000, 34.957445
100.000000, 29.810667
100.000000, 24.663889
100.000000, 19.517111
100.000000, 14.370333
100.000000, 9.223555
100.000000, 4.076776
100.000000, 358.929998
100.000000, 353.783220
100.000000, 348.636442
100.000000, 343.489664
100.000000, 338.342886
100.000000, 333.196107
100.000000, 328.049329
100.000000, 322.902551
100.000000, 317.755773
100.000000, 312.608995
100.000000, 307.462217
100.000000, 302.315439
100.000000, 297.168660
100.000000, 292.021882
100.000000, 286.875104
100.000000, 281.728326
100.000000, 276.581548
100.000000, 271.434770
100.000000, 266.287991
100.000000, 261.141213
100.000000, 255.994435
100.000000, 250.847657
100.000000, 245.700879
100.000000, 240.554101
100.000000, 235.407322
100.000000, 230.260544
100.000000, 225.113766
100.000000, 219.966988
100.000000, 214.820210
100.000000, 209.673432
100.000000, 204.526653
100.000000, 199.379875
100.000000, 194.233097
100.000000, 189.086319
100.000000, 183.939541
100.000000, 178.792763
100.000000, 173.645985
100.000000, 168.499206
100.000000, 163.352428
100.000000, 158.205650
100.000000, 153.058872
100.000000, 147.912094
100.000000, 142.765316
100.000000, 137.618537
100.000000, 132.471759
100.000000, 127.324981
100.000000, 122.178203
100.000000, 117.031425
100.000000, 111.884647
100.000000, 106.737868
100.000000, 101.591090
100.000000, 96.444312
100.000000, 91.297534
100.000000, 86.150756
100.000000, 81.003978
100.000000, 75.857199
100.000000, 70.710421
100.000000, 65.563643
100.000000, 60.416865
100.000000, 55.270087
100.000000, 50.123309
100.000000, 44.976531
100.000000, 39.829752
100.000000, 34.682974
100.000000, 29.536196
100.000000, 24.389418
100.000000, 19.242640
100.000000, 14.095862
100.000000, 8.949083
100.000000, 3.802305
100.000000, 358.655527
100.000000, 353.508749
100.000000, 348.361971
100.000000, 343.215193
100.000000, 338.068414
100.000000, 332.921636
100.000000, 327.774858
100.000000, 322.628080
100.000000, 317.481302
100.000000, 312.334524
100.000000, 307.187745
100.000000, 302.040967
100.000000, 296.894189
100.000000, 291.747411
100.000000, 286.600633
100.000000, 281.453855
100.000000, 276.307077
100.000000, 271.160298
100.000000, 266.013520
100.000000, 260.866742
100.000000, 255.719964
100.000000, 250.573186
100.000000, 245.426408
100.000000, 240.279629
100.000000, 235.132851
100.000000, 229.986073
100.000000, 224.839295
100.000000, 219.692517
100.000000, 214.545739
100.000000, 209.398960
100.000000, 204.252182
100.000000, 199.105404
100.000000, 193.958626
100.000000, 188.811848
100.000000, 183.665070
100.000000, 178.518291
100.000000, 173.371513
100.000000, 168.224735
100.000000, 163.077957
100.000000, 157.931179
100.000000, 152.784401
100.000000, 147.637623
100.000000, 142.490844
100.000000, 137.344066
100.000000, 132.197288
100.000000, 127.050510
100.000000, 121.903732
100.000000, 116.756954
100.000000, 111.610175
100.000000, 106.463397
100.000000, 101.316619
100.000000, 96.169841
100.000000, 91.023063
100.000000, 85.876285
100.000000, 80.729506
100.000000, 75.582728
100.000000, 70.435950
100.000000, 65.289172
100.000000, 60.142394
100.000000, 54.995616
100.000000, 49.848837
100.000000, 44.702059
100.000000, 39.555281
100.000000, 34.408503
100.000000, 29.261725
100.000000, 24.114947
100.000000, 18.968169
100.000000, 13.821390
100.000000, 8.674612
100.000000, 3.527834
100.000000, 358.381056
100.000000, 353.234278
100.000000, 348.087500
100.000000, 342.940721
100.000000, 337.793943
100.000000, 332.647165
100.000000, 327.500387
100.000000, 322.353609
100.000000, 317.206831
100.000000, 312.060052
100.000000, 306.913274
100.000000, 301.766496
100.000000, 296.619718
100.000000, 291.472940
100.000000, 286.326162
100.000000, 281.179383
100.000000, 276.032605
100.000000, 270.885827
100.000000, 265.739049
100.000000, 260.592271
100.000000, 255.445493
100.000000, 250.298715
100.000000, 245.151936
100.000000, 240.005158
100.000000, 234.858380
100.000000, 229.711602
100.000000, 224.564824
100.000000, 219.418046
100.000000, 214.271267
100.000000, 209.124489
100.000000, 203.977711
100.000000, 198.830933
100.000000, 193.684155
100.000000, 188.537377
100.000000, 183.390598
100.000000, 178.243820
100.000000, 173.097042
100.000000, 167.950264
100.000000, 162.803486
100.000000, 157.656708
100.000000, 152.509929
100.000000, 147.363151
100.000000, 142.216373
100.000000, 137.069595
100.000000, 131.922817
100.000000, 126.776039
100.000000, 121.629261
100.000000, 116.482482
100.000000, 111.335704
100.000000, 106.188926
100.000000, 101.042148
100.000000, 95.895370
100.000000, 90.748592
100.000000, 85.601813
100.000000, 80.455035
100.000000, 75.308257
100.000000, 70.161479
100.000000, 65.014701
100.000000, 59.867923
100.000000, 54.721144
100.000000, 49.574366
100.000000, 44.427588
100.000000, 39.280810
100.000000, 34.134032
100.000000, 28.987254
100.000000, 23.840475
100.000000, 18.693697
100.000000, 13.546919
100.000000, 8.400141
100.000000, 3.253363
100.000000, 358.106585
100.000000, 352.959807
100.000000, 347.813028
100.000000, 342.666250
100.000000, 337.519472
100.000000, 332.372694
100.000000, 327.225916
100.000000, 322.079138
100.000000, 316.932359
100.000000, 311.785581
100.000000, 306.638803
100.000000, 301.492025
100.000000, 296.345247
100.000000, 291.198469
100.000000, 286.051690
100.000000, 280.904912
100.000000, 275.758134
100.000000, 270.611356
100.000000, 265.464578
100.000000, 260.317800
100.000000, 255.171021
100.000000, 250.024243
100.000000, 244.877465
100.000000, 239.730687
100.000000, 234.583909
100.000000, 229.437131
100.000000, 224.290353
100.000000, 219.143574
100.000000, 213.996796
100.000000, 208.850018
100.000000, 203.703240
100.000000, 198.556462
100.000000, 193.409684
100.000000, 188.262905
100.000000, 183.116127
100.000000, 177.969349
100.000000, 172.822571
100.000000, 167.675793
100.000000, 162.529015
100.000000, 157.382236
100.000000, 152.235458
100.000000, 147.088680
100.000000, 141.941902
100.000000, 136.795124
100.000000, 131.648346
100.000000, 126.501567
100.000000, 121.354789
100.000000, 116.208011
100.000000, 111.061233
100.000000, 105.914455
100.000000, 100.767677
100.000000, 95.620899
100.000000, 90.474120
100.000000, 85.327342
100.000000, 80.180564
100.000000, 75.033786
100.000000, 69.887008
100.000000, 64.740230
100.000000, 59.593451
100.000000, 54.446673
100.000000, 49.299895
100.000000, 44.153117
100.000000, 39.006339
100.000000, 33.859561
100.000000, 28.712782
100.000000, 23.566004
100.000000, 18.419226
100.000000, 13.272448
100.000000, 8.125670
100.000000, 2.978892
100.000000, 357.832113
100.000000, 352.685335
100.000000, 347.538557
100.000000, 342.391779
100.000000, 337.245001
100.000000, 332.098223
100.000000, 326.951445
100.000000, 321.804666
100.000000, 316.657888
100.000000, 311.511110
100.000000, 306.364332
100.000000, 301.217554
100.000000, 296.070776
100.000000, 290.923997
100.000000, 285.777219
100.000000, 280.630441
100.000000, 275.483663
100.000000, 270.336885
100.000000, 265.190107
100.000000, 260.043328
100.000000, 254.896550
100.000000, 249.749772
100.000000, 244.602994
100.000000, 239.456216
100.000000, 234.309438
100.000000, 229.162659
100.000000, 224.015881
100.000000, 218.869103
100.000000, 213.722325
100.000000, 208.575547
100.000000, 203.428769
100.000000, 198.281991
100.000000, 193.135212
100.000000, 187.988434
100.000000, 182.841656
100.000000, 177.694878
100.000000, 172.548100
100.000000, 167.401322
100.000000, 162.254543
100.000000, 157.107765
100.000000, 151.960987
100.000000, 146.814209
100.000000, 141.667431
100.000000, 136.520653
100.000000, 131.373874
100.000000, 126.227096
100.000000, 121.080318
100.000000, 115.933540
100.000000, 110.786762
100.000000, 105.639984
100.000000, 100.493205
100.000000, 95.346427
100.000000, 90.199649
100.000000, 85.052871
100.000000, 79.906093
100.000000, 74.759315
100.000000, 69.612537
100.000000, 64.465758
100.000000, 59.318980
100.000000, 54.172202
100.000000, 49.025424
100.000000, 43.878646
100.000000, 38.731868
100.000000, 33.585089
100.000000, 28.438311
100.000000, 23.291533
100.000000, 18.144755
100.000000, 12.997977
100.000000, 7.851199
100.000000, 2.704420
100.000000, 357.557642
100.000000, 352.410864
100.000000, 347.264086
100.000000, 342.117308
100.000000, 336.970530
100.000000, 331.823751
100.000000, 326.676973
100.000000, 321.530195
100.000000, 316.383417
100.000000, 311.236639
100.000000, 306.089861
100.000000, 300.943083
100.000000, 295.796304
100.000000, 290.649526
100.000000, 285.502748
100.000000, 280.355970
100.000000, 275.209192
100.000000, 270.062414
100.000000, 264.915635
100.000000, 259.768857
100.000000, 254.622079
100.000000, 249.475301
100.000000, 244.328523
100.000000, 239.181745
100.000000, 234.034966
100.000000, 228.888188
100.000000, 223.741410
100.000000, 218.594632
100.000000, 213.447854
100.000000, 208.301076
100.000000, 203.154297
100.000000, 198.007519
100.000000, 192.860741
100.000000, 187.713963
100.000000, 182.567185
100.000000, 177.420407
100.000000, 172.273629
100.000000, 167.126850
100.000000, 161.980072
100.000000, 156.833294
100.000000, 151.686516
100.000000, 146.539738
100.000000, 141.392960
100.000000, 136.246181
100.000000, 131.099403
100.000000, 125.952625
100.000000, 120.805847
100.000000, 115.659069
100.000000, 110.512291
100.000000, 105.365512
100.000000, 100.218734
100.000000, 95.071956
100.000000, 89.925178
100.000000, 84.778400
100.000000, 79.631622
100.000000, 74.484843
100.000000, 69.338065
100.000000, 64.191287
100.000000, 59.044509
100.000000, 53.897731
100.000000, 48.750953
100.000000, 43.604175
100.000000, 38.457396
100.000000, 33.310618
100.000000, 28.163840
100.000000, 23.017062
100.000000, 17.870284
100.000000, 12.723506
100.000000, 7.576727
100.000000, 2.429949
100.000000, 357.283171
100.000000, 352.136393
100.000000, 346.989615
100.000000, 341.842837
100.000000, 336.696058
100.000000, 331.549280
100.000000, 326.402502
100.000000, 321.255724
100.000000, 316.108946
100.000000, 310.962168
100.000000, 305.815389
100.000000, 300.668611
100.000000, 295.521833
100.000000, 290.375055
100.000000, 285.228277
100.000000, 280.081499
100.000000, 274.934721
100.000000, 269.787942
100.000000, 264.641164
100.000000, 259.494386
100.000000, 254.347608
100.000000, 249.200830
100.000000, 244.054052
100.000000, 238.907273
100.000000, 233.760495
100.000000, 228.613717
100.000000, 223.466939
100.000000, 218.320161
100.000000, 213.173383
100.000000, 208.026604
100.000000, 202.879826
100.000000, 197.733048
100.000000, 192.586270
100.000000, 187.439492
100.000000, 182.292714
100.000000, 177.145935
100.000000, 171.999157
100.000000, 166.852379
100.000000, 161.705601
100.000000, 156.558823
100.000000, 151.412045
100.000000, 146.265267
100.000000, 141.118488
100.000000, 135.971710
100.000000, 130.824932
100.000000, 125.678154
100.000000, 120.531376
100.000000, 115.384598
100.000000, 110.237819
100.000000, 105.091041
100.000000, 99.944263
100.000000, 94.797485
100.000000, 89.650707
100.000000, 84.503929
100.000000, 79.357150
100.000000, 74.210372
100.000000, 69.063594
100.000000, 63.916816
100.000000, 58.770038
100.000000, 53.623260
100.000000, 48.476481
100.000000, 43.329703
100.000000, 38.182925
100.000000, 33.036147
100.000000, 27.889369
100.000000, 22.742591
100.000000, 17.595813
100.000000, 12.449034
100.000000, 7.302256
100.000000, 2.155478
100.000000, 357.008700
100.000000, 351.861922
100.000000, 346.715144
100.000000, 341.568365
100.000000, 336.421587
100.000000, 331.274809
100.000000, 326.128031
100.000000, 320.981253
100.000000, 315.834475
100.000000, 310.687696
100.000000, 305.540918
100.000000, 300.394140
100.000000, 295.247362
100.000000, 290.100584
100.000000, 284.953806
100.000000, 279.807027
100.000000, 274.660249
100.000000, 269.513471
100.000000, 264.366693
100.000000, 259.219915
100.000000, 254.073137
100.000000, 248.926359
100.000000, 243.779580
100.000000, 238.632802
100.000000, 233.486024
100.000000, 228.339246
100.000000, 223.192468
100.000000, 218.045690
100.000000, 212.898911
100.000000, 207.752133
100.000000, 202.605355
100.000000, 197.458577
100.000000, 192.311799
100.000000, 187.165021
100.000000, 182.018242
100.000000, 176.871464
100.000000, 171.724686
100.000000, 166.577908
100.000000, 161.431130
100.000000, 156.284352
100.000000, 151.137573
100.000000, 145.990795
100.000000, 140.844017
100.000000, 135.697239
100.000000, 130.550461
100.000000, 125.403683
100.000000, 120.256905
100.000000, 115.110126
100.000000, 109.963348
100.000000, 104.816570
100.000000, 99.669792
100.000000, 94.523014
100.000000, 89.376236
100.000000, 84.229457
100.000000, 79.082679
100.000000, 73.935901
100.000000, 68.789123
100.000000, 63.642345
100.000000, 58.495567
100.000000, 53.348788
100.000000, 48.202010
100.000000, 43.055232
100.000000, 37.908454
100.000000, 32.761676
100.000000, 27.614898
100.000000, 22.468119
100.000000, 17.321341
100.000000, 12.174563
100.000000, 7.027785
100.000000, 1.881007
100.000000, 356.734229
100.000000, 351.587451
100.000000, 346.440672
100.000000, 341.293894
100.000000, 336.147116
100.000000, 331.000338
100.000000, 325.853560
100.000000, 320.706782
100.000000, 315.560003
100.000000, 310.413225
100.000000, 305.266447
100.000000, 300.119669
100.000000, 294.972891
100.000000, 289.826113
100.000000, 284.679334
100.000000, 279.532556
100.000000, 274.385778
100.000000, 269.239000
100.000000, 264.092222
100.000000, 258.945444
100.000000, 253.798665
100.000000, 248.651887
100.000000, 243.505109
100.000000, 238.358331
100.000000, 233.211553
100.000000, 228.064775
100.000000, 222.917997
100.000000, 217.771218
100.000000, 212.624440
100.000000, 207.477662
100.000000, 202.330884
100.000000, 197.184106
100.000000, 192.037328
100.000000, 186.890549
100.000000, 181.743771
100.000000, 176.596993
100.000000, 171.450215
100.000000, 166.303437
100.000000, 161.156659
100.000000, 156.009880
100.000000, 150.863102
100.000000, 145.716324
100.000000, 140.569546
100.000000, 135.422768
100.000000, 130.275990
100.000000, 125.129211
100.000000, 119.982433
100.000000, 114.835655
100.000000, 109.688877
100.000000, 104.542099
100.000000, 99.395321
100.000000, 94.248543
100.000000, 89.101764
100.000000, 83.954986
100.000000, 78.808208
100.000000, 73.661430
100.000000, 68.514652
100.000000, 63.367874
100.000000, 58.221095
100.000000, 53.074317
100.000000, 47.927539
100.000000, 42.780761
100.000000, 37.633983
100.000000, 32.487205
100.000000, 27.340426
100.000000, 22.193648
100.000000, 17.046870
100.000000, 11.900092
100.000000, 6.753314
100.000000, 1.606536
100.000000, 356.459757
100.000000, 351.312979
100.000000, 346.166201
100.000000, 341.019423
100.000000, 335.872645
100.000000, 330.725867
100.000000, 325.579089
100.000000, 320.432310
100.000000, 315.285532
100.000000, 310.138754
100.000000, 304.991976
100.000000, 299.845198
100.000000, 294.698420
100.000000, 289.551641
100.000000, 284.404863
100.000000, 279.258085
100.000000, 274.111307
100.000000, 268.964529
100.000000, 263.817751
100.000000, 258.670972
100.000000, 253.524194
100.000000, 248.377416
100.000000, 243.230638
100.000000, 238.083860
100.000000, 232.937082
100.000000, 227.790303
100.000000, 222.643525
100.000000, 217.496747
100.000000, 212.349969
100.000000, 207.203191
100.000000, 202.056413
100.000000, 196.909635
100.000000, 191.762856
100.000000, 186.616078
100.000000, 181.469300
100.000000, 176.322522
100.000000, 171.175744
100.000000, 166.028966
100.000000, 160.882187
100.000000, 155.735409
100.000000, 150.588631
100.000000, 145.441853
100.000000, 140.295075
100.000000, 135.148297
100.000000, 130.001518
100.000000, 124.854740
100.000000, 119.707962
100.000000, 114.561184
100.000000, 109.414406
100.000000, 104.267628
100.000000, 99.120849
100.000000, 93.974071
100.000000, 88.827293
100.000000, 83.680515
100.000000, 78.533737
100.000000, 73.386959
100.000000, 68.240181
100.000000, 63.093402
100.000000, 57.946624
100.000000, 52.799846
100.000000, 47.653068
100.000000, 42.506290
100.000000, 37.359512
100.000000, 32.212733
100.000000, 27.065955
100.000000, 21.919177
100.000000, 16.772399
100.000000, 11.625621
100.000000, 6.478843
100.000000, 1.332064
100.000000, 356.185286
100.000000, 351.038508
100.000000, 345.891730
100.000000, 340.744952
100.000000, 335.598174
100.000000, 330.451395
100.000000, 325.304617
100.000000, 320.157839
100.000000, 315.011061
100.000000, 309.864283
100.000000, 304.717505
100.000000, 299.570727
100.000000, 294.423948
100.000000, 289.277170
100.000000, 284.130392
100.000000, 278.983614
100.000000, 273.836836
100.000000, 268.690058
100.000000, 263.543279
100.000000, 258.396501
100.000000, 253.249723
100.000000, 248.102945
100.000000, 242.956167
100.000000, 237.809389
100.000000, 232.662610
100.000000, 227.515832
100.000000, 222.369054
100.000000, 217.222276
100.000000, 212.075498
100.000000, 206.928720
100.000000, 201.781941
100.000000, 196.635163
100.000000, 191.488385
100.000000, 186.341607
100.000000, 181.194829
100.000000, 176.048051
100.000000, 170.901273
100.000000, 165.754494
100.000000, 160.607716
100.000000, 155.460938
100.000000, 150.314160
100.000000, 145.167382
100.000000, 140.020604
100.000000, 134.873825
100.000000, 129.727047
100.000000, 124.580269
100.000000, 119.433491
100.000000, 114.286713
100.000000, 109.139935
100.000000, 103.993156
100.000000, 98.846378
100.000000, 93.699600
100.000000, 88.552822
100.000000, 83.406044
100.000000, 78.259266
100.000000, 73.112487
100.000000, 67.965709
100.000000, 62.818931
100.000000, 57.672153
100.000000, 52.525375
100.000000, 47.378597
100.000000, 42.231819
100.000000, 37.085040
100.000000, 31.938262
100.000000, 26.791484
100.000000, 21.644706
100.000000, 16.497928
100.000000, 11.351150
100.000000, 6.204371
100.000000, 1.057593
100.000000, 355.910815
100.000000, 350.764037
100.000000, 345.617259
100.000000, 340.470481
100.000000, 335.323702
100.000000, 330.176924
100.000000, 325.030146
100.000000, 319.883368
100.000000, 314.736590
100.000000, 309.589812
100.000000, 304.443033
100.000000, 299.296255
100.000000, 294.149477
100.000000, 289.002699
100.000000, 283.855921
100.000000, 278.709143
100.000000, 273.562365
100.000000, 268.415586
100.000000, 263.268808
100.000000, 258.122030
100.000000, 252.975252
100.000000, 247.828474
100.000000, 242.681696
100.000000, 237.534917
100.000000, 232.388139
100.000000, 227.241361
100.000000, 222.094583
100.000000, 216.947805
100.000000, 211.801027
100.000000, 206.654248
100.000000, 201.507470
100.000000, 196.360692
100.000000, 191.213914
100.000000, 186.067136
100.000000, 180.920358
100.000000, 175.773579
100.000000, 170.626801
100.000000, 165.480023
100.000000, 160.333245
100.000000, 155.186467
100.000000, 150.039689
100.000000, 144.892911
100.000000, 139.746132
100.000000, 134.599354
100.000000, 129.452576
100.000000, 124.305798
100.000000, 119.159020
100.000000, 114.012242
100.000000, 108.865463
100.000000, 103.718685
100.000000, 98.571907
100.000000, 93.425129
100.000000, 88.278351
100.000000, 83.131573
100.000000, 77.984794
100.000000, 72.838016
100.000000, 67.691238
100.000000, 62.544460
100.000000, 57.397682
100.000000, 52.250904
100.000000, 47.104125
100.000000, 41.957347
100.000000, 36.810569
100.000000, 31.663791
100.000000, 26.517013
100.000000, 21.370235
100.000000, 16.223457
100.000000, 11.076678
100.000000, 5.929900
100.000000, 0.783122
100.000000, 355.636344
100.000000, 350.489566
100.000000, 345.342788
100.000000, 340.196009
100.000000, 335.049231
100.000000, 329.902453
100.000000, 324.755675
100.000000, 319.608897
100.000000, 314.462119
100.000000, 309.315340
100.000000, 304.168562
100.000000, 299.021784
100.000000, 293.875006
100.000000, 288.728228
100.000000, 283.581450
100.000000, 278.434671
100.000000, 273.287893
100.000000, 268.141115
100.000000, 262.994337
100.000000, 257.847559
100.000000, 252.700781
100.000000, 247.554003
100.000000, 242.407224
100.000000, 237.260446
100.000000, 232.113668
100.000000, 226.966890
100.000000, 221.820112
100.000000, 216.673334
100.000000, 211.526555
100.000000, 206.379777
100.000000, 201.232999
100.000000, 196.086221
100.000000, 190.939443
100.000000, 185.792665
100.000000, 180.645886
100.000000, 175.499108
100.000000, 170.352330
100.000000, 165.205552
100.000000, 160.058774
100.000000, 154.911996
100.000000, 149.765217
100.000000, 144.618439
100.000000, 139.471661
100.000000, 134.324883
100.000000, 129.178105
100.000000, 124.031327
100.000000, 118.884549
100.000000, 113.737770
100.000000, 108.590992
100.000000, 103.444214
100.000000, 98.297436
100.000000, 93.150658
100.000000, 88.003880
100.000000, 82.857101
100.000000, 77.710323
100.000000, 72.563545
100.000000, 67.416767
100.000000, 62.269989
100.000000, 57.123211
100.000000, 51.976432
100.000000, 46.829654
100.000000, 41.682876
100.000000, 36.536098
100.000000, 31.389320
100.000000, 26.242542
100.000000, 21.095763
100.000000, 15.948985
100.000000, 10.802207
100.000000, 5.655429
100.000000, 0.508651
100.000000, 355.361873
100.000000, 350.215095
100.000000, 345.068316
100.000000, 339.921538
100.000000, 334.774760
100.000000, 329.627982
100.000000, 324.481204
100.000000, 319.334426
100.000000, 314.187647
100.000000, 309.040869
100.000000, 303.894091
100.000000, 298.747313
100.000000, 293.600535
100.000000, 288.453757
100.000000, 283.306978
100.000000, 278.160200
100.000000, 273.013422
100.000000, 267.866644
100.000000, 262.719866
100.000000, 257.573088
100.000000, 252.426309
100.000000, 247.279531
100.000000, 242.132753
100.000000, 236.985975
100.000000, 231.839197
100.000000, 226.692419
100.000000, 221.545641
100.000000, 216.398862
100.000000, 211.252084
100.000000, 206.105306
100.000000, 200.958528
100.000000, 195.811750
100.000000, 190.664972
100.000000, 185.518193
100.000000, 180.371415
100.000000, 175.224637
100.000000, 170.077859
100.000000, 164.931081
100.000000, 159.784303
100.000000, 154.637524
100.000000, 149.490746
100.000000, 144.343968
100.000000, 139.197190
100.000000, 134.050412
100.000000, 128.903634
100.000000, 123.756855
100.000000, 118.610077
100.000000, 113.463299
100.000000, 108.316521
100.000000, 103.169743
100.000000, 98.022965
100.000000, 92.876187
100.000000, 87.729408
100.000000, 82.582630
100.000000, 77.435852
100.000000, 72.289074
100.000000, 67.142296
100.000000, 61.995518
100.000000, 56.848739
100.000000, 51.701961
100.000000, 46.555183
100.000000, 41.408405
100.000000, 36.261627
100.000000, 31.114849
100.000000, 25.968070
100.000000, 20.821292
100.000000, 15.674514
100.000000, 10.527736
100.000000, 5.380958
100.000000, 0.234180
100.000000, 355.087401
100.000000, 349.940623
100.000000, 344.793845
100.000000, 339.647067
100.000000, 334.500289
100.000000, 329.353511
100.000000, 324.206733
100.000000, 319.059954
100.000000, 313.913176
100.000000, 308.766398
100.000000, 303.619620
100.000000, 298.472842
100.000000, 293.326064
100.000000, 288.179285
100.000000, 283.032507
100.000000, 277.885729
100.000000, 272.738951
100.000000, 267.592173
100.000000, 262.445395
100.000000, 257.298616
100.000000, 252.151838
100.000000, 247.005060
100.000000, 241.858282
100.000000, 236.711504
100.000000, 231.564726
100.000000, 226.417947
100.000000, 221.271169
100.000000, 216.124391
100.000000, 210.977613
100.000000, 205.830835
100.000000, 200.684057
100.000000, 195.537279
100.000000, 190.390500
100.000000, 185.243722
100.000000, 180.096944
100.000000, 174.950166
100.000000, 169.803388
100.000000, 164.656610
100.000000, 159.509831
100.000000, 154.363053
100.000000, 149.216275
100.000000, 144.069497
100.000000, 138.922719
100.000000, 133.775941
100.000000, 128.629162
100.000000, 123.482384
100.000000, 118.335606
100.000000, 113.188828
100.000000, 108.042050
100.000000, 102.895272
100.000000, 97.748493
100.000000, 92.601715
100.000000, 87.454937
100.000000, 82.308159
100.000000, 77.161381
100.000000, 72.014603
100.000000, 66.867825
100.000000, 61.721046
100.000000, 56.574268
100.000000, 51.427490
100.000000, 46.280712
100.000000, 41.133934
100.000000, 35.987156
100.000000, 30.840377
100.000000, 25.693599
100.000000, 20.546821
100.000000, 15.400043
100.000000, 10.253265
100.000000, 5.106487
100.000000, 359.959708
100.000000, 354.812930
100.000000, 349.666152
100.000000, 344.519374
100.000000, 339.372596
100.000000, 334.225818
100.000000, 329.079039
100.000000, 323.932261
100.000000, 318.785483
100.000000, 313.638705
100.000000, 308.491927
100.000000, 303.345149
100.000000, 298.198371
100.000000, 293.051592
100.000000, 287.904814
100.000000, 282.758036
100.000000, 277.611258
100.000000, 272.464480
100.000000, 267.317702
100.000000, 262.170923
100.000000, 257.024145
100.000000, 251.877367
100.000000, 246.730589
100.000000, 241.583811
100.000000, 236.437033
100.000000, 231.290254
100.000000, 226.143476
100.000000, 220.996698
100.000000, 215.849920
100.000000, 210.703142
100.000000, 205.556364
100.000000, 200.409585
100.000000, 195.262807
100.000000, 190.116029
100.000000, 184.969251
100.000000, 179.822473
100.000000, 174.675695
100.000000, 169.528917
100.000000, 164.382138
100.000000, 159.235360
100.000000, 154.088582
100.000000, 148.941804
100.000000, 143.795026
100.000000, 138.648248
100.000000, 133.501469
100.000000, 128.354691
100.000000, 123.207913
100.000000, 118.061135
100.000000, 112.914357
100.000000, 107.767579
100.000000, 102.620800
100.000000, 97.474022
100.000000, 92.327244
100.000000, 87.180466
100.000000, 82.033688
100.000000, 76.886910
100.000000, 71.740131
100.000000, 66.593353
100.000000, 61.446575
100.000000, 56.299797
100.000000, 51.153019
100.000000, 46.006241
100.000000, 40.859463
100.000000, 35.712684
100.000000, 30.565906
100.000000, 25.419128
100.000000, 20.272350
100.000000, 15.125572
100.000000, 9.978794
100.000000, 4.832015
100.000000, 359.685237
100.000000, 354.538459
100.000000, 349.391681
100.000000, 344.244903
100.000000, 339.098125
100.000000, 333.951346
100.000000, 328.804568
100.000000, 323.657790
100.000000, 318.511012
100.000000, 313.364234
100.000000, 308.217456
100.000000, 303.070677
100.000000, 297.923899
100.000000, 292.777121
100.000000, 287.630343
100.000000, 282.483565
100.000000, 277.336787
100.000000, 272.190009
100.000000, 267.043230
100.000000, 261.896452
100.000000, 256.749674
100.000000, 251.602896
100.000000, 246.456118
100.000000, 241.309340
100.000000, 236.162561
100.000000, 231.015783
100.000000, 225.869005
100.000000, 220.722227
100.000000, 215.575449
100.000000, 210.428671
100.000000, 205.281892
100.000000, 200.135114
100.000000, 194.988336
100.000000, 189.841558
100.000000, 184.694780
100.000000, 179.548002
100.000000, 174.401223
100.000000, 169.254445
100.000000, 164.107667
100.000000, 158.960889
100.000000, 153.814111
100.000000, 148.667333
100.000000, 143.520555
100.000000, 138.373776
100.000000, 133.226998
100.000000, 128.080220
100.000000, 122.933442
100.000000, 117.786664
100.000000, 112.639886
100.000000, 107.493107
100.000000, 102.346329
100.000000, 97.199551
100.000000, 92.052773
100.000000, 86.905995
100.000000, 81.759217
100.000000, 76.612438
100.000000, 71.465660
100.000000, 66.318882
100.000000, 61.172104
100.000000, 56.025326
100.000000, 50.878548
100.000000, 45.731769
100.000000, 40.584991
100.000000, 35.438213
100.000000, 30.291435
100.000000, 25.144657
100.000000, 19.997879
100.000000, 14.851101
100.000000, 9.704322
100.000000, 4.557544
100.000000, 359.410766
100.000000, 354.263988
100.000000, 349.117210
100.000000, 343.970432
100.000000, 338.823653
100.000000, 333.676875
100.000000, 328.530097
100.000000, 323.383319
100.000000, 318.236541
100.000000, 313.089763
100.000000, 307.942984
100.000000, 302.796206
100.000000, 297.649428
100.000000, 292.502650
100.000000, 287.355872
100.000000, 282.209094
100.000000, 277.062315
100.000000, 271.915537
100.000000, 266.768759
100.000000, 261.621981
100.000000, 256.475203
100.000000, 251.328425
100.000000, 246.181647
100.000000, 241.034868
100.000000, 235.888090
100.000000, 230.741312
100.000000, 225.594534
100.000000, 220.447756
100.000000, 215.300978
100.000000, 210.154199
100.000000, 205.007421
100.000000, 199.860643
100.000000, 194.713865
100.000000, 189.567087
100.000000, 184.420309
100.000000, 179.273530
100.000000, 174.126752
100.000000, 168.979974
100.000000, 163.833196
100.000000, 158.686418
100.000000, 153.539640
100.000000, 148.392861
100.000000, 143.246083
100.000000, 138.099305
100.000000, 132.952527
100.000000, 127.805749
100.000000, 122.658971
100.000000, 117.512193
100.000000, 112.365414
100.000000, 107.218636
100.000000, 102.071858
100.000000, 96.925080
100.000000, 91.778302
100.000000, 86.631524
100.000000, 81.484745
100.000000, 76.337967
100.000000, 71.191189
100.000000, 66.044411
100.000000, 60.897633
100.000000, 55.750855
100.000000, 50.604076
100.000000, 45.457298
100.000000, 40.310520
100.000000, 35.163742
100.000000, 30.016964
100.000000, 24.870186
100.000000, 19.723407
100.000000, 14.576629
100.000000, 9.429851
100.000000, 4.283073
100.000000, 359.136295
100.000000, 353.989517
100.000000, 348.842739
100.000000, 343.695960
100.000000, 338.549182
100.000000, 333.402404
100.000000, 328.255626
100.000000, 323.108848
100.000000, 317.962070
100.000000, 312.815291
100.000000, 307.668513
100.000000, 302.521735
100.000000, 297.374957
100.000000, 292.228179
100.000000, 287.081401
100.000000, 281.934622
100.000000, 276.787844
100.000000, 271.641066
100.000000, 266.494288
100.000000, 261.347510
100.000000, 256.200732
100.000000, 251.053953
100.000000, 245.907175
100.000000, 240.760397
100.000000, 235.613619
100.000000, 230.466841
100.000000, 225.320063
100.000000, 220.173285
100.000000, 215.026506
100.000000, 209.879728
100.000000, 204.732950
100.000000, 199.586172
100.000000, 194.439394
100.000000, 189.292616
100.000000, 184.145837
100.000000, 178.999059
100.000000, 173.852281
100.000000, 168.705503
100.000000, 163.558725
100.000000, 158.411947
100.000000, 153.265168
100.000000, 148.118390
100.000000, 142.971612
100.000000, 137.824834
100.000000, 132.678056
100.000000, 127.531278
100.000000, 122.384499
100.000000, 117.237721
100.000000, 112.090943
100.000000, 106.944165
100.000000, 101.797387
100.000000, 96.650609
100.000000, 91.503831
100.000000, 86.357052
100.000000, 81.210274
100.000000, 76.063496
100.000000, 70.916718
100.000000, 65.769940
100.000000, 60.623162
100.000000, 55.476383
100.000000, 50.329605
100.000000, 45.182827
100.000000, 40.036049
100.000000, 34.889271
100.000000, 29.742493
100.000000, 24.595714
100.000000, 19.448936
100.000000, 14.302158
100.000000, 9.155380
100.000000, 4.008602
100.000000, 358.861824
100.000000, 353.715045
100.000000, 348.568267
100.000000, 343.421489
100.000000, 338.274711
100.000000, 333.127933
100.000000, 327.981155
100.000000, 322.834377
100.000000, 317.687598
100.000000, 312.540820
100.000000, 307.394042
100.000000, 302.247264
100.000000, 297.100486
100.000000, 291.953708
100.000000, 286.806929
100.000000, 281.660151
100.000000, 276.513373
100.000000, 271.366595
100.000000, 266.219817
100.000000, 261.073039
100.000000, 255.926260
100.000000, 250.779482
100.000000, 245.632704
100.000000, 240.485926
100.000000, 235.339148
100.000000, 230.192370
100.000000, 225.045591
100.000000, 219.898813
100.000000, 214.752035
100.000000, 209.605257
100.000000, 204.458479
100.000000, 199.311701
100.000000, 194.164923
100.000000, 189.018144
100.000000, 183.871366
100.000000, 178.724588
100.000000, 173.577810
100.000000, 168.431032
100.000000, 163.284254
100.000000, 158.137475
100.000000, 152.990697
100.000000, 147.843919
100.000000, 142.697141
100.000000, 137.550363
100.000000, 132.403585
100.000000, 127.256806
100.000000, 122.110028
100.000000, 116.963250
100.000000, 111.816472
100.000000, 106.669694
100.000000, 101.522916
100.000000, 96.376137
100.000000, 91.229359
100.000000, 86.082581
100.000000, 80.935803
100.000000, 75.789025
100.000000, 70.642247
100.000000, 65.495469
100.000000, 60.348690
100.000000, 55.201912
100.000000, 50.055134
100.000000, 44.908356
100.000000, 39.761578
100.000000, 34.614800
100.000000, 29.468021
100.000000, 24.321243
100.000000, 19.174465
100.000000, 14.027687
100.000000, 8.880909
100.000000, 3.734131
100.000000, 358.587352
100.000000, 353.440574
100.000000, 348.293796
100.000000, 343.147018
100.000000, 338.000240
100.000000, 332.853462
100.000000, 327.706683
100.000000, 322.559905
100.000000, 317.413127
100.000000, 312.266349
100.000000, 307.119571
100.000000, 301.972793
100.000000, 296.826015
100.000000, 291.679236
100.000000, 286.532458
100.000000, 281.385680
100.000000, 276.238902
100.000000, 271.092124
100.000000, 265.945346
100.000000, 260.798567
100.000000, 255.651789
100.000000, 250.505011
100.000000, 245.358233
100.000000, 240.211455
100.000000, 235.064677
100.000000, 229.917898
100.000000, 224.771120
100.000000, 219.624342
100.000000, 214.477564
100.000000, 209.330786
100.000000, 204.184008
100.000000, 199.037229
100.000000, 193.890451
100.000000, 188.743673
100.000000, 183.596895
100.000000, 178.450117
100.000000, 173.303339
100.000000, 168.156561
100.000000, 163.009782
100.000000, 157.863004
100.000000, 152.716226
100.000000, 147.569448
100.000000, 142.422670
100.000000, 137.275892
100.000000, 132.129113
100.000000, 126.982335
100.000000, 121.835557
100.000000, 116.688779
100.000000, 111.542001
100.000000, 106.395223
100.000000, 101.248444
100.000000, 96.101666
100.000000, 90.954888
100.000000, 85.808110
100.000000, 80.661332
100.000000, 75.514554
100.000000, 70.367775
100.000000, 65.220997
100.000000, 60.074219
100.000000, 54.927441
100.000000, 49.780663
100.000000, 44.633885
100.000000, 39.487107
100.000000, 34.340328
100.000000, 29.193550
100.000000, 24.046772
100.000000, 18.899994
100.000000, 13.753216
100.000000, 8.606438
100.000000, 3.459659
100.000000, 358.312881
100.000000, 353.166103
100.000000, 348.019325
100.000000, 342.872547
100.000000, 337.725769
100.000000, 332.578990
100.000000, 327.432212
100.000000, 322.285434
100.000000, 317.138656
100.000000, 311.991878
100.000000, 306.845100
100.000000, 301.698321
100.000000, 296.551543
100.000000, 291.404765
100.000000, 286.257987
100.000000, 281.111209
100.000000, 275.964431
100.000000, 270.817653
100.000000, 265.670874
100.000000, 260.524096
100.000000, 255.377318
100.000000, 250.230540
100.000000, 245.083762
100.000000, 239.936984
100.000000, 234.790205
100.000000, 229.643427
100.000000, 224.496649
100.000000, 219.349871
100.000000, 214.203093
100.000000, 209.056315
100.000000, 203.909536
100.000000, 198.762758
100.000000, 193.615980
100.000000, 188.469202
100.000000, 183.322424
100.000000, 178.175646
100.000000, 173.028867
100.000000, 167.882089
100.000000, 162.735311
100.000000, 157.588533
100.000000, 152.441755
100.000000, 147.294977
100.000000, 142.148199
100.000000, 137.001420
100.000000, 131.854642
100.000000, 126.707864
100.000000, 121.561086
100.000000, 116.414308
100.000000, 111.267530
100.000000, 106.120751
100.000000, 100.973973
100.000000, 95.827195
100.000000, 90.680417
100.000000, 85.533639
100.000000, 80.386861
100.000000, 75.240082
100.000000, 70.093304
100.000000, 64.946526
100.000000, 59.799748
100.000000, 54.652970
100.000000, 49.506192
100.000000, 44.359413
100.000000, 39.212635
100.000000, 34.065857
100.000000, 28.919079
100.000000, 23.772301
100.000000, 18.625523
100.000000, 13.478745
100.000000, 8.331966
100.000000, 3.185188
100.000000, 358.038410
100.000000, 352.891632
100.000000, 347.744854
100.000000, 342.598076
100.000000, 337.451297
100.000000, 332.304519
100.000000, 327.157741
100.000000, 322.010963
100.000000, 316.864185
100.000000, 311.717407
100.000000, 306.570628
100.000000, 301.423850
100.000000, 296.277072
100.000000, 291.130294
100.000000, 285.983516
100.000000, 280.836738
100.000000, 275.689959
100.000000, 270.543181
100.000000, 265.396403
100.000000, 260.249625
100.000000, 255.102847
100.000000, 249.956069
100.000000, 244.809291
100.000000, 239.662512
100.000000, 234.515734
100.000000, 229.368956
100.000000, 224.222178
100.000000, 219.075400
100.000000, 213.928622
100.000000, 208.781843
100.000000, 203.635065
100.000000, 198.488287
100.000000, 193.341509
100.000000, 188.194731
100.000000, 183.047953
100.000000, 177.901174
100.000000, 172.754396
100.000000, 167.607618
100.000000, 162.460840
100.000000, 157.314062
100.000000, 152.167284
100.000000, 147.020505
100.000000, 141.873727
100.000000, 136.726949
100.000000, 131.580171
100.000000, 126.433393
100.000000, 121.286615
100.000000, 116.139837
100.000000, 110.993058
100.000000, 105.846280
100.000000, 100.699502
100.000000, 95.552724
100.000000, 90.405946
100.000000, 85.259168
100.000000, 80.112389
100.000000, 74.965611
100.000000, 69.818833
100.000000, 64.672055
100.000000, 59.525277
100.000000, 54.378499
100.000000, 49.231720
100.000000, 44.084942
100.000000, 38.938164
100.000000, 33.791386
100.000000, 28.644608
100.000000, 23.497830
100.000000, 18.351051
100.000000, 13.204273
100.000000, 8.057495
100.000000, 2.910717
100.000000, 357.763939
100.000000, 352.617161
100.000000, 347.470383
100.000000, 342.323604
100.000000, 337.176826
100.000000, 332.030048
100.000000, 326.883270
100.000000, 321.736492
100.000000, 316.589714
100.000000, 311.442935
100.000000, 306.296157
100.000000, 301.149379
100.000000, 296.002601
100.000000, 290.855823
100.000000, 285.709045
100.000000, 280.562266
100.000000, 275.415488
100.000000, 270.268710
100.000000, 265.121932
100.000000, 259.975154
100.000000, 254.828376
100.000000, 249.681597
100.000000, 244.534819
100.000000, 239.388041
100.000000, 234.241263
100.000000, 229.094485
100.000000, 223.947707
100.000000, 218.800929
100.000000, 213.654150
100.000000, 208.507372
100.000000, 203.360594
100.000000, 198.213816
100.000000, 193.067038
100.000000, 187.920260
100.000000, 182.773481
100.000000, 177.626703
100.000000, 172.479925
100.000000, 167.333147
100.000000, 162.186369
100.000000, 157.039591
100.000000, 151.892812
100.000000, 146.746034
100.000000, 141.599256
100.000000, 136.452478
100.000000, 131.305700
100.000000, 126.158922
100.000000, 121.012143
100.000000, 115.865365
100.000000, 110.718587
100.000000, 105.571809
100.000000, 100.425031
100.000000, 95.278253
100.000000, 90.131475
100.000000, 84.984696
100.000000, 79.837918
100.000000, 74.691140
100.000000, 69.544362
100.000000, 64.397584
100.000000, 59.250806
100.000000, 54.104027
100.000000, 48.957249
100.000000, 43.810471
100.000000, 38.663693
100.000000, 33.516915
100.000000, 28.370137
100.000000, 23.223358
100.000000, 18.076580
100.000000, 12.929802
100.000000, 7.783024
100.000000, 2.636246
100.000000, 357.489468
100.000000, 352.342689
100.000000, 347.195911
100.000000, 342.049133
100.000000, 336.902355
100.000000, 331.755577
100.000000, 326.608799
100.000000, 321.462021
100.000000, 316.315242
100.000000, 311.168464
100.000000, 306.021686
100.000000, 300.874908
100.000000, 295.728130
100.000000, 290.581352
100.000000, 285.434573
100.000000, 280.287795
100.000000, 275.141017
100.000000, 269.994239
100.000000, 264.847461
100.000000, 259.700683
100.000000, 254.553904
100.000000, 249.407126
100.000000, 244.260348
100.000000, 239.113570
100.000000, 233.966792
100.000000, 228.820014
100.000000, 223.673235
100.000000, 218.526457
100.000000, 213.379679
100.000000, 208.232901
100.000000, 203.086123
100.000000, 197.939345
100.000000, 192.792567
100.000000, 187.645788
100.000000, 182.499010
100.000000, 177.352232
100.000000, 172.205454
100.000000, 167.058676
100.000000, 161.911898
100.000000, 156.765119
100.000000, 151.618341
100.000000, 146.471563
100.000000, 141.324785
100.000000, 136.178007
100.000000, 131.031229
100.000000, 125.884450
100.000000, 120.737672
100.000000, 115.590894
100.000000, 110.444116
100.000000, 105.297338
100.000000, 100.150560
100.000000, 95.003781
100.000000, 89.857003
100.000000, 84.710225
100.000000, 79.563447
100.000000, 74.416669
100.000000, 69.269891
100.000000, 64.123113
100.000000, 58.976334
100.000000, 53.829556
100.000000, 48.682778
100.000000, 43.536000
100.000000, 38.389222
100.000000, 33.242444
100.000000, 28.095665
100.000000, 22.948887
100.000000, 17.802109
100.000000, 12.655331
100.000000, 7.508553
100.000000, 2.361775
100.000000, 357.214996
100.000000, 352.068218
100.000000, 346.921440
100.000000, 341.774662
100.000000, 336.627884
100.000000, 331.481106
100.000000, 326.334327
100.000000, 321.187549
100.000000, 316.040771
100.000000, 310.893993
100.000000, 305.747215
100.000000, 300.600437
100.000000, 295.453659
100.000000, 290.306880
100.000000, 285.160102
100.000000, 280.013324
100.000000, 274.866546
100.000000, 269.719768
100.000000, 264.572990
100.000000, 259.426211
100.000000, 254.279433
100.000000, 249.132655
100.000000, 243.985877
100.000000, 238.839099
100.000000, 233.692321
100.000000, 228.545542
100.000000, 223.398764
100.000000, 218.251986
100.000000, 213.105208
100.000000, 207.958430
100.000000, 202.811652
100.000000, 197.664873
100.000000, 192.518095
100.000000, 187.371317
100.000000, 182.224539
100.000000, 177.077761
100.000000, 171.930983
100.000000, 166.784205
100.000000, 161.637426
100.000000, 156.490648
100.000000, 151.343870
100.000000, 146.197092
100.000000, 141.050314
100.000000, 135.903536
100.000000, 130.756757
100.000000, 125.609979
100.000000, 120.463201
100.000000, 115.316423
100.000000, 110.169645
100.000000, 105.022867
100.000000, 99.876088
100.000000, 94.729310
100.000000, 89.582532
100.000000, 84.435754
100.000000, 79.288976
100.000000, 74.142198
100.000000, 68.995419
100.000000, 63.848641
100.000000, 58.701863
100.000000, 53.555085
100.000000, 48.408307
100.000000, 43.261529
100.000000, 38.114751
100.000000, 32.967972
100.000000, 27.821194
100.000000, 22.674416
100.000000, 17.527638
100.000000, 12.380860
100.000000, 7.234082
100.000000, 2.087303
100.000000, 356.940525
100.000000, 351.793747
100.000000, 346.646969
100.000000, 341.500191
100.000000, 336.353413
100.000000, 331.206634
100.000000, 326.059856
100.000000, 320.913078
100.000000, 315.766300
100.000000, 310.619522
100.000000, 305.472744
100.000000, 300.325965
100.000000, 295.179187
100.000000, 290.032409
100.000000, 284.885631
100.000000, 279.738853
100.000000, 274.592075
100.000000, 269.445297
100.000000, 264.298518
100.000000, 259.151740
100.000000, 254.004962
100.000000, 248.858184
100.000000, 243.711406
100.000000, 238.564628
100.000000, 233.417849
100.000000, 228.271071
100.000000, 223.124293
100.000000, 217.977515
100.000000, 212.830737
100.000000, 207.683959
100.000000, 202.537180
100.000000, 197.390402
100.000000, 192.243624
100.000000, 187.096846
100.000000, 181.950068
100.000000, 176.803290
100.000000, 171.656511
100.000000, 166.509733
100.000000, 161.362955
100.000000, 156.216177
100.000000, 151.069399
100.000000, 145.922621
100.000000, 140.775843
100.000000, 135.629064
100.000000, 130.482286
100.000000, 125.335508
100.000000, 120.188730
100.000000, 115.041952
100.000000, 109.895174
100.000000, 104.748395
100.000000, 99.601617
100.000000, 94.454839
100.000000, 89.308061
100.000000, 84.161283
100.000000, 79.014505
100.000000, 73.867726
100.000000, 68.720948
100.000000, 63.574170
100.000000, 58.427392
100.000000, 53.280614
100.000000, 48.133836
100.000000, 42.987057
100.000000, 37.840279
100.000000, 32.693501
100.000000, 27.546723
100.000000, 22.399945
100.000000, 17.253167
100.000000, 12.106389
100.000000, 6.959610
100.000000, 1.812832
100.000000, 356.666054
100.000000, 351.519276
100.000000, 346.372498
100.000000, 341.225720
100.000000, 336.078941
100.000000, 330.932163
100.000000, 325.785385
100.000000, 320.638607
100.000000, 315.491829
100.000000, 310.345051
100.000000, 305.198272
100.000000, 300.051494
100.000000, 294.904716
100.000000, 289.757938
100.000000, 284.611160
100.000000, 279.464382
100.000000, 274.317603
100.000000, 269.170825
100.000000, 264.024047
100.000000, 258.877269
100.000000, 253.730491
100.000000, 248.583713
100.000000, 243.436935
100.000000, 238.290156
100.000000, 233.143378
100.000000, 227.996600
100.000000, 222.849822
100.000000, 217.703044
100.000000, 212.556266
100.000000, 207.409487
100.000000, 202.262709
100.000000, 197.115931
100.000000, 191.969153
100.000000, 186.822375
100.000000, 181.675597
100.000000, 176.528818
100.000000, 171.382040
100.000000, 166.235262
100.000000, 161.088484
100.000000, 155.941706
100.000000, 150.794928
100.000000, 145.648149
100.000000, 140.501371
100.000000, 135.354593
100.000000, 130.207815
100.000000, 125.061037
100.000000, 119.914259
100.000000, 114.767481
100.000000, 109.620702
100.000000, 104.473924
100.000000, 99.327146
100.000000, 94.180368
100.000000, 89.033590
100.000000, 83.886812
100.000000, 78.740033
100.000000, 73.593255
100.000000, 68.446477
100.000000, 63.299699
100.000000, 58.152921
100.000000, 53.006143
100.000000, 47.859364
100.000000, 42.712586
100.000000, 37.565808
100.000000, 32.419030
100.000000, 27.272252
100.000000, 22.125474
100.000000, 16.978695
100.000000, 11.831917
100.000000, 6.685139
100.000000, 1.538361
100.000000, 356.391583
100.000000, 351.244805
100.000000, 346.098027
100.000000, 340.951248
100.000000, 335.804470
100.000000, 330.657692
100.000000, 325.510914
100.000000, 320.364136
100.000000, 315.217358
100.000000, 310.070579
100.000000, 304.923801
100.000000, 299.777023
100.000000, 294.630245
100.000000, 289.483467
100.000000, 284.336689
100.000000, 279.189910
100.000000, 274.043132
100.000000, 268.896354
100.000000, 263.749576
100.000000, 258.602798
100.000000, 253.456020
100.000000, 248.309241
100.000000, 243.162463
100.000000, 238.015685
100.000000, 232.868907
100.000000, 227.722129
100.000000, 222.575351
100.000000, 217.428573
100.000000, 212.281794
100.000000, 207.135016
100.000000, 201.988238
100.000000, 196.841460
100.000000, 191.694682
100.000000, 186.547904
100.000000, 181.401125
100.000000, 176.254347
100.000000, 171.107569
100.000000, 165.960791
100.000000, 160.814013
100.000000, 155.667235
100.000000, 150.520456
100.000000, 145.373678
100.000000, 140.226900
100.000000, 135.080122
100.000000, 129.933344
100.000000, 124.786566
100.000000, 119.639787
100.000000, 114.493009
100.000000, 109.346231
100.000000, 104.199453
100.000000, 99.052675
100.000000, 93.905897
100.000000, 88.759119
100.000000, 83.612340
100.000000, 78.465562
100.000000, 73.318784
100.000000, 68.172006
100.000000, 63.025228
100.000000, 57.878450
100.000000, 52.731671
100.000000, 47.584893
100.000000, 42.438115
100.000000, 37.291337
100.000000, 32.144559
100.000000, 26.997781
100.000000, 21.851002
100.000000, 16.704224
100.000000, 11.557446
100.000000, 6.410668
100.000000, 1.263890
100.000000, 356.117112
100.000000, 350.970333
100.000000, 345.823555
100.000000, 340.676777
100.000000, 335.529999
100.000000, 330.383221
100.000000, 325.236443
100.000000, 320.089665
100.000000, 314.942886
100.000000, 309.796108
100.000000, 304.649330
100.000000, 299.502552
100.000000, 294.355774
100.000000, 289.208996
100.000000, 284.062217
100.000000, 278.915439
100.000000, 273.768661
100.000000, 268.621883
100.000000, 263.475105
100.000000, 258.328327
100.000000, 253.181548
100.000000, 248.034770
100.000000, 242.887992
100.000000, 237.741214
100.000000, 232.594436
100.000000, 227.447658
100.000000, 222.300879
100.000000, 217.154101
100.000000, 212.007323
100.000000, 206.860545
100.000000, 201.713767
100.000000, 196.566989
100.000000, 191.420211
100.000000, 186.273432
100.000000, 181.126654
100.000000, 175.979876
100.000000, 170.833098
100.000000, 165.686320
100.000000, 160.539542
100.000000, 155.392763
100.000000, 150.245985
100.000000, 145.099207
100.000000, 139.952429
100.000000, 134.805651
100.000000, 129.658873
100.000000, 124.512094
100.000000, 119.365316
100.000000, 114.218538
100.000000, 109.071760
100.000000, 103.924982
100.000000, 98.778204
100.000000, 93.631425
100.000000, 88.484647
100.000000, 83.337869
100.000000, 78.191091
100.000000, 73.044313
100.000000, 67.897535
100.000000, 62.750757
100.000000, 57.603978
100.000000, 52.457200
100.000000, 47.310422
100.000000, 42.163644
100.000000, 37.016866
100.000000, 31.870088
100.000000, 26.723309
100.000000, 21.576531
100.000000, 16.429753
100.000000, 11.282975
100.000000, 6.136197
100.000000, 0.989419
100.000000, 355.842640
100.000000, 350.695862
100.000000, 345.549084
100.000000, 340.402306
100.000000, 335.255528
100.000000, 330.108750
100.000000, 324.961971
100.000000, 319.815193
100.000000, 314.668415
100.000000, 309.521637
100.000000, 304.374859
100.000000, 299.228081
100.000000, 294.081303
100.000000, 288.934524
100.000000, 283.787746
100.000000, 278.640968
100.000000, 273.494190
100.000000, 268.347412
100.000000, 263.200634
100.000000, 258.053855
100.000000, 252.907077
100.000000, 247.760299
100.000000, 242.613521
100.000000, 237.466743
100.000000, 232.319965
100.000000, 227.173186
100.000000, 222.026408
100.000000, 216.879630
100.000000, 211.732852
100.000000, 206.586074
100.000000, 201.439296
100.000000, 196.292517
100.000000, 191.145739
100.000000, 185.998961
100.000000, 180.852183
100.000000, 175.705405
100.000000, 170.558627
100.000000, 165.411849
100.000000, 160.265070
100.000000, 155.118292
100.000000, 149.971514
100.000000, 144.824736
100.000000, 139.677958
100.000000, 134.531180
100.000000, 129.384401
100.000000, 124.237623
100.000000, 119.090845
100.000000, 113.944067
100.000000, 108.797289
100.000000, 103.650511
100.000000, 98.503732
100.000000, 93.356954
100.000000, 88.210176
100.000000, 83.063398
100.000000, 77.916620
100.000000, 72.769842
100.000000, 67.623063
100.000000, 62.476285
100.000000, 57.329507
100.000000, 52.182729
100.000000, 47.035951
100.000000, 41.889173
100.000000, 36.742395
100.000000, 31.595616
100.000000, 26.448838
100.000000, 21.302060
100.000000, 16.155282
100.000000, 11.008504
100.000000, 5.861726
100.000000, 0.714947
100.000000, 355.568169
100.000000, 350.421391
100.000000, 345.274613
100.000000, 340.127835
100.000000, 334.981057
100.000000, 329.834278
100.000000, 324.687500
100.000000, 319.540722
100.000000, 314.393944
100.000000, 309.247166
100.000000, 304.100388
100.000000, 298.953609
100.000000, 293.806831
100.000000, 288.660053
100.000000, 283.513275
100.000000, 278.366497
100.000000, 273.219719
100.000000, 268.072941
100.000000, 262.926162
100.000000, 257.779384
100.000000, 252.632606
100.000000, 247.485828
100.000000, 242.339050
100.000000, 237.192272
100.000000, 232.045493
100.000000, 226.898715
100.000000, 221.751937
100.000000, 216.605159
100.000000, 211.458381
100.000000, 206.311603
100.000000, 201.164824
100.000000, 196.018046
100.000000, 190.871268
100.000000, 185.724490
100.000000, 180.577712
100.000000, 175.430934
100.000000, 170.284155
100.000000, 165.137377
100.000000, 159.990599
100.000000, 154.843821
100.000000, 149.697043
100.000000, 144.550265
100.000000, 139.403487
100.000000, 134.256708
100.000000, 129.109930
100.000000, 123.963152
100.000000, 118.816374
100.000000, 113.669596
100.000000, 108.522818
100.000000, 103.376039
100.000000, 98.229261
100.000000, 93.082483
100.000000, 87.935705
100.000000, 82.788927
100.000000, 77.642149
100.000000, 72.495370
100.000000, 67.348592
100.000000, 62.201814
100.000000, 57.055036
100.000000, 51.908258
100.000000, 46.761480
100.000000, 41.614701
100.000000, 36.467923
100.000000, 31.321145
100.000000, 26.174367
100.000000, 21.027589
100.000000, 15.880811
100.000000, 10.734033
100.000000, 5.587254
100.000000, 0.440476
100.000000, 355.293698
100.000000, 350.146920
100.000000, 345.000142
100.000000, 339.853364
100.000000, 334.706585
100.000000, 329.559807
100.000000, 324.413029
100.000000, 319.266251
100.000000, 314.119473
100.000000, 308.972695
100.000000, 303.825916
100.000000, 298.679138
100.000000, 293.532360
100.000000, 288.385582
100.000000, 283.238804
100.000000, 278.092026
100.000000, 272.945247
100.000000, 267.798469
100.000000, 262.651691
100.000000, 257.504913
100.000000, 252.358135
100.000000, 247.211357
100.000000, 242.064579
100.000000, 236.917800
100.000000, 231.771022
100.000000, 226.624244
100.000000, 221.477466
100.000000, 216.330688
100.000000, 211.183910
100.000000, 206.037131
100.000000, 200.890353
100.000000, 195.743575
100.000000, 190.596797
100.000000, 185.450019
100.000000, 180.303241
100.000000, 175.156462
100.000000, 170.009684
100.000000, 164.862906
100.000000, 159.716128
100.000000, 154.569350
100.000000, 149.422572
100.000000, 144.275793
100.000000, 139.129015
100.000000, 133.982237
100.000000, 128.835459
100.000000, 123.688681
100.000000, 118.541903
100.000000, 113.395125
100.000000, 108.248346
100.000000, 103.101568
100.000000, 97.954790
100.000000, 92.808012
100.000000, 87.661234
100.000000, 82.514456
100.000000, 77.367677
100.000000, 72.220899
100.000000, 67.074121
100.000000, 61.927343
100.000000, 56.780565
100.000000, 51.633787
100.000000, 46.487008
100.000000, 41.340230
100.000000, 36.193452
100.000000, 31.046674
100.000000, 25.899896
100.000000, 20.753118
100.000000, 15.606339
100.000000, 10.459561
100.000000, 5.312783
100.000000, 0.166005
100.000000, 355.019227
100.000000, 349.872449
100.000000, 344.725671
100.000000, 339.578892
100.000000, 334.432114
100.000000, 329.285336
100.000000, 324.138558
100.000000, 318.991780
100.000000, 313.845002
100.000000, 308.698223
100.000000, 303.551445
100.000000, 298.404667
100.000000, 293.257889
100.000000, 288.111111
100.000000, 282.964333
100.000000, 277.817554
100.000000, 272.670776
100.000000, 267.523998
100.000000, 262.377220
100.000000, 257.230442
100.000000, 252.083664
100.000000, 246.936885
100.000000, 241.790107
100.000000, 236.643329
100.000000, 231.496551
100.000000, 226.349773
100.000000, 221.202995
100.000000, 216.056217
100.000000, 210.909438
100.000000, 205.762660
100.000000, 200.615882
100.000000, 195.469104
100.000000, 190.322326
100.000000, 185.175548
100.000000, 180.028769
100.000000, 174.881991
100.000000, 169.735213
100.000000, 164.588435
100.000000, 159.441657
100.000000, 154.294879
100.000000, 149.148100
100.000000, 144.001322
100.000000, 138.854544
100.000000, 133.707766
100.000000, 128.560988
100.000000, 123.414210
100.000000, 118.267431
100.000000, 113.120653
100.000000, 107.973875
100.000000, 102.827097
100.000000, 97.680319
100.000000, 92.533541
100.000000, 87.386763
100.000000, 82.239984
100.000000, 77.093206
100.000000, 71.946428
100.000000, 66.799650
100.000000, 61.652872
100.000000, 56.506094
100.000000, 51.359315
100.000000, 46.212537
100.000000, 41.065759
100.000000, 35.918981
100.000000, 30.772203
100.000000, 25.625425
100.000000, 20.478646
100.000000, 15.331868
100.000000, 10.185090
100.000000, 5.038312
100.000000, 359.891534
100.000000, 354.744756
100.000000, 349.597977
100.000000, 344.451199
100.000000, 339.304421
100.000000, 334.157643
100.000000, 329.010865
100.000000, 323.864087
100.000000, 318.717309
100.000000, 313.570530
100.000000, 308.423752
100.000000, 303.276974
100.000000, 298.130196
100.000000, 292.983418
100.000000, 287.836640
100.000000, 282.689861
100.000000, 277.543083
100.000000, 272.396305
100.000000, 267.249527
100.000000, 262.102749
100.000000, 256.955971
100.000000, 251.809192
100.000000, 246.662414
100.000000, 241.515636
100.000000, 236.368858
100.000000, 231.222080
100.000000, 226.075302
100.000000, 220.928523
100.000000, 215.781745
100.000000, 210.634967
100.000000, 205.488189
100.000000, 200.341411
100.000000, 195.194633
100.000000, 190.047855
100.000000, 184.901076
100.000000, 179.754298
100.000000, 174.607520
100.000000, 169.460742
100.000000, 164.313964
100.000000, 159.167186
100.000000, 154.020407
100.000000, 148.873629
100.000000, 143.726851
100.000000, 138.580073
100.000000, 133.433295
100.000000, 128.286517
100.000000, 123.139738
100.000000, 117.992960
100.000000, 112.846182
100.000000, 107.699404
100.000000, 102.552626
100.000000, 97.405848
100.000000, 92.259069
100.000000, 87.112291
100.000000, 81.965513
100.000000, 76.818735
100.000000, 71.671957
100.000000, 66.525179
100.000000, 61.378401
100.000000, 56.231622
100.000000, 51.084844
100.000000, 45.938066
100.000000, 40.791288
100.000000, 35.644510
100.000000, 30.497732
100.000000, 25.350953
100.000000, 20.204175
100.000000, 15.057397
100.000000, 9.910619
100.000000, 4.763841
100.000000, 359.617063
100.000000, 354.470284
100.000000, 349.323506
100.000000, 344.176728
100.000000, 339.029950
100.000000, 333.883172
100.000000, 328.736394
100.000000, 323.589615
100.000000, 318.442837
100.000000, 313.296059
100.000000, 308.149281
100.000000, 303.002503
100.000000, 297.855725
100.000000, 292.708947
100.000000, 287.562168
100.000000, 282.415390
100.000000, 277.268612
100.000000, 272.121834
100.000000, 266.975056
100.000000, 261.828278
100.000000, 256.681499
100.000000, 251.534721
100.000000, 246.387943
100.000000, 241.241165
100.000000, 236.094387
100.000000, 230.947609
100.000000, 225.800830
100.000000, 220.654052
100.000000, 215.507274
100.000000, 210.360496
100.000000, 205.213718
100.000000, 200.066940
100.000000, 194.920161
100.000000, 189.773383
100.000000, 184.626605
100.000000, 179.479827
100.000000, 174.333049
100.000000, 169.186271
100.000000, 164.039493
100.000000, 158.892714
100.000000, 153.745936
100.000000, 148.599158
100.000000, 143.452380
100.000000, 138.305602
100.000000, 133.158824
100.000000, 128.012045
100.000000, 122.865267
100.000000, 117.718489
100.000000, 112.571711
100.000000, 107.424933
100.000000, 102.278155
100.000000, 97.131376
100.000000, 91.984598
100.000000, 86.837820
100.000000, 81.691042
100.000000, 76.544264
100.000000, 71.397486
100.000000, 66.250707
100.000000, 61.103929
100.000000, 55.957151
100.000000, 50.810373
100.000000, 45.663595
100.000000, 40.516817
100.000000, 35.370039
100.000000, 30.223260
100.000000, 25.076482
100.000000, 19.929704
100.000000, 14.782926
100.000000, 9.636148
100.000000, 4.489370
100.000000, 359.342591
100.000000, 354.195813
100.000000, 349.049035
100.000000, 343.902257
100.000000, 338.755479
100.000000, 333.608701
100.000000, 328.461922
100.000000, 323.315144
100.000000, 318.168366
100.000000, 313.021588
100.000000, 307.874810
100.000000, 302.728032
100.000000, 297.581253
100.000000, 292.434475
100.000000, 287.287697
100.000000, 282.140919
100.000000, 276.994141
100.000000, 271.847363
100.000000, 266.700585
100.000000, 261.553806
100.000000, 256.407028
100.000000, 251.260250
100.000000, 246.113472
100.000000, 240.966694
100.000000, 235.819916
100.000000, 230.673137
100.000000, 225.526359
100.000000, 220.379581
100.000000, 215.232803
100.000000, 210.086025
100.000000, 204.939247
100.000000, 199.792468
100.000000, 194.645690
100.000000, 189.498912
100.000000, 184.352134
100.000000, 179.205356
100.000000, 174.058578
100.000000, 168.911799
100.000000, 163.765021
100.000000, 158.618243
100.000000, 153.471465
100.000000, 148.324687
100.000000, 143.177909
100.000000, 138.031131
100.000000, 132.884352
100.000000, 127.737574
100.000000, 122.590796
100.000000, 117.444018
100.000000, 112.297240
100.000000, 107.150462
100.000000, 102.003683
100.000000, 96.856905
100.000000, 91.710127
100.000000, 86.563349
100.000000, 81.416571
100.000000, 76.269793
100.000000, 71.123014
100.000000, 65.976236
100.000000, 60.829458
100.000000, 55.682680
100.000000, 50.535902
100.000000, 45.389124
100.000000, 40.242345
100.000000, 35.095567
100.000000, 29.948789
100.000000, 24.802011
100.000000, 19.655233
100.000000, 14.508455
100.000000, 9.361677
100.000000, 4.214898
100.000000, 359.068120
100.000000, 353.921342
100.000000, 348.774564
100.000000, 343.627786
100.000000, 338.481008
100.000000, 333.334229
100.000000, 328.187451
100.000000, 323.040673
100.000000, 317.893895
100.000000, 312.747117
100.000000, 307.600339
100.000000, 302.453560
100.000000, 297.306782
100.000000, 292.160004
100.000000, 287.013226
100.000000, 281.866448
100.000000, 276.719670
100.000000, 271.572891
100.000000, 266.426113
100.000000, 261.279335
100.000000, 256.132557
100.000000, 250.985779
100.000000, 245.839001
100.000000, 240.692223
100.000000, 235.545444
100.000000, 230.398666
100.000000, 225.251888
100.000000, 220.105110
100.000000, 214.958332
100.000000, 209.811554
100.000000, 204.664775
100.000000, 199.517997
100.000000, 194.371219
100.000000, 189.224441
100.000000, 184.077663
100.000000, 178.930885
100.000000, 173.784106
100.000000, 168.637328
100.000000, 163.490550
100.000000, 158.343772
100.000000, 153.196994
100.000000, 148.050216
100.000000, 142.903437
100.000000, 137.756659
100.000000, 132.609881
100.000000, 127.463103
100.000000, 122.316325
100.000000, 117.169547
100.000000, 112.022769
100.000000, 106.875990
100.000000, 101.729212
100.000000, 96.582434
100.000000, 91.435656
100.000000, 86.288878
100.000000, 81.142100
100.000000, 75.995321
100.000000, 70.848543
100.000000, 65.701765
100.000000, 60.554987
100.000000, 55.408209
100.000000, 50.261431
100.000000, 45.114652
100.000000, 39.967874
100.000000, 34.821096
100.000000, 29.674318
100.000000, 24.527540
100.000000, 19.380762
100.000000, 14.233983
100.000000, 9.087205
100.000000, 3.940427
100.000000, 358.793649
100.000000, 353.646871
100.000000, 348.500093
100.000000, 343.353315
100.000000, 338.206536
100.000000, 333.059758
100.000000, 327.912980
100.000000, 322.766202
100.000000, 317.619424
100.000000, 312.472646
100.000000, 307.325867
100.000000, 302.179089
100.000000, 297.032311
100.000000, 291.885533
100.000000, 286.738755
100.000000, 281.591977
100.000000, 276.445198
100.000000, 271.298420
100.000000, 266.151642
100.000000, 261.004864
100.000000, 255.858086
100.000000, 250.711308
100.000000, 245.564529
100.000000, 240.417751
100.000000, 235.270973
100.000000, 230.124195
100.000000, 224.977417
100.000000, 219.830639
100.000000, 214.683861
100.000000, 209.537082
100.000000, 204.390304
100.000000, 199.243526
100.000000, 194.096748
100.000000, 188.949970
100.000000, 183.803192
100.000000, 178.656413
100.000000, 173.509635
100.000000, 168.362857
100.000000, 163.216079
100.000000, 158.069301
100.000000, 152.922523
100.000000, 147.775744
100.000000, 142.628966
100.000000, 137.482188
100.000000, 132.335410
100.000000, 127.188632
100.000000, 122.041854
100.000000, 116.895075
100.000000, 111.748297
100.000000, 106.601519
100.000000, 101.454741
100.000000, 96.307963
100.000000, 91.161185
100.000000, 86.014407
100.000000, 80.867628
100.000000, 75.720850
100.000000, 70.574072
100.000000, 65.427294
100.000000, 60.280516
100.000000, 55.133738
100.000000, 49.986959
100.000000, 44.840181
100.000000, 39.693403
100.000000, 34.546625
100.000000, 29.399847
100.000000, 24.253069
100.000000, 19.106290
100.000000, 13.959512
100.000000, 8.812734
100.000000, 3.665956
100.000000, 358.519178
100.000000, 353.372400
100.000000, 348.225621
100.000000, 343.078843
100.000000, 337.932065
100.000000, 332.785287
100.000000, 327.638509
100.000000, 322.491731
100.000000, 317.344953
100.000000, 312.198174
100.000000, 307.051396
100.000000, 301.904618
100.000000, 296.757840
100.000000, 291.611062
100.000000, 286.464284
100.000000, 281.317505
100.000000, 276.170727
100.000000, 271.023949
100.000000, 265.877171
100.000000, 260.730393
100.000000, 255.583615
100.000000, 250.436836
100.000000, 245.290058
100.000000, 240.143280
100.000000, 234.996502
100.000000, 229.849724
100.000000, 224.702946
100.000000, 219.556167
100.000000, 214.409389
100.000000, 209.262611
100.000000, 204.115833
100.000000, 198.969055
100.000000, 193.822277
100.000000, 188.675499
100.000000, 183.528720
100.000000, 178.381942
100.000000, 173.235164
100.000000, 168.088386
100.000000, 162.941608
100.000000, 157.794830
100.000000, 152.648051
100.000000, 147.501273
100.000000, 142.354495
100.000000, 137.207717
100.000000, 132.060939
100.000000, 126.914161
100.000000, 121.767382
100.000000, 116.620604
100.000000, 111.473826
100.000000, 106.327048
100.000000, 101.180270
100.000000, 96.033492
100.000000, 90.886713
100.000000, 85.739935
100.000000, 80.593157
100.000000, 75.446379
100.000000, 70.299601
100.000000, 65.152823
100.000000, 60.006045
100.000000, 54.859266
100.000000, 49.712488
100.000000, 44.565710
100.000000, 39.418932
100.000000, 34.272154
100.000000, 29.125376
100.000000, 23.978597
100.000000, 18.831819
100.000000, 13.685041
100.000000, 8.538263
100.000000, 3.391485
100.000000, 358.244707
100.000000, 353.097928
100.000000, 347.951150
100.000000, 342.804372
100.000000, 337.657594
100.000000, 332.510816
100.000000, 327.364038
100.000000, 322.217259
100.000000, 317.070481
100.000000, 311.923703
100.000000, 306.776925
100.000000, 301.630147
100.000000, 296.483369
100.000000, 291.336591
100.000000, 286.189812
100.000000, 281.043034
100.000000, 275.896256
100.000000, 270.749478
100.000000, 265.602700
100.000000, 260.455922
100.000000, 255.309143
100.000000, 250.162365
100.000000, 245.015587
100.000000, 239.868809
100.000000, 234.722031
100.000000, 229.575253
100.000000, 224.428474
100.000000, 219.281696
100.000000, 214.134918
100.000000, 208.988140
100.000000, 203.841362
100.000000, 198.694584
100.000000, 193.547805
100.000000, 188.401027
100.000000, 183.254249
100.000000, 178.107471
100.000000, 172.960693
100.000000, 167.813915
100.000000, 162.667137
100.000000, 157.520358
100.000000, 152.373580
100.000000, 147.226802
100.000000, 142.080024
100.000000, 136.933246
100.000000, 131.786468
100.000000, 126.639689
100.000000, 121.492911
100.000000, 116.346133
100.000000, 111.199355
100.000000, 106.052577
100.000000, 100.905799
100.000000, 95.759020
100.000000, 90.612242
100.000000, 85.465464
100.000000, 80.318686
100.000000, 75.171908
100.000000, 70.025130
100.000000, 64.878351
100.000000, 59.731573
100.000000, 54.584795
100.000000, 49.438017
100.000000, 44.291239
100.000000, 39.144461
100.000000, 33.997683
100.000000, 28.850904
100.000000, 23.704126
100.000000, 18.557348
100.000000, 13.410570
100.000000, 8.263792
100.000000, 3.117014
100.000000, 357.970235
100.000000, 352.823457
100.000000, 347.676679
100.000000, 342.529901
100.000000, 337.383123
100.000000, 332.236345
100.000000, 327.089566
100.000000, 321.942788
100.000000, 316.796010
100.000000, 311.649232
100.000000, 306.502454
100.000000, 301.355676
100.000000, 296.208897
100.000000, 291.062119
100.000000, 285.915341
100.000000, 280.768563
100.000000, 275.621785
100.000000, 270.475007
100.000000, 265.328229
100.000000, 260.181450
100.000000, 255.034672
100.000000, 249.887894
100.000000, 244.741116
100.000000, 239.594338
100.000000, 234.447560
100.000000, 229.300781
100.000000, 224.154003
100.000000, 219.007225
100.000000, 213.860447
100.000000, 208.713669
100.000000, 203.566891
100.000000, 198.420112
100.000000, 193.273334
100.000000, 188.126556
100.000000, 182.979778
100.000000, 177.833000
100.000000, 172.686222
100.000000, 167.539443
100.000000, 162.392665
100.000000, 157.245887
100.000000, 152.099109
100.000000, 146.952331
100.000000, 141.805553
100.000000, 136.658775
100.000000, 131.511996
100.000000, 126.365218
100.000000, 121.218440
100.000000, 116.071662
100.000000, 110.924884
100.000000, 105.778106
100.000000, 100.631327
100.000000, 95.484549
100.000000, 90.337771
100.000000, 85.190993
100.000000, 80.044215
100.000000, 74.897437
100.000000, 69.750658
100.000000, 64.603880
100.000000, 59.457102
100.000000, 54.310324
100.000000, 49.163546
100.000000, 44.016768
100.000000, 38.869989
100.000000, 33.723211
100.000000, 28.576433
100.000000, 23.429655
100.000000, 18.282877
100.000000, 13.136099
100.000000, 7.989321
100.000000, 2.842542
100.000000, 357.695764
100.000000, 352.548986
100.000000, 347.402208
100.000000, 342.255430
100.000000, 337.108652
100.000000, 331.961873
100.000000, 326.815095
100.000000, 321.668317
100.000000, 316.521539
100.000000, 311.374761
100.000000, 306.227983
100.000000, 301.081204
100.000000, 295.934426
100.000000, 290.787648
100.000000, 285.640870
100.000000, 280.494092
100.000000, 275.347314
100.000000, 270.200535
100.000000, 265.053757
100.000000, 259.906979
100.000000, 254.760201
100.000000, 249.613423
100.000000, 244.466645
100.000000, 239.319867
100.000000, 234.173088
100.000000, 229.026310
100.000000, 223.879532
100.000000, 218.732754
100.000000, 213.585976
100.000000, 208.439198
100.000000, 203.292419
100.000000, 198.145641
100.000000, 192.998863
100.000000, 187.852085
100.000000, 182.705307
100.000000, 177.558529
100.000000, 172.411750
100.000000, 167.264972
100.000000, 162.118194
100.000000, 156.971416
100.000000, 151.824638
100.000000, 146.677860
100.000000, 141.531081
100.000000, 136.384303
100.000000, 131.237525
100.000000, 126.090747
100.000000, 120.943969
100.000000, 115.797191
100.000000, 110.650413
100.000000, 105.503634
100.000000, 100.356856
100.000000, 95.210078
100.000000, 90.063300
100.000000, 84.916522
100.000000, 79.769744
100.000000, 74.622965
100.000000, 69.476187
100.000000, 64.329409
100.000000, 59.182631
100.000000, 54.035853
100.000000, 48.889075
100.000000, 43.742296
100.000000, 38.595518
100.000000, 33.448740
100.000000, 28.301962
100.000000, 23.155184
100.000000, 18.008406
100.000000, 12.861627
100.000000, 7.714849
100.000000, 2.568071
100.000000, 357.421293
100.000000, 352.274515
100.000000, 347.127737
100.000000, 341.980959
100.000000, 336.834180
100.000000, 331.687402
100.000000, 326.540624
100.000000, 321.393846
100.000000, 316.247068
100.000000, 311.100290
100.000000, 305.953511
100.000000, 300.806733
100.000000, 295.659955
100.000000, 290.513177
100.000000, 285.366399
100.000000, 280.219621
100.000000, 275.072842
100.000000, 269.926064
100.000000, 264.779286
100.000000, 259.632508
100.000000, 254.485730
100.000000, 249.338952
100.000000, 244.192173
100.000000, 239.045395
100.000000, 233.898617
100.000000, 228.751839
100.000000, 223.605061
100.000000, 218.458283
100.000000, 213.311505
100.000000, 208.164726
100.000000, 203.017948
100.000000, 197.871170
100.000000, 192.724392
100.000000, 187.577614
100.000000, 182.430836
100.000000, 177.284057
100.000000, 172.137279
100.000000, 166.990501
100.000000, 161.843723
100.000000, 156.696945
100.000000, 151.550167
100.000000, 146.403388
100.000000, 141.256610
100.000000, 136.109832
100.000000, 130.963054
100.000000, 125.816276
100.000000, 120.669498
100.000000, 115.522719
100.000000, 110.375941
100.000000, 105.229163
100.000000, 100.082385
100.000000, 94.935607
100.000000, 89.788829
100.000000, 84.642051
100.000000, 79.495272
100.000000, 74.348494
100.000000, 69.201716
100.000000, 64.054938
100.000000, 58.908160
100.000000, 53.761382
100.000000, 48.614603
100.000000, 43.467825
100.000000, 38.321047
100.000000, 33.174269
100.000000, 28.027491
100.000000, 22.880713
100.000000, 17.733934
100.000000, 12.587156
100.000000, 7.440378
100.000000, 2.293600
100.000000, 357.146822
100.000000, 352.000044
100.000000, 346.853265
100.000000, 341.706487
100.000000, 336.559709
100.000000, 331.412931
100.000000, 326.266153
100.000000, 321.119375
100.000000, 315.972597
100.000000, 310.825818
100.000000, 305.679040
100.000000, 300.532262
100.000000, 295.385484
100.000000, 290.238706
100.000000, 285.091928
100.000000, 279.945149
100.000000, 274.798371
100.000000, 269.651593
100.000000, 264.504815
100.000000, 259.358037
100.000000, 254.211259
100.000000, 249.064480
100.000000, 243.917702
100.000000, 238.770924
100.000000, 233.624146
100.000000, 228.477368
100.000000, 223.330590
100.000000, 218.183811
100.000000, 213.037033
100.000000, 207.890255
100.000000, 202.743477
100.000000, 197.596699
100.000000, 192.449921
100.000000, 187.303143
100.000000, 182.156364
100.000000, 177.009586
100.000000, 171.862808
100.000000, 166.716030
100.000000, 161.569252
100.000000, 156.422474
100.000000, 151.275695
100.000000, 146.128917
100.000000, 140.982139
100.000000, 135.835361
100.000000, 130.688583
100.000000, 125.541805
100.000000, 120.395026
100.000000, 115.248248
100.000000, 110.101470
100.000000, 104.954692
100.000000, 99.807914
100.000000, 94.661136
100.000000, 89.514357
100.000000, 84.367579
100.000000, 79.220801
100.000000, 74.074023
100.000000, 68.927245
100.000000, 63.780467
100.000000, 58.633689
100.000000, 53.486910
100.000000, 48.340132
100.000000, 43.193354
100.000000, 38.046576
100.000000, 32.899798
100.000000, 27.753020
100.000000, 22.606241
100.000000, 17.459463
100.000000, 12.312685
100.000000, 7.165907
100.000000, 2.019129
100.000000, 356.872351
100.000000, 351.725572
100.000000, 346.578794
100.000000, 341.432016
100.000000, 336.285238
100.000000, 331.138460
100.000000, 325.991682
100.000000, 320.844903
100.000000, 315.698125
100.000000, 310.551347
100.000000, 305.404569
100.000000, 300.257791
100.000000, 295.111013
100.000000, 289.964235
100.000000, 284.817456
100.000000, 279.670678
100.000000, 274.523900
100.000000, 269.377122
100.000000, 264.230344
100.000000, 259.083566
100.000000, 253.936787
100.000000, 248.790009
100.000000, 243.643231
100.000000, 238.496453
100.000000, 233.349675
100.000000, 228.202897
100.000000, 223.056118
100.000000, 217.909340
100.000000, 212.762562
100.000000, 207.615784
100.000000, 202.469006
100.000000, 197.322228
100.000000, 192.175449
100.000000, 187.028671
100.000000, 181.881893
100.000000, 176.735115
100.000000, 171.588337
100.000000, 166.441559
100.000000, 161.294781
100.000000, 156.148002
100.000000, 151.001224
100.000000, 145.854446
100.000000, 140.707668
100.000000, 135.560890
100.000000, 130.414112
100.000000, 125.267333
100.000000, 120.120555
100.000000, 114.973777
100.000000, 109.826999
100.000000, 104.680221
100.000000, 99.533443
100.000000, 94.386664
100.000000, 89.239886
100.000000, 84.093108
100.000000, 78.946330
100.000000, 73.799552
100.000000, 68.652774
100.000000, 63.505995
100.000000, 58.359217
100.000000, 53.212439
100.000000, 48.065661
100.000000, 42.918883
100.000000, 37.772105
100.000000, 32.625327
100.000000, 27.478548
100.000000, 22.331770
100.000000, 17.184992
100.000000, 12.038214
100.000000, 6.891436
100.000000, 1.744658
100.000000, 356.597879
100.000000, 351.451101
100.000000, 346.304323
100.000000, 341.157545
100.000000, 336.010767
100.000000, 330.863989
100.000000, 325.717210
100.000000, 320.570432
100.000000, 315.423654
100.000000, 310.276876
100.000000, 305.130098
100.000000, 299.983320
100.000000, 294.836541
100.000000, 289.689763
100.000000, 284.542985
100.000000, 279.396207
100.000000, 274.249429
100.000000, 269.102651
100.000000, 263.955873
100.000000, 258.809094
100.000000, 253.662316
100.000000, 248.515538
100.000000, 243.368760
100.000000, 238.221982
100.000000, 233.075204
100.000000, 227.928425
100.000000, 222.781647
100.000000, 217.634869
100.000000, 212.488091
100.000000, 207.341313
100.000000, 202.194535
100.000000, 197.047756
100.000000, 191.900978
100.000000, 186.754200
100.000000, 181.607422
100.000000, 176.460644
100.000000, 171.313866
100.000000, 166.167087
100.000000, 161.020309
100.000000, 155.873531
100.000000, 150.726753
100.000000, 145.579975
100.000000, 140.433197
100.000000, 135.286419
100.000000, 130.139640
100.000000, 124.992862
100.000000, 119.846084
100.000000, 114.699306
100.000000, 109.552528
100.000000, 104.405750
100.000000, 99.258971
100.000000, 94.112193
100.000000, 88.965415
100.000000, 83.818637
100.000000, 78.671859
100.000000, 73.525081
100.000000, 68.378302
100.000000, 63.231524
100.000000, 58.084746
100.000000, 52.937968
100.000000, 47.791190
100.000000, 42.644412
100.000000, 37.497633
100.000000, 32.350855
100.000000, 27.204077
100.000000, 22.057299
100.000000, 16.910521
100.000000, 11.763743
100.000000, 6.616965
100.000000, 1.470186
100.000000, 356.323408
100.000000, 351.176630
100.000000, 346.029852
100.000000, 340.883074
100.000000, 335.736296
100.000000, 330.589517
100.000000, 325.442739
100.000000, 320.295961
100.000000, 315.149183
100.000000, 310.002405
100.000000, 304.855627
100.000000, 299.708848
100.000000, 294.562070
100.000000, 289.415292
100.000000, 284.268514
100.000000, 279.121736
100.000000, 273.974958
100.000000, 268.828179
100.000000, 263.681401
100.000000, 258.534623
100.000000, 253.387845
100.000000, 248.241067
100.000000, 243.094289
100.000000, 237.947511
100.000000, 232.800732
100.000000, 227.653954
100.000000, 222.507176
100.000000, 217.360398
100.000000, 212.213620
100.000000, 207.066842
100.000000, 201.920063
100.000000, 196.773285
100.000000, 191.626507
100.000000, 186.479729
100.000000, 181.332951
100.000000, 176.186173
100.000000, 171.039394
100.000000, 165.892616
100.000000, 160.745838
100.000000, 155.599060
100.000000, 150.452282
100.000000, 145.305504
100.000000, 140.158725
100.000000, 135.011947
100.000000, 129.865169
100.000000, 124.718391
100.000000, 119.571613
100.000000, 114.424835
100.000000, 109.278057
100.000000, 104.131278
100.000000, 98.984500
100.000000, 93.837722
100.000000, 88.690944
100.000000, 83.544166
100.000000, 78.397388
100.000000, 73.250609
100.000000, 68.103831
100.000000, 62.957053
100.000000, 57.810275
100.000000, 52.663497
100.000000, 47.516719
100.000000, 42.369940
100.000000, 37.223162
100.000000, 32.076384
100.000000, 26.929606
100.000000, 21.782828
100.000000, 16.636050
100.000000, 11.489271
100.000000, 6.342493
100.000000, 1.195715
100.000000, 356.048937
100.000000, 350.902159
100.000000, 345.755381
100.000000, 340.608603
100.000000, 335.461824
100.000000, 330.315046
100.000000, 325.168268
100.000000, 320.021490
100.000000, 314.874712
100.000000, 309.727934
100.000000, 304.581155
100.000000, 299.434377
100.000000, 294.287599
100.000000, 289.140821
100.000000, 283.994043
100.000000, 278.847265
100.000000, 273.700486
100.000000, 268.553708
100.000000, 263.406930
100.000000, 258.260152
100.000000, 253.113374
100.000000, 247.966596
100.000000, 242.819817
100.000000, 237.673039
100.000000, 232.526261
100.000000, 227.379483
100.000000, 222.232705
100.000000, 217.085927
100.000000, 211.939149
100.000000, 206.792370
100.000000, 201.645592
100.000000, 196.498814
100.000000, 191.352036
100.000000, 186.205258
100.000000, 181.058480
100.000000, 175.911701
100.000000, 170.764923
100.000000, 165.618145
100.000000, 160.471367
100.000000, 155.324589
100.000000, 150.177811
100.000000, 145.031032
100.000000, 139.884254
100.000000, 134.737476
100.000000, 129.590698
100.000000, 124.443920
100.000000, 119.297142
100.000000, 114.150363
100.000000, 109.003585
100.000000, 103.856807
100.000000, 98.710029
100.000000, 93.563251
100.000000, 88.416473
100.000000, 83.269695
100.000000, 78.122916
100.000000, 72.976138
100.000000, 67.829360
100.000000, 62.682582
100.000000, 57.535804
100.000000, 52.389026
100.000000, 47.242247
100.000000, 42.095469
100.000000, 36.948691
100.000000, 31.801913
100.000000, 26.655135
100.000000, 21.508357
100.000000, 16.361578
100.000000, 11.214800
100.000000, 6.068022
100.000000, 0.921244
100.000000, 355.774466
100.000000, 350.627688
100.000000, 345.480909
100.000000, 340.334131
100.000000, 335.187353
100.000000, 330.040575
100.000000, 324.893797
100.000000, 319.747019
100.000000, 314.600241
100.000000, 309.453462
100.000000, 304.306684
100.000000, 299.159906
100.000000, 294.013128
100.000000, 288.866350
100.000000, 283.719572
100.000000, 278.572793
100.000000, 273.426015
100.000000, 268.279237
100.000000, 263.132459
100.000000, 257.985681
100.000000, 252.838903
100.000000, 247.692124
100.000000, 242.545346
100.000000, 237.398568
100.000000, 232.251790
100.000000, 227.105012
100.000000, 221.958234
100.000000, 216.811455
100.000000, 211.664677
100.000000, 206.517899
100.000000, 201.371121
100.000000, 196.224343
100.000000, 191.077565
100.000000, 185.930787
100.000000, 180.784008
100.000000, 175.637230
100.000000, 170.490452
100.000000, 165.343674
100.000000, 160.196896
100.000000, 155.050118
100.000000, 149.903339
100.000000, 144.756561
100.000000, 139.609783
100.000000, 134.463005
100.000000, 129.316227
100.000000, 124.169449
100.000000, 119.022670
100.000000, 113.875892
100.000000, 108.729114
100.000000, 103.582336
100.000000, 98.435558
100.000000, 93.288780
100.000000, 88.142001
100.000000, 82.995223
100.000000, 77.848445
100.000000, 72.701667
100.000000, 67.554889
100.000000, 62.408111
100.000000, 57.261333
100.000000, 52.114554
100.000000, 46.967776
100.000000, 41.820998
100.000000, 36.674220
100.000000, 31.527442
100.000000, 26.380664
100.000000, 21.233885
100.000000, 16.087107
100.000000, 10.940329
100.000000, 5.793551
100.000000, 0.646773
100.000000, 355.499995
100.000000, 350.353216
100.000000, 345.206438
100.000000, 340.059660
100.000000, 334.912882
100.000000, 329.766104
100.000000, 324.619326
100.000000, 319.472547
100.000000, 314.325769
100.000000, 309.178991
100.000000, 304.032213
100.000000, 298.885435
100.000000, 293.738657
100.000000, 288.591879
100.000000, 283.445100
100.000000, 278.298322
100.000000, 273.151544
100.000000, 268.004766
100.000000, 262.857988
100.000000, 257.711210
100.000000, 252.564431
100.000000, 247.417653
100.000000, 242.270875
100.000000, 237.124097
100.000000, 231.977319
100.000000, 226.830541
100.000000, 221.683762
100.000000, 216.536984
100.000000, 211.390206
100.000000, 206.243428
100.000000, 201.096650
100.000000, 195.949872
100.000000, 190.803093
100.000000, 185.656315
100.000000, 180.509537
100.000000, 175.362759
100.000000, 170.215981
100.000000, 165.069203
100.000000, 159.922425
100.000000, 154.775646
100.000000, 149.628868
100.000000, 144.482090
100.000000, 139.335312
100.000000, 134.188534
100.000000, 129.041756
100.000000, 123.894977
100.000000, 118.748199
100.000000, 113.601421
100.000000, 108.454643
100.000000, 103.307865
100.000000, 98.161087
100.000000, 93.014308
100.000000, 87.867530
100.000000, 82.720752
100.000000, 77.573974
100.000000, 72.427196
100.000000, 67.280418
100.000000, 62.133639
100.000000, 56.986861
100.000000, 51.840083
100.000000, 46.693305
100.000000, 41.546527
100.000000, 36.399749
100.000000, 31.252971
100.000000, 26.106192
100.000000, 20.959414
100.000000, 15.812636
100.000000, 10.665858
100.000000, 5.519080
100.000000, 0.372302
100.000000, 355.225523
100.000000, 350.078745
100.000000, 344.931967
100.000000, 339.785189
100.000000, 334.638411
100.000000, 329.491633
100.000000, 324.344854
100.000000, 319.198076
100.000000, 314.051298
100.000000, 308.904520
100.000000, 303.757742
100.000000, 298.610964
100.000000, 293.464185
100.000000, 288.317407
100.000000, 283.170629
100.000000, 278.023851
100.000000, 272.877073
100.000000, 267.730295
100.000000, 262.583517
100.000000, 257.436738
100.000000, 252.289960
100.000000, 247.143182
100.000000, 241.996404
100.000000, 236.849626
100.000000, 231.702848
100.000000, 226.556069
100.000000, 221.409291
100.000000, 216.262513
100.000000, 211.115735
100.000000, 205.968957
100.000000, 200.822179
100.000000, 195.675400
100.000000, 190.528622
100.000000, 185.381844
100.000000, 180.235066
100.000000, 175.088288
100.000000, 169.941510
100.000000, 164.794731
100.000000, 159.647953
100.000000, 154.501175
100.000000, 149.354397
100.000000, 144.207619
100.000000, 139.060841
100.000000, 133.914063
100.000000, 128.767284
100.000000, 123.620506
100.000000, 118.473728
100.000000, 113.326950
100.000000, 108.180172
100.000000, 103.033394
100.000000, 97.886615
100.000000, 92.739837
100.000000, 87.593059
100.000000, 82.446281
100.000000, 77.299503
100.000000, 72.152725
100.000000, 67.005946
100.000000, 61.859168
100.000000, 56.712390
100.000000, 51.565612
100.000000, 46.418834
100.000000, 41.272056
100.000000, 36.125277
100.000000, 30.978499
100.000000, 25.831721
100.000000, 20.684943
100.000000, 15.538165
100.000000, 10.391387
100.000000, 5.244609
100.000000, 0.097830
100.000000, 354.951052
100.000000, 349.804274
100.000000, 344.657496
100.000000, 339.510718
100.000000, 334.363940
100.000000, 329.217161
100.000000, 324.070383
100.000000, 318.923605
100.000000, 313.776827
100.000000, 308.630049
100.000000, 303.483271
100.000000, 298.336492
100.000000, 293.189714
100.000000, 288.042936
100.000000, 282.896158
100.000000, 277.749380
100.000000, 272.602602
100.000000, 267.455823
100.000000, 262.309045
100.000000, 257.162267
100.000000, 252.015489
100.000000, 246.868711
100.000000, 241.721933
100.000000, 236.575155
100.000000, 231.428376
100.000000, 226.281598
100.000000, 221.134820
100.000000, 215.988042
100.000000, 210.841264
100.000000, 205.694486
100.000000, 200.547707
100.000000, 195.400929
100.000000, 190.254151
100.000000, 185.107373
100.000000, 179.960595
100.000000, 174.813817
100.000000, 169.667038
100.000000, 164.520260
100.000000, 159.373482
100.000000, 154.226704
100.000000, 149.079926
100.000000, 143.933148
100.000000, 138.786369
100.000000, 133.639591
100.000000, 128.492813
100.000000, 123.346035
100.000000, 118.199257
100.000000, 113.052479
100.000000, 107.905701
100.000000, 102.758922
100.000000, 97.612144
100.000000, 92.465366
100.000000, 87.318588
100.000000, 82.171810
100.000000, 77.025032
100.000000, 71.878253
100.000000, 66.731475
100.000000, 61.584697
100.000000, 56.437919
100.000000, 51.291141
100.000000, 46.144363
100.000000, 40.997584
100.000000, 35.850806
100.000000, 30.704028
100.000000, 25.557250
100.000000, 20.410472
100.000000, 15.263694
100.000000, 10.116915
100.000000, 4.970137
100.000000, 359.823359
100.000000, 354.676581
100.000000, 349.529803
100.000000, 344.383025
100.000000, 339.236247
100.000000, 334.089468
100.000000, 328.942690
100.000000, 323.795912
100.000000, 318.649134
100.000000, 313.502356
100.000000, 308.355578
100.000000, 303.208799
100.000000, 298.062021
100.000000, 292.915243
100.000000, 287.768465
100.000000, 282.621687
100.000000, 277.474909
100.000000, 272.328130
100.000000, 267.181352
100.000000, 262.034574
100.000000, 256.887796
100.000000, 251.741018
100.000000, 246.594240
100.000000, 241.447461
100.000000, 236.300683
100.000000, 231.153905
100.000000, 226.007127
100.000000, 220.860349
100.000000, 215.713571
100.000000, 210.566793
100.000000, 205.420014
100.000000, 200.273236
100.000000, 195.126458
100.000000, 189.979680
100.000000, 184.832902
100.000000, 179.686124
100.000000, 174.539345
100.000000, 169.392567
100.000000, 164.245789
100.000000, 159.099011
100.000000, 153.952233
100.000000, 148.805455
100.000000, 143.658676
100.000000, 138.511898
100.000000, 133.365120
100.000000, 128.218342
100.000000, 123.071564
100.000000, 117.924786
100.000000, 112.778007
100.000000, 107.631229
100.000000, 102.484451
100.000000, 97.337673
100.000000, 92.190895
100.000000, 87.044117
100.000000, 81.897339
100.000000, 76.750560
100.000000, 71.603782
100.000000, 66.457004
100.000000, 61.310226
100.000000, 56.163448
100.000000, 51.016670
100.000000, 45.869891
100.000000, 40.723113
100.000000, 35.576335
100.000000, 30.429557
100.000000, 25.282779
100.000000, 20.136001
100.000000, 14.989222
100.000000, 9.842444
100.000000, 4.695666
100.000000, 359.548888
100.000000, 354.402110
100.000000, 349.255332
100.000000, 344.108553
100.000000, 338.961775
100.000000, 333.814997
100.000000, 328.668219
100.000000, 323.521441
100.000000, 318.374663
100.000000, 313.227885
100.000000, 308.081106
100.000000, 302.934328
100.000000, 297.787550
100.000000, 292.640772
100.000000, 287.493994
100.000000, 282.347216
100.000000, 277.200437
100.000000, 272.053659
100.000000, 266.906881
100.000000, 261.760103
100.000000, 256.613325
100.000000, 251.466547
100.000000, 246.319768
100.000000, 241.172990
100.000000, 236.026212
100.000000, 230.879434
100.000000, 225.732656
100.000000, 220.585878
100.000000, 215.439099
100.000000, 210.292321
100.000000, 205.145543
100.000000, 199.998765
100.000000, 194.851987
100.000000, 189.705209
100.000000, 184.558431
100.000000, 179.411652
100.000000, 174.264874
100.000000, 169.118096
100.000000, 163.971318
100.000000, 158.824540
100.000000, 153.677762
100.000000, 148.530983
100.000000, 143.384205
100.000000, 138.237427
100.000000, 133.090649
100.000000, 127.943871
100.000000, 122.797093
100.000000, 117.650314
100.000000, 112.503536
100.000000, 107.356758
100.000000, 102.209980
100.000000, 97.063202
100.000000, 91.916424
100.000000, 86.769645
100.000000, 81.622867
100.000000, 76.476089
100.000000, 71.329311
100.000000, 66.182533
100.000000, 61.035755
100.000000, 55.888977
100.000000, 50.742198
100.000000, 45.595420
100.000000, 40.448642
100.000000, 35.301864
100.000000, 30.155086
100.000000, 25.008308
100.000000, 19.861529
100.000000, 14.714751
100.000000, 9.567973
100.000000, 4.421195
100.000000, 359.274417
100.000000, 354.127639
100.000000, 348.980860
100.000000, 343.834082
100.000000, 338.687304
100.000000, 333.540526
100.000000, 328.393748
100.000000, 323.246970
100.000000, 318.100191
100.000000, 312.953413
100.000000, 307.806635
100.000000, 302.659857
100.000000, 297.513079
100.000000, 292.366301
100.000000, 287.219523
100.000000, 282.072744
100.000000, 276.925966
100.000000, 271.779188
100.000000, 266.632410
100.000000, 261.485632
100.000000, 256.338854
100.000000, 251.192075
100.000000, 246.045297
100.000000, 240.898519
100.000000, 235.751741
100.000000, 230.604963
100.000000, 225.458185
100.000000, 220.311406
100.000000, 215.164628
100.000000, 210.017850
100.000000, 204.871072
100.000000, 199.724294
100.000000, 194.577516
100.000000, 189.430737
100.000000, 184.283959
100.000000, 179.137181
100.000000, 173.990403
100.000000, 168.843625
100.000000, 163.696847
100.000000, 158.550069
100.000000, 153.403290
100.000000, 148.256512
100.000000, 143.109734
100.000000, 137.962956
100.000000, 132.816178
100.000000, 127.669400
100.000000, 122.522621
100.000000, 117.375843
100.000000, 112.229065
100.000000, 107.082287
100.000000, 101.935509
100.000000, 96.788731
100.000000, 91.641952
100.000000, 86.495174
100.000000, 81.348396
100.000000, 76.201618
100.000000, 71.054840
100.000000, 65.908062
100.000000, 60.761283
100.000000, 55.614505
100.000000, 50.467727
100.000000, 45.320949
100.000000, 40.174171
100.000000, 35.027393
100.000000, 29.880615
100.000000, 24.733836
100.000000, 19.587058
100.000000, 14.440280
100.000000, 9.293502
100.000000, 4.146724
100.000000, 358.999946
100.000000, 353.853167
100.000000, 348.706389
100.000000, 343.559611
100.000000, 338.412833
100.000000, 333.266055
100.000000, 328.119277
100.000000, 322.972498
100.000000, 317.825720
100.000000, 312.678942
100.000000, 307.532164
100.000000, 302.385386
100.000000, 297.238608
100.000000, 292.091829
100.000000, 286.945051
100.000000, 281.798273
100.000000, 276.651495
100.000000, 271.504717
100.000000, 266.357939
100.000000, 261.211161
100.000000, 256.064382
100.000000, 250.917604
100.000000, 245.770826
100.000000, 240.624048
100.000000, 235.477270
100.000000, 230.330492
100.000000, 225.183713
100.000000, 220.036935
100.000000, 214.890157
100.000000, 209.743379
100.000000, 204.596601
100.000000, 199.449823
100.000000, 194.303044
100.000000, 189.156266
100.000000, 184.009488
100.000000, 178.862710
100.000000, 173.715932
100.000000, 168.569154
100.000000, 163.422375
100.000000, 158.275597
100.000000, 153.128819
100.000000, 147.982041
100.000000, 142.835263
100.000000, 137.688485
100.000000, 132.541707
100.000000, 127.394928
100.000000, 122.248150
100.000000, 117.101372
100.000000, 111.954594
100.000000, 106.807816
100.000000, 101.661038
100.000000, 96.514259
100.000000, 91.367481
100.000000, 86.220703
100.000000, 81.073925
100.000000, 75.927147
100.000000, 70.780369
100.000000, 65.633590
100.000000, 60.486812
100.000000, 55.340034
100.000000, 50.193256
100.000000, 45.046478
100.000000, 39.899700
100.000000, 34.752921
100.000000, 29.606143
100.000000, 24.459365
100.000000, 19.312587
100.000000, 14.165809
100.000000, 9.019031
100.000000, 3.872253
100.000000, 358.725474
100.000000, 353.578696
100.000000, 348.431918
100.000000, 343.285140
100.000000, 338.138362
100.000000, 332.991584
100.000000, 327.844805
100.000000, 322.698027
100.000000, 317.551249
100.000000, 312.404471
100.000000, 307.257693
100.000000, 302.110915
100.000000, 296.964136
100.000000, 291.817358
100.000000, 286.670580
100.000000, 281.523802
100.000000, 276.377024
100.000000, 271.230246
100.000000, 266.083467
100.000000, 260.936689
100.000000, 255.789911
100.000000, 250.643133
100.000000, 245.496355
100.000000, 240.349577
100.000000, 235.202799
100.000000, 230.056020
100.000000, 224.909242
100.000000, 219.762464
100.000000, 214.615686
100.000000, 209.468908
100.000000, 204.322130
100.000000, 199.175351
100.000000, 194.028573
100.000000, 188.881795
100.000000, 183.735017
100.000000, 178.588239
100.000000, 173.441461
100.000000, 168.294682
100.000000, 163.147904
100.000000, 158.001126
100.000000, 152.854348
100.000000, 147.707570
100.000000, 142.560792
100.000000, 137.414013
100.000000, 132.267235
100.000000, 127.120457
100.000000, 121.973679
100.000000, 116.826901
100.000000, 111.680123
100.000000, 106.533345
100.000000, 101.386566
100.000000, 96.239788
100.000000, 91.093010
100.000000, 85.946232
100.000000, 80.799454
100.000000, 75.652676
100.000000, 70.505897
100.000000, 65.359119
100.000000, 60.212341
100.000000, 55.065563
100.000000, 49.918785
100.000000, 44.772007
100.000000, 39.625228
100.000000, 34.478450
100.000000, 29.331672
100.000000, 24.184894
100.000000, 19.038116
100.000000, 13.891338
100.000000, 8.744559
100.000000, 3.597781
100.000000, 358.451003
100.000000, 353.304225
100.000000, 348.157447
100.000000, 343.010669
100.000000, 337.863891
100.000000, 332.717112
100.000000, 327.570334
100.000000, 322.423556
100.000000, 317.276778
100.000000, 312.130000
100.000000, 306.983222
100.000000, 301.836443
100.000000, 296.689665
100.000000, 291.542887
100.000000, 286.396109
100.000000, 281.249331
100.000000, 276.102553
100.000000, 270.955774
100.000000, 265.808996
100.000000, 260.662218
100.000000, 255.515440
100.000000, 250.368662
100.000000, 245.221884
100.000000, 240.075105
100.000000, 234.928327
100.000000, 229.781549
100.000000, 224.634771
100.000000, 219.487993
100.000000, 214.341215
100.000000, 209.194437
100.000000, 204.047658
100.000000, 198.900880
100.000000, 193.754102
100.000000, 188.607324
100.000000, 183.460546
100.000000, 178.313768
100.000000, 173.166989
100.000000, 168.020211
100.000000, 162.873433
100.000000, 157.726655
100.000000, 152.579877
100.000000, 147.433099
100.000000, 142.286320
100.000000, 137.139542
100.000000, 131.992764
100.000000, 126.845986
100.000000, 121.699208
100.000000, 116.552430
100.000000, 111.405651
100.000000, 106.258873
100.000000, 101.112095
100.000000, 95.965317
100.000000, 90.818539
100.000000, 85.671761
100.000000, 80.524983
100.000000, 75.378204
100.000000, 70.231426
100.000000, 65.084648
100.000000, 59.937870
100.000000, 54.791092
100.000000, 49.644314
100.000000, 44.497535
100.000000, 39.350757
100.000000, 34.203979
100.000000, 29.057201
100.000000, 23.910423
100.000000, 18.763645
100.000000, 13.616866
100.000000, 8.470088
100.000000, 3.323310
100.000000, 358.176532
100.000000, 353.029754
100.000000, 347.882976
100.000000, 342.736197
100.000000, 337.589419
100.000000, 332.442641
100.000000, 327.295863
100.000000, 322.149085
100.000000, 317.002307
100.000000, 311.855529
100.000000, 306.708750
100.000000, 301.561972
100.000000, 296.415194
100.000000, 291.268416
100.000000, 286.121638
100.000000, 280.974860
100.000000, 275.828081
100.000000, 270.681303
100.000000, 265.534525
100.000000, 260.387747
100.000000, 255.240969
100.000000, 250.094191
100.000000, 244.947412
100.000000, 239.800634
100.000000, 234.653856
100.000000, 229.507078
100.000000, 224.360300
100.000000, 219.213522
100.000000, 214.066743
100.000000, 208.919965
100.000000, 203.773187
100.000000, 198.626409
100.000000, 193.479631
100.000000, 188.332853
100.000000, 183.186075
100.000000, 178.039296
100.000000, 172.892518
100.000000, 167.745740
100.000000, 162.598962
100.000000, 157.452184
100.000000, 152.305406
100.000000, 147.158627
100.000000, 142.011849
100.000000, 136.865071
100.000000, 131.718293
100.000000, 126.571515
100.000000, 121.424737
100.000000, 116.277958
100.000000, 111.131180
100.000000, 105.984402
100.000000, 100.837624
100.000000, 95.690846
100.000000, 90.544068
100.000000, 85.397289
100.000000, 80.250511
100.000000, 75.103733
100.000000, 69.956955
100.000000, 64.810177
100.000000, 59.663399
100.000000, 54.516621
100.000000, 49.369842
100.000000, 44.223064
100.000000, 39.076286
100.000000, 33.929508
100.000000, 28.782730
100.000000, 23.635952
100.000000, 18.489173
100.000000, 13.342395
100.000000, 8.195617
100.000000, 3.048839
100.000000, 357.902061
100.000000, 352.755283
100.000000, 347.608504
100.000000, 342.461726
100.000000, 337.314948
100.000000, 332.168170
100.000000, 327.021392
100.000000, 321.874614
100.000000, 316.727835
100.000000, 311.581057
100.000000, 306.434279
100.000000, 301.287501
100.000000, 296.140723
100.000000, 290.993945
100.000000, 285.847167
100.000000, 280.700388
100.000000, 275.553610
100.000000, 270.406832
100.000000, 265.260054
100.000000, 260.113276
100.000000, 254.966498
100.000000, 249.819719
100.000000, 244.672941
100.000000, 239.526163
100.000000, 234.379385
100.000000, 229.232607
100.000000, 224.085829
100.000000, 218.939050
100.000000, 213.792272
100.000000, 208.645494
100.000000, 203.498716
100.000000, 198.351938
100.000000, 193.205160
100.000000, 188.058381
100.000000, 182.911603
100.000000, 177.764825
100.000000, 172.618047
100.000000, 167.471269
100.000000, 162.324491
100.000000, 157.177713
100.000000, 152.030934
100.000000, 146.884156
100.000000, 141.737378
100.000000, 136.590600
100.000000, 131.443822
100.000000, 126.297044
100.000000, 121.150265
100.000000, 116.003487
100.000000, 110.856709
100.000000, 105.709931
100.000000, 100.563153
100.000000, 95.416375
100.000000, 90.269596
100.000000, 85.122818
100.000000, 79.976040
100.000000, 74.829262
100.000000, 69.682484
100.000000, 64.535706
100.000000, 59.388927
100.000000, 54.242149
100.000000, 49.095371
100.000000, 43.948593
100.000000, 38.801815
100.000000, 33.655037
100.000000, 28.508259
100.000000, 23.361480
100.000000, 18.214702
100.000000, 13.067924
100.000000, 7.921146
100.000000, 2.774368
100.000000, 357.627590
100.000000, 352.480811
100.000000, 347.334033
100.000000, 342.187255
100.000000, 337.040477
100.000000, 331.893699
100.000000, 326.746921
100.000000, 321.600142
100.000000, 316.453364
100.000000, 311.306586
100.000000, 306.159808
100.000000, 301.013030
100.000000, 295.866252
100.000000, 290.719473
100.000000, 285.572695
100.000000, 280.425917
100.000000, 275.279139
100.000000, 270.132361
100.000000, 264.985583
100.000000, 259.838805
100.000000, 254.692026
100.000000, 249.545248
100.000000, 244.398470
100.000000, 239.251692
100.000000, 234.104914
100.000000, 228.958136
100.000000, 223.811357
100.000000, 218.664579
100.000000, 213.517801
100.000000, 208.371023
100.000000, 203.224245
100.000000, 198.077467
100.000000, 192.930688
100.000000, 187.783910
100.000000, 182.637132
100.000000, 177.490354
100.000000, 172.343576
100.000000, 167.196798
100.000000, 162.050019
100.000000, 156.903241
100.000000, 151.756463
100.000000, 146.609685
100.000000, 141.462907
100.000000, 136.316129
100.000000, 131.169351
100.000000, 126.022572
100.000000, 120.875794
100.000000, 115.729016
100.000000, 110.582238
100.000000, 105.435460
100.000000, 100.288682
100.000000, 95.141903
100.000000, 89.995125
100.000000, 84.848347
100.000000, 79.701569
100.000000, 74.554791
100.000000, 69.408013
100.000000, 64.261234
100.000000, 59.114456
100.000000, 53.967678
100.000000, 48.820900
100.000000, 43.674122
100.000000, 38.527344
100.000000, 33.380565
100.000000, 28.233787
100.000000, 23.087009
100.000000, 17.940231
100.000000, 12.793453
100.000000, 7.646675
100.000000, 2.499897
100.000000, 357.353118
100.000000, 352.206340
100.000000, 347.059562
100.000000, 341.912784
100.000000, 336.766006
100.000000, 331.619228
100.000000, 326.472449
100.000000, 321.325671
100.000000, 316.178893
100.000000, 311.032115
100.000000, 305.885337
100.000000, 300.738559
100.000000, 295.591780
100.000000, 290.445002
100.000000, 285.298224
100.000000, 280.151446
100.000000, 275.004668
100.000000, 269.857890
100.000000, 264.711111
100.000000, 259.564333
100.000000, 254.417555
100.000000, 249.270777
100.000000, 244.123999
100.000000, 238.977221
100.000000, 233.830443
100.000000, 228.683664
100.000000, 223.536886
100.000000, 218.390108
100.000000, 213.243330
100.000000, 208.096552
100.000000, 202.949774
100.000000, 197.802995
100.000000, 192.656217
100.000000, 187.509439
100.000000, 182.362661
100.000000, 177.215883
100.000000, 172.069105
100.000000, 166.922326
100.000000, 161.775548
100.000000, 156.628770
100.000000, 151.481992
100.000000, 146.335214
100.000000, 141.188436
100.000000, 136.041657
100.000000, 130.894879
100.000000, 125.748101
100.000000, 120.601323
100.000000, 115.454545
100.000000, 110.307767
100.000000, 105.160989
100.000000, 100.014210
100.000000, 94.867432
100.000000, 89.720654
100.000000, 84.573876
100.000000, 79.427098
100.000000, 74.280320
100.000000, 69.133541
100.000000, 63.986763
100.000000, 58.839985
100.000000, 53.693207
100.000000, 48.546429
100.000000, 43.399651
100.000000, 38.252872
100.000000, 33.106094
100.000000, 27.959316
100.000000, 22.812538
100.000000, 17.665760
100.000000, 12.518982
100.000000, 7.372203
100.000000, 2.225425
100.000000, 357.078647
100.000000, 351.931869
100.000000, 346.785091
100.000000, 341.638313
100.000000, 336.491535
100.000000, 331.344756
100.000000, 326.197978
100.000000, 321.051200
100.000000, 315.904422
100.000000, 310.757644
100.000000, 305.610866
100.000000, 300.464087
100.000000, 295.317309
100.000000, 290.170531
100.000000, 285.023753
100.000000, 279.876975
100.000000, 274.730197
100.000000, 269.583418
100.000000, 264.436640
100.000000, 259.289862
100.000000, 254.143084
100.000000, 248.996306
100.000000, 243.849528
100.000000, 238.702749
100.000000, 233.555971
100.000000, 228.409193
100.000000, 223.262415
100.000000, 218.115637
100.000000, 212.968859
100.000000, 207.822081
100.000000, 202.675302
100.000000, 197.528524
100.000000, 192.381746
100.000000, 187.234968
100.000000, 182.088190
100.000000, 176.941412
100.000000, 171.794633
100.000000, 166.647855
100.000000, 161.501077
100.000000, 156.354299
100.000000, 151.207521
100.000000, 146.060743
100.000000, 140.913964
100.000000, 135.767186
100.000000, 130.620408
100.000000, 125.473630
100.000000, 120.326852
100.000000, 115.180074
100.000000, 110.033295
100.000000, 104.886517
100.000000, 99.739739
100.000000, 94.592961
100.000000, 89.446183
100.000000, 84.299405
100.000000, 79.152627
100.000000, 74.005848
100.000000, 68.859070
100.000000, 63.712292
100.000000, 58.565514
100.000000, 53.418736
100.000000, 48.271958
100.000000, 43.125179
100.000000, 37.978401
100.000000, 32.831623
100.000000, 27.684845
100.000000, 22.538067
100.000000, 17.391289
100.000000, 12.244510
100.000000, 7.097732
100.000000, 1.950954
100.000000, 356.804176
100.000000, 351.657398
100.000000, 346.510620
100.000000, 341.363841
100.000000, 336.217063
100.000000, 331.070285
100.000000, 325.923507
100.000000, 320.776729
100.000000, 315.629951
100.000000, 310.483173
100.000000, 305.336394
100.000000, 300.189616
100.000000, 295.042838
100.000000, 289.896060
100.000000, 284.749282
100.000000, 279.602504
100.000000, 274.455725
100.000000, 269.308947
100.000000, 264.162169
100.000000, 259.015391
100.000000, 253.868613
100.000000, 248.721835
100.000000, 243.575056
100.000000, 238.428278
100.000000, 233.281500
100.000000, 228.134722
100.000000, 222.987944
100.000000, 217.841166
100.000000, 212.694387
100.000000, 207.547609
100.000000, 202.400831
100.000000, 197.254053
100.000000, 192.107275
100.000000, 186.960497
100.000000, 181.813719
100.000000, 176.666940
100.000000, 171.520162
100.000000, 166.373384
100.000000, 161.226606
100.000000, 156.079828
100.000000, 150.933050
100.000000, 145.786271
100.000000, 140.639493
100.000000, 135.492715
100.000000, 130.345937
100.000000, 125.199159
100.000000, 120.052381
100.000000, 114.905602
100.000000, 109.758824
100.000000, 104.612046
100.000000, 99.465268
100.000000, 94.318490
100.000000, 89.171712
100.000000, 84.024933
100.000000, 78.878155
100.000000, 73.731377
100.000000, 68.584599
100.000000, 63.437821
100.000000, 58.291043
100.000000, 53.144265
100.000000, 47.997486
100.000000, 42.850708
100.000000, 37.703930
100.000000, 32.557152
100.000000, 27.410374
100.000000, 22.263596
100.000000, 17.116817
100.000000, 11.970039
100.000000, 6.823261
100.000000, 1.676483
100.000000, 356.529705
100.000000, 351.382927
100.000000, 346.236148
100.000000, 341.089370
100.000000, 335.942592
100.000000, 330.795814
100.000000, 325.649036
100.000000, 320.502258
100.000000, 315.355479
100.000000, 310.208701
100.000000, 305.061923
100.000000, 299.915145
100.000000, 294.768367
100.000000, 289.621589
100.000000, 284.474811
100.000000, 279.328032
100.000000, 274.181254
100.000000, 269.034476
100.000000, 263.887698
100.000000, 258.740920
100.000000, 253.594142
100.000000, 248.447363
100.000000, 243.300585
100.000000, 238.153807
100.000000, 233.007029
100.000000, 227.860251
100.000000, 222.713473
100.000000, 217.566694
100.000000, 212.419916
100.000000, 207.273138
100.000000, 202.126360
100.000000, 196.979582
100.000000, 191.832804
100.000000, 186.686025
100.000000, 181.539247
100.000000, 176.392469
100.000000, 171.245691
100.000000, 166.098913
100.000000, 160.952135
100.000000, 155.805357
100.000000, 150.658578
100.000000, 145.511800
100.000000, 140.365022
100.000000, 135.218244
100.000000, 130.071466
100.000000, 124.924688
100.000000, 119.777909
100.000000, 114.631131
100.000000, 109.484353
100.000000, 104.337575
100.000000, 99.190797
100.000000, 94.044019
100.000000, 88.897240
100.000000, 83.750462
100.000000, 78.603684
100.000000, 73.456906
100.000000, 68.310128
100.000000, 63.163350
100.000000, 58.016571
100.000000, 52.869793
100.000000, 47.723015
100.000000, 42.576237
100.000000, 37.429459
100.000000, 32.282681
100.000000, 27.135903
100.000000, 21.989124
100.000000, 16.842346
100.000000, 11.695568
100.000000, 6.548790
100.000000, 1.402012
100.000000, 356.255234
100.000000, 351.108455
100.000000, 345.961677
100.000000, 340.814899
100.000000, 335.668121
100.000000, 330.521343
100.000000, 325.374565
100.000000, 320.227786
100.000000, 315.081008
100.000000, 309.934230
100.000000, 304.787452
100.000000, 299.640674
100.000000, 294.493896
100.000000, 289.347117
100.000000, 284.200339
100.000000, 279.053561
100.000000, 273.906783
100.000000, 268.760005
100.000000, 263.613227
100.000000, 258.466449
100.000000, 253.319670
100.000000, 248.172892
100.000000, 243.026114
100.000000, 237.879336
100.000000, 232.732558
100.000000, 227.585780
100.000000, 222.439001
100.000000, 217.292223
100.000000, 212.145445
100.000000, 206.998667
100.000000, 201.851889
100.000000, 196.705111
100.000000, 191.558332
100.000000, 186.411554
100.000000, 181.264776
100.000000, 176.117998
100.000000, 170.971220
100.000000, 165.824442
100.000000, 160.677663
100.000000, 155.530885
100.000000, 150.384107
100.000000, 145.237329
100.000000, 140.090551
100.000000, 134.943773
100.000000, 129.796995
100.000000, 124.650216
100.000000, 119.503438
100.000000, 114.356660
100.000000, 109.209882
100.000000, 104.063104
100.000000, 98.916326
100.000000, 93.769547
100.000000, 88.622769
100.000000, 83.475991
100.000000, 78.329213
100.000000, 73.182435
100.000000, 68.035657
100.000000, 62.888878
100.000000, 57.742100
100.000000, 52.595322
100.000000, 47.448544
100.000000, 42.301766
100.000000, 37.154988
100.000000, 32.008209
100.000000, 26.861431
100.000000, 21.714653
100.000000, 16.567875
100.000000, 11.421097
100.000000, 6.274319
100.000000, 1.127541
100.000000, 355.980762
100.000000, 350.833984
100.000000, 345.687206
100.000000, 340.540428
100.000000, 335.393650
100.000000, 330.246872
100.000000, 325.100093
100.000000, 319.953315
100.000000, 314.806537
100.000000, 309.659759
100.000000, 304.512981
100.000000, 299.366203
100.000000, 294.219424
100.000000, 289.072646
100.000000, 283.925868
100.000000, 278.779090
100.000000, 273.632312
100.000000, 268.485534
100.000000, 263.338755
100.000000, 258.191977
100.000000, 253.045199
100.000000, 247.898421
100.000000, 242.751643
100.000000, 237.604865
100.000000, 232.458087
100.000000, 227.311308
100.000000, 222.164530
100.000000, 217.017752
100.000000, 211.870974
100.000000, 206.724196
100.000000, 201.577418
100.000000, 196.430639
100.000000, 191.283861
100.000000, 186.137083
100.000000, 180.990305
100.000000, 175.843527
100.000000, 170.696749
100.000000, 165.549970
100.000000, 160.403192
100.000000, 155.256414
100.000000, 150.109636
100.000000, 144.962858
100.000000, 139.816080
100.000000, 134.669301
100.000000, 129.522523
100.000000, 124.375745
100.000000, 119.228967
100.000000, 114.082189
100.000000, 108.935411
100.000000, 103.788633
100.000000, 98.641854
100.000000, 93.495076
100.000000, 88.348298
100.000000, 83.201520
100.000000, 78.054742
100.000000, 72.907964
100.000000, 67.761185
100.000000, 62.614407
100.000000, 57.467629
100.000000, 52.320851
100.000000, 47.174073
100.000000, 42.027295
100.000000, 36.880516
100.000000, 31.733738
100.000000, 26.586960
100.000000, 21.440182
100.000000, 16.293404
100.000000, 11.146626
100.000000, 5.999847
100.000000, 0.853069
100.000000, 355.706291
100.000000, 350.559513
100.000000, 345.412735
100.000000, 340.265957
100.000000, 335.119179
100.000000, 329.972400
100.000000, 324.825622
100.000000, 319.678844
100.000000, 314.532066
100.000000, 309.385288
100.000000, 304.238510
100.000000, 299.091731
100.000000, 293.944953
100.000000, 288.798175
100.000000, 283.651397
100.000000, 278.504619
100.000000, 273.357841
100.000000, 268.211062
100.000000, 263.064284
100.000000, 257.917506
100.000000, 252.770728
100.000000, 247.623950
100.000000, 242.477172
100.000000, 237.330393
100.000000, 232.183615
100.000000, 227.036837
100.000000, 221.890059
100.000000, 216.743281
100.000000, 211.596503
100.000000, 206.449725
100.000000, 201.302946
100.000000, 196.156168
100.000000, 191.009390
100.000000, 185.862612
100.000000, 180.715834
100.000000, 175.569056
100.000000, 170.422277
100.000000, 165.275499
100.000000, 160.128721
100.000000, 154.981943
100.000000, 149.835165
100.000000, 144.688387
100.000000, 139.541608
100.000000, 134.394830
100.000000, 129.248052
100.000000, 124.101274
100.000000, 118.954496
100.000000, 113.807718
100.000000, 108.660939
100.000000, 103.514161
100.000000, 98.367383
100.000000, 93.220605
100.000000, 88.073827
100.000000, 82.927049
100.000000, 77.780271
100.000000, 72.633492
100.000000, 67.486714
100.000000, 62.339936
100.000000, 57.193158
100.000000, 52.046380
100.000000, 46.899602
100.000000, 41.752823
100.000000, 36.606045
100.000000, 31.459267
100.000000, 26.312489
100.000000, 21.165711
100.000000, 16.018933
100.000000, 10.872154
100.000000, 5.725376
100.000000, 0.578598
100.000000, 355.431820
100.000000, 350.285042
100.000000, 345.138264
100.000000, 339.991485
100.000000, 334.844707
100.000000, 329.697929
100.000000, 324.551151
100.000000, 319.404373
100.000000, 314.257595
100.000000, 309.110817
100.000000, 303.964038
100.000000, 298.817260
100.000000, 293.670482
100.000000, 288.523704
100.000000, 283.376926
100.000000, 278.230148
100.000000, 273.083369
100.000000, 267.936591
100.000000, 262.789813
100.000000, 257.643035
100.000000, 252.496257
100.000000, 247.349479
100.000000, 242.202700
100.000000, 237.055922
100.000000, 231.909144
100.000000, 226.762366
100.000000, 221.615588
100.000000, 216.468810
100.000000, 211.322031
100.000000, 206.175253
100.000000, 201.028475
100.000000, 195.881697
100.000000, 190.734919
100.000000, 185.588141
100.000000, 180.441363
100.000000, 175.294584
100.000000, 170.147806
100.000000, 165.001028
100.000000, 159.854250
100.000000, 154.707472
100.000000, 149.560694
100.000000, 144.413915
100.000000, 139.267137
100.000000, 134.120359
100.000000, 128.973581
100.000000, 123.826803
100.000000, 118.680025
100.000000, 113.533246
100.000000, 108.386468
100.000000, 103.239690
100.000000, 98.092912
100.000000, 92.946134
100.000000, 87.799356
100.000000, 82.652577
100.000000, 77.505799
100.000000, 72.359021
100.000000, 67.212243
100.000000, 62.065465
100.000000, 56.918687
100.000000, 51.771909
100.000000, 46.625130
100.000000, 41.478352
100.000000, 36.331574
100.000000, 31.184796
100.000000, 26.038018
100.000000, 20.891240
100.000000, 15.744461
100.000000, 10.597683
100.000000, 5.450905
100.000000, 0.304127
100.000000, 355.157349
100.000000, 350.010571
100.000000, 344.863792
100.000000, 339.717014
100.000000, 334.570236
100.000000, 329.423458
100.000000, 324.276680
100.000000, 319.129902
100.000000, 313.983123
100.000000, 308.836345
100.000000, 303.689567
100.000000, 298.542789
100.000000, 293.396011
100.000000, 288.249233
100.000000, 283.102455
100.000000, 277.955676
100.000000, 272.808898
100.000000, 267.662120
100.000000, 262.515342
100.000000, 257.368564
100.000000, 252.221786
100.000000, 247.075007
100.000000, 241.928229
100.000000, 236.781451
100.000000, 231.634673
100.000000, 226.487895
100.000000, 221.341117
100.000000, 216.194338
100.000000, 211.047560
100.000000, 205.900782
100.000000, 200.754004
100.000000, 195.607226
100.000000, 190.460448
100.000000, 185.313669
100.000000, 180.166891
100.000000, 175.020113
100.000000, 169.873335
100.000000, 164.726557
100.000000, 159.579779
100.000000, 154.433001
100.000000, 149.286222
100.000000, 144.139444
100.000000, 138.992666
100.000000, 133.845888
100.000000, 128.699110
100.000000, 123.552332
100.000000, 118.405553
100.000000, 113.258775
100.000000, 108.111997
100.000000, 102.965219
100.000000, 97.818441
100.000000, 92.671663
100.000000, 87.524884
100.000000, 82.378106
100.000000, 77.231328
100.000000, 72.084550
100.000000, 66.937772
100.000000, 61.790994
100.000000, 56.644215
100.000000, 51.497437
100.000000, 46.350659
100.000000, 41.203881
100.000000, 36.057103
100.000000, 30.910325
100.000000, 25.763547
100.000000, 20.616768
100.000000, 15.469990
100.000000, 10.323212
100.000000, 5.176434
100.000000, 0.029656
100.000000, 354.882878
100.000000, 349.736099
100.000000, 344.589321
100.000000, 339.442543
100.000000, 334.295765
100.000000, 329.148987
100.000000, 324.002209
100.000000, 318.855430
100.000000, 313.708652
100.000000, 308.561874
100.000000, 303.415096
100.000000, 298.268318
100.000000, 293.121540
100.000000, 287.974761
100.000000, 282.827983
100.000000, 277.681205
100.000000, 272.534427
100.000000, 267.387649
100.000000, 262.240871
100.000000, 257.094093
100.000000, 251.947314
100.000000, 246.800536
100.000000, 241.653758
100.000000, 236.506980
100.000000, 231.360202
100.000000, 226.213424
100.000000, 221.066645
100.000000, 215.919867
100.000000, 210.773089
100.000000, 205.626311
100.000000, 200.479533
100.000000, 195.332755
100.000000, 190.185976
100.000000, 185.039198
100.000000, 179.892420
100.000000, 174.745642
100.000000, 169.598864
100.000000, 164.452086
100.000000, 159.305307
100.000000, 154.158529
100.000000, 149.011751
100.000000, 143.864973
100.000000, 138.718195
100.000000, 133.571417
100.000000, 128.424639
100.000000, 123.277860
100.000000, 118.131082
100.000000, 112.984304
100.000000, 107.837526
100.000000, 102.690748
100.000000, 97.543970
100.000000, 92.397191
100.000000, 87.250413
100.000000, 82.103635
100.000000, 76.956857
100.000000, 71.810079
100.000000, 66.663301
100.000000, 61.516522
100.000000, 56.369744
100.000000, 51.222966
100.000000, 46.076188
100.000000, 40.929410
100.000000, 35.782632
100.000000, 30.635853
100.000000, 25.489075
100.000000, 20.342297
100.000000, 15.195519
100.000000, 10.048741
100.000000, 4.901963
100.000000, 359.755185
100.000000, 354.608406
100.000000, 349.461628
100.000000, 344.314850
100.000000, 339.168072
100.000000, 334.021294
100.000000, 328.874516
100.000000, 323.727737
100.000000, 318.580959
100.000000, 313.434181
100.000000, 308.287403
100.000000, 303.140625
100.000000, 297.993847
100.000000, 292.847068
100.000000, 287.700290
100.000000, 282.553512
100.000000, 277.406734
100.000000, 272.259956
100.000000, 267.113178
100.000000, 261.966399
100.000000, 256.819621
100.000000, 251.672843
100.000000, 246.526065
100.000000, 241.379287
100.000000, 236.232509
100.000000, 231.085731
100.000000, 225.938952
100.000000, 220.792174
100.000000, 215.645396
100.000000, 210.498618
100.000000, 205.351840
100.000000, 200.205062
100.000000, 195.058283
100.000000, 189.911505
100.000000, 184.764727
100.000000, 179.617949
100.000000, 174.471171
100.000000, 169.324393
100.000000, 164.177614
100.000000, 159.030836
100.000000, 153.884058
100.000000, 148.737280
100.000000, 143.590502
100.000000, 138.443724
100.000000, 133.296945
100.000000, 128.150167
100.000000, 123.003389
100.000000, 117.856611
100.000000, 112.709833
100.000000, 107.563055
100.000000, 102.416277
100.000000, 97.269498
100.000000, 92.122720
100.000000, 86.975942
100.000000, 81.829164
100.000000, 76.682386
100.000000, 71.535608
100.000000, 66.388829
100.000000, 61.242051
100.000000, 56.095273
100.000000, 50.948495
100.000000, 45.801717
100.000000, 40.654939
100.000000, 35.508160
100.000000, 30.361382
100.000000, 25.214604
100.000000, 20.067826
100.000000, 14.921048
100.000000, 9.774270
100.000000, 4.627491
100.000000, 359.480713
100.000000, 354.333935
100.000000, 349.187157
100.000000, 344.040379
100.000000, 338.893601
100.000000, 333.746823
100.000000, 328.600044
100.000000, 323.453266
100.000000, 318.306488
100.000000, 313.159710
100.000000, 308.012932
100.000000, 302.866154
100.000000, 297.719375
100.000000, 292.572597
100.000000, 287.425819
100.000000, 282.279041
100.000000, 277.132263
100.000000, 271.985485
100.000000, 266.838706
100.000000, 261.691928
100.000000, 256.545150
100.000000, 251.398372
100.000000, 246.251594
100.000000, 241.104816
100.000000, 235.958037
100.000000, 230.811259
100.000000, 225.664481
100.000000, 220.517703
100.000000, 215.370925
100.000000, 210.224147
100.000000, 205.077369
100.000000, 199.930590
100.000000, 194.783812
100.000000, 189.637034
100.000000, 184.490256
100.000000, 179.343478
100.000000, 174.196700
100.000000, 169.049921
100.000000, 163.903143
100.000000, 158.756365
100.000000, 153.609587
100.000000, 148.462809
100.000000, 143.316031
100.000000, 138.169252
100.000000, 133.022474
100.000000, 127.875696
100.000000, 122.728918
100.000000, 117.582140
100.000000, 112.435362
100.000000, 107.288583
100.000000, 102.141805
100.000000, 96.995027
100.000000, 91.848249
100.000000, 86.701471
100.000000, 81.554693
100.000000, 76.407915
100.000000, 71.261136
100.000000, 66.114358
100.000000, 60.967580
100.000000, 55.820802
100.000000, 50.674024
100.000000, 45.527246
100.000000, 40.380467
100.000000, 35.233689
100.000000, 30.086911
100.000000, 24.940133
100.000000, 19.793355
100.000000, 14.646577
100.000000, 9.499798
100.000000, 4.353020
100.000000, 359.206242
100.000000, 354.059464
100.000000, 348.912686
100.000000, 343.765908
100.000000, 338.619129
100.000000, 333.472351
100.000000, 328.325573
100.000000, 323.178795
100.000000, 318.032017
100.000000, 312.885239
100.000000, 307.738461
100.000000, 302.591682
100.000000, 297.444904
100.000000, 292.298126
100.000000, 287.151348
100.000000, 282.004570
100.000000, 276.857792
100.000000, 271.711013
100.000000, 266.564235
100.000000, 261.417457
100.000000, 256.270679
100.000000, 251.123901
100.000000, 245.977123
100.000000, 240.830344
100.000000, 235.683566
100.000000, 230.536788
100.000000, 225.390010
100.000000, 220.243232
100.000000, 215.096454
100.000000, 209.949675
100.000000, 204.802897
100.000000, 199.656119
100.000000, 194.509341
100.000000, 189.362563
100.000000, 184.215785
100.000000, 179.069007
100.000000, 173.922228
100.000000, 168.775450
100.000000, 163.628672
100.000000, 158.481894
100.000000, 153.335116
100.000000, 148.188338
100.000000, 143.041559
100.000000, 137.894781
100.000000, 132.748003
100.000000, 127.601225
100.000000, 122.454447
100.000000, 117.307669
100.000000, 112.160890
100.000000, 107.014112
100.000000, 101.867334
100.000000, 96.720556
100.000000, 91.573778
100.000000, 86.427000
100.000000, 81.280221
100.000000, 76.133443
100.000000, 70.986665
100.000000, 65.839887
100.000000, 60.693109
100.000000, 55.546331
100.000000, 50.399553
100.000000, 45.252774
100.000000, 40.105996
100.000000, 34.959218
100.000000, 29.812440
100.000000, 24.665662
100.000000, 19.518884
100.000000, 14.372105
100.000000, 9.225327
100.000000, 4.078549
100.000000, 358.931771
100.000000, 353.784993
100.000000, 348.638215
100.000000, 343.491436
100.000000, 338.344658
100.000000, 333.197880
100.000000, 328.051102
100.000000, 322.904324
100.000000, 317.757546
100.000000, 312.610767
100.000000, 307.463989
100.000000, 302.317211
100.000000, 297.170433
100.000000, 292.023655
100.000000, 286.876877
100.000000, 281.730099
100.000000, 276.583320
100.000000, 271.436542
100.000000, 266.289764
100.000000, 261.142986
100.000000, 255.996208
100.000000, 250.849430
100.000000, 245.702651
100.000000, 240.555873
100.000000, 235.409095
100.000000, 230.262317
100.000000, 225.115539
100.000000, 219.968761
100.000000, 214.821982
100.000000, 209.675204
100.000000, 204.528426
100.000000, 199.381648
100.000000, 194.234870
100.000000, 189.088092
100.000000, 183.941313
100.000000, 178.794535
100.000000, 173.647757
100.000000, 168.500979
100.000000, 163.354201
100.000000, 158.207423
100.000000, 153.060645
100.000000, 147.913866
100.000000, 142.767088
100.000000, 137.620310
100.000000, 132.473532
100.000000, 127.326754
100.000000, 122.179976
100.000000, 117.033197
100.000000, 111.886419
100.000000, 106.739641
100.000000, 101.592863
100.000000, 96.446085
100.000000, 91.299307
100.000000, 86.152528
100.000000, 81.005750
100.000000, 75.858972
100.000000, 70.712194
100.000000, 65.565416
100.000000, 60.418638
100.000000, 55.271859
100.000000, 50.125081
100.000000, 44.978303
100.000000, 39.831525
100.000000, 34.684747
100.000000, 29.537969
100.000000, 24.391191
100.000000, 19.244412
100.000000, 14.097634
100.000000, 8.950856
100.000000, 3.804078
100.000000, 358.657300
100.000000, 353.510522
100.000000, 348.363743
100.000000, 343.216965
100.000000, 338.070187
100.000000, 332.923409
100.000000, 327.776631
100.000000, 322.629853
100.000000, 317.483074
100.000000, 312.336296
100.000000, 307.189518
100.000000, 302.042740
100.000000, 296.895962
100.000000, 291.749184
100.000000, 286.602405
100.000000, 281.455627
100.000000, 276.308849
100.000000, 271.162071
100.000000, 266.015293
100.000000, 260.868515
100.000000, 255.721737
100.000000, 250.574958
100.000000, 245.428180
100.000000, 240.281402
100.000000, 235.134624
100.000000, 229.987846
100.000000, 224.841068
100.000000, 219.694289
100.000000, 214.547511
100.000000, 209.400733
100.000000, 204.253955
100.000000, 199.107177
100.000000, 193.960399
100.000000, 188.813620
100.000000, 183.666842
100.000000, 178.520064
100.000000, 173.373286
100.000000, 168.226508
100.000000, 163.079730
100.000000, 157.932951
100.000000, 152.786173
100.000000, 147.639395
100.000000, 142.492617
100.000000, 137.345839
100.000000, 132.199061
100.000000, 127.052283
100.000000, 121.905504
100.000000, 116.758726
100.000000, 111.611948
100.000000, 106.465170
100.000000, 101.318392
100.000000, 96.171614
100.000000, 91.024835
100.000000, 85.878057
100.000000, 80.731279
100.000000, 75.584501
100.000000, 70.437723
100.000000, 65.290945
100.000000, 60.144166
100.000000, 54.997388
100.000000, 49.850610
100.000000, 44.703832
100.000000, 39.557054
100.000000, 34.410276
100.000000, 29.263497
100.000000, 24.116719
100.000000, 18.969941
100.000000, 13.823163
100.000000, 8.676385
100.000000, 3.529607
100.000000, 358.382829
100.000000, 353.236050
100.000000, 348.089272
100.000000, 342.942494
100.000000, 337.795716
100.000000, 332.648938
100.000000, 327.502160
100.000000, 322.355381
100.000000, 317.208603
100.000000, 312.061825
100.000000, 306.915047
100.000000, 301.768269
100.000000, 296.621491
100.000000, 291.474712
100.000000, 286.327934
100.000000, 281.181156
100.000000, 276.034378
100.000000, 270.887600
100.000000, 265.740822
100.000000, 260.594043
100.000000, 255.447265
100.000000, 250.300487
100.000000, 245.153709
100.000000, 240.006931
100.000000, 234.860153
100.000000, 229.713375
100.000000, 224.566596
100.000000, 219.419818
100.000000, 214.273040
100.000000, 209.126262
100.000000, 203.979484
100.000000, 198.832706
100.000000, 193.685927
100.000000, 188.539149
100.000000, 183.392371
100.000000, 178.245593
100.000000, 173.098815
100.000000, 167.952037
100.000000, 162.805258
100.000000, 157.658480
100.000000, 152.511702
100.000000, 147.364924
100.000000, 142.218146
100.000000, 137.071368
100.000000, 131.924589
100.000000, 126.777811
100.000000, 121.631033
100.000000, 116.484255
100.000000, 111.337477
100.000000, 106.190699
100.000000, 101.043921
100.000000, 95.897142
100.000000, 90.750364
100.000000, 85.603586
100.000000, 80.456808
100.000000, 75.310030
100.000000, 70.163252
100.000000, 65.016473
100.000000, 59.869695
100.000000, 54.722917
100.000000, 49.576139
100.000000, 44.429361
100.000000, 39.282583
100.000000, 34.135804
100.000000, 28.989026
100.000000, 23.842248
100.000000, 18.695470
100.000000, 13.548692
100.000000, 8.401914
100.000000, 3.255135
100.000000, 358.108357
100.000000, 352.961579
100.000000, 347.814801
100.000000, 342.668023
100.000000, 337.521245
100.000000, 332.374467
100.000000, 327.227688
100.000000, 322.080910
100.000000, 316.934132
100.000000, 311.787354
100.000000, 306.640576
100.000000, 301.493798
100.000000, 296.347019
100.000000, 291.200241
100.000000, 286.053463
100.000000, 280.906685
100.000000, 275.759907
100.000000, 270.613129
100.000000, 265.466350
100.000000, 260.319572
100.000000, 255.172794
100.000000, 250.026016
100.000000, 244.879238
100.000000, 239.732460
100.000000, 234.585681
100.000000, 229.438903
100.000000, 224.292125
100.000000, 219.145347
100.000000, 213.998569
100.000000, 208.851791
100.000000, 203.705013
100.000000, 198.558234
100.000000, 193.411456
100.000000, 188.264678
100.000000, 183.117900
100.000000, 177.971122
100.000000, 172.824344
100.000000, 167.677565
100.000000, 162.530787
100.000000, 157.384009
100.000000, 152.237231
100.000000, 147.090453
100.000000, 141.943675
100.000000, 136.796896
100.000000, 131.650118
100.000000, 126.503340
100.000000, 121.356562
100.000000, 116.209784
100.000000, 111.063006
100.000000, 105.916227
100.000000, 100.769449
100.000000, 95.622671
100.000000, 90.475893
100.000000, 85.329115
100.000000, 80.182337
100.000000, 75.035559
100.000000, 69.888780
100.000000, 64.742002
100.000000, 59.595224
100.000000, 54.448446
100.000000, 49.301668
100.000000, 44.154890
100.000000, 39.008111
100.000000, 33.861333
100.000000, 28.714555
100.000000, 23.567777
100.000000, 18.420999
100.000000, 13.274221
100.000000, 8.127442
100.000000, 2.980664
100.000000, 357.833886
100.000000, 352.687108
100.000000, 347.540330
100.000000, 342.393552
100.000000, 337.246773
100.000000, 332.099995
100.000000, 326.953217
100.000000, 321.806439
100.000000, 316.659661
100.000000, 311.512883
100.000000, 306.366105
100.000000, 301.219326
100.000000, 296.072548
100.000000, 290.925770
100.000000, 285.778992
100.000000, 280.632214
100.000000, 275.485436
100.000000, 270.338657
100.000000, 265.191879
100.000000, 260.045101
100.000000, 254.898323
100.000000, 249.751545
100.000000, 244.604767
100.000000, 239.457988
100.000000, 234.311210
100.000000, 229.164432
100.000000, 224.017654
100.000000, 218.870876
100.000000, 213.724098
100.000000, 208.577319
100.000000, 203.430541
100.000000, 198.283763
100.000000, 193.136985
100.000000, 187.990207
100.000000, 182.843429
100.000000, 177.696651
100.000000, 172.549872
100.000000, 167.403094
100.000000, 162.256316
100.000000, 157.109538
100.000000, 151.962760
100.000000, 146.815982
100.000000, 141.669203
100.000000, 136.522425
100.000000, 131.375647
100.000000, 126.228869
100.000000, 121.082091
100.000000, 115.935313
100.000000, 110.788534
100.000000, 105.641756
100.000000, 100.494978
100.000000, 95.348200
100.000000, 90.201422
100.000000, 85.054644
100.000000, 79.907865
100.000000, 74.761087
100.000000, 69.614309
100.000000, 64.467531
100.000000, 59.320753
100.000000, 54.173975
100.000000, 49.027197
100.000000, 43.880418
100.000000, 38.733640
100.000000, 33.586862
100.000000, 28.440084
100.000000, 23.293306
100.000000, 18.146528
100.000000, 12.999749
100.000000, 7.852971
100.000000, 2.706193
100.000000, 357.559415
100.000000, 352.412637
100.000000, 347.265859
100.000000, 342.119080
100.000000, 336.972302
100.000000, 331.825524
100.000000, 326.678746
100.000000, 321.531968
100.000000, 316.385190
100.000000, 311.238411
100.000000, 306.091633
100.000000, 300.944855
100.000000, 295.798077
100.000000, 290.651299
100.000000, 285.504521
100.000000, 280.357743
100.000000, 275.210964
100.000000, 270.064186
100.000000, 264.917408
100.000000, 259.770630
100.000000, 254.623852
100.000000, 249.477074
100.000000, 244.330295
100.000000, 239.183517
100.000000, 234.036739
100.000000, 228.889961
100.000000, 223.743183
100.000000, 218.596405
100.000000, 213.449626
100.000000, 208.302848
100.000000, 203.156070
100.000000, 198.009292
100.000000, 192.862514
100.000000, 187.715736
100.000000, 182.568957
100.000000, 177.422179
100.000000, 172.275401
100.000000, 167.128623
100.000000, 161.981845
100.000000, 156.835067
100.000000, 151.688289
100.000000, 146.541510
100.000000, 141.394732
100.000000, 136.247954
100.000000, 131.101176
100.000000, 125.954398
100.000000, 120.807620
100.000000, 115.660841
100.000000, 110.514063
100.000000, 105.367285
100.000000, 100.220507
100.000000, 95.073729
100.000000, 89.926951
100.000000, 84.780172
100.000000, 79.633394
100.000000, 74.486616
100.000000, 69.339838
100.000000, 64.193060
100.000000, 59.046282
100.000000, 53.899503
100.000000, 48.752725
100.000000, 43.605947
100.000000, 38.459169
100.000000, 33.312391
100.000000, 28.165613
100.000000, 23.018835
100.000000, 17.872056
100.000000, 12.725278
100.000000, 7.578500
100.000000, 2.431722
100.000000, 357.284944
100.000000, 352.138166
100.000000, 346.991387
100.000000, 341.844609
100.000000, 336.697831
100.000000, 331.551053
100.000000, 326.404275
100.000000, 321.257497
100.000000, 316.110718
100.000000, 310.963940
100.000000, 305.817162
100.000000, 300.670384
100.000000, 295.523606
100.000000, 290.376828
100.000000, 285.230049
100.000000, 280.083271
100.000000, 274.936493
100.000000, 269.789715
100.000000, 264.642937
100.000000, 259.496159
100.000000, 254.349381
100.000000, 249.202602
100.000000, 244.055824
100.000000, 238.909046
100.000000, 233.762268
100.000000, 228.615490
100.000000, 223.468712
100.000000, 218.321933
100.000000, 213.175155
100.000000, 208.028377
100.000000, 202.881599
100.000000, 197.734821
100.000000, 192.588043
100.000000, 187.441264
100.000000, 182.294486
100.000000, 177.147708
100.000000, 172.000930
100.000000, 166.854152
100.000000, 161.707374
100.000000, 156.560595
100.000000, 151.413817
100.000000, 146.267039
100.000000, 141.120261
100.000000, 135.973483
100.000000, 130.826705
100.000000, 125.679927
100.000000, 120.533148
100.000000, 115.386370
100.000000, 110.239592
100.000000, 105.092814
100.000000, 99.946036
100.000000, 94.799258
100.000000, 89.652479
100.000000, 84.505701
100.000000, 79.358923
100.000000, 74.212145
100.000000, 69.065367
100.000000, 63.918589
100.000000, 58.771810
100.000000, 53.625032
100.000000, 48.478254
100.000000, 43.331476
100.000000, 38.184698
100.000000, 33.037920
100.000000, 27.891141
100.000000, 22.744363
100.000000, 17.597585
100.000000, 12.450807
100.000000, 7.304029
100.000000, 2.157251
100.000000, 357.010473
100.000000, 351.863694
100.000000, 346.716916
100.000000, 341.570138
100.000000, 336.423360
100.000000, 331.276582
100.000000, 326.129804
100.000000, 320.983025
100.000000, 315.836247
100.000000, 310.689469
100.000000, 305.542691
100.000000, 300.395913
100.000000, 295.249135
100.000000, 290.102356
100.000000, 284.955578
100.000000, 279.808800
100.000000, 274.662022
100.000000, 269.515244
100.000000, 264.368466
100.000000, 259.221687
100.000000, 254.074909
100.000000, 248.928131
100.000000, 243.781353
100.000000, 238.634575
100.000000, 233.487797
100.000000, 228.341019
100.000000, 223.194240
100.000000, 218.047462
100.000000, 212.900684
100.000000, 207.753906
100.000000, 202.607128
100.000000, 197.460350
100.000000, 192.313571
100.000000, 187.166793
100.000000, 182.020015
100.000000, 176.873237
100.000000, 171.726459
100.000000, 166.579681
100.000000, 161.432902
100.000000, 156.286124
100.000000, 151.139346
100.000000, 145.992568
100.000000, 140.845790
100.000000, 135.699012
100.000000, 130.552233
100.000000, 125.405455
100.000000, 120.258677
100.000000, 115.111899
100.000000, 109.965121
100.000000, 104.818343
100.000000, 99.671565
100.000000, 94.524786
100.000000, 89.378008
100.000000, 84.231230
100.000000, 79.084452
100.000000, 73.937674
100.000000, 68.790896
100.000000, 63.644117
100.000000, 58.497339
100.000000, 53.350561
100.000000, 48.203783
100.000000, 43.057005
100.000000, 37.910227
100.000000, 32.763448
100.000000, 27.616670
100.000000, 22.469892
100.000000, 17.323114
100.000000, 12.176336
100.000000, 7.029558
100.000000, 1.882779
100.000000, 356.736001
100.000000, 351.589223
100.000000, 346.442445
100.000000, 341.295667
100.000000, 336.148889
100.000000, 331.002111
100.000000, 325.855332
100.000000, 320.708554
100.000000, 315.561776
100.000000, 310.414998
100.000000, 305.268220
100.000000, 300.121442
100.000000, 294.974663
100.000000, 289.827885
100.000000, 284.681107
100.000000, 279.534329
100.000000, 274.387551
100.000000, 269.240773
100.000000, 264.093994
100.000000, 258.947216
100.000000, 253.800438
100.000000, 248.653660
100.000000, 243.506882
100.000000, 238.360104
100.000000, 233.213325
100.000000, 228.066547
100.000000, 222.919769
100.000000, 217.772991
100.000000, 212.626213
100.000000, 207.479435
100.000000, 202.332657
100.000000, 197.185878
100.000000, 192.039100
100.000000, 186.892322
100.000000, 181.745544
100.000000, 176.598766
100.000000, 171.451988
100.000000, 166.305209
100.000000, 161.158431
100.000000, 156.011653
100.000000, 150.864875
100.000000, 145.718097
100.000000, 140.571319
100.000000, 135.424540
100.000000, 130.277762
100.000000, 125.130984
100.000000, 119.984206
100.000000, 114.837428
100.000000, 109.690650
100.000000, 104.543871
100.000000, 99.397093
100.000000, 94.250315
100.000000, 89.103537
100.000000, 83.956759
100.000000, 78.809981
100.000000, 73.663203
100.000000, 68.516424
100.000000, 63.369646
100.000000, 58.222868
100.000000, 53.076090
100.000000, 47.929312
100.000000, 42.782534
100.000000, 37.635755
100.000000, 32.488977
100.000000, 27.342199
100.000000, 22.195421
100.000000, 17.048643
100.000000, 11.901865
100.000000, 6.755086
100.000000, 1.608308
100.000000, 356.461530
100.000000, 351.314752
100.000000, 346.167974
100.000000, 341.021196
100.000000, 335.874417
100.000000, 330.727639
100.000000, 325.580861
100.000000, 320.434083
100.000000, 315.287305
100.000000, 310.140527
100.000000, 304.993749
100.000000, 299.846970
100.000000, 294.700192
100.000000, 289.553414
100.000000, 284.406636
100.000000, 279.259858
100.000000, 274.113080
100.000000, 268.966301
100.000000, 263.819523
100.000000, 258.672745
100.000000, 253.525967
100.000000, 248.379189
100.000000, 243.232411
100.000000, 238.085632
100.000000, 232.938854
100.000000, 227.792076
100.000000, 222.645298
100.000000, 217.498520
100.000000, 212.351742
100.000000, 207.204963
100.000000, 202.058185
100.000000, 196.911407
100.000000, 191.764629
100.000000, 186.617851
100.000000, 181.471073
100.000000, 176.324295
100.000000, 171.177516
100.000000, 166.030738
100.000000, 160.883960
100.000000, 155.737182
100.000000, 150.590404
100.000000, 145.443626
100.000000, 140.296847
100.000000, 135.150069
100.000000, 130.003291
100.000000, 124.856513
100.000000, 119.709735
100.000000, 114.562957
100.000000, 109.416178
100.000000, 104.269400
100.000000, 99.122622
100.000000, 93.975844
100.000000, 88.829066
100.000000, 83.682288
100.000000, 78.535509
100.000000, 73.388731
100.000000, 68.241953
100.000000, 63.095175
100.000000, 57.948397
100.000000, 52.801619
100.000000, 47.654841
100.000000, 42.508062
100.000000, 37.361284
100.000000, 32.214506
100.000000, 27.067728
100.000000, 21.920950
100.000000, 16.774172
100.000000, 11.627393
100.000000, 6.480615
100.000000, 1.333837
100.000000, 356.187059
100.000000, 351.040281
100.000000, 345.893503
100.000000, 340.746724
100.000000, 335.599946
100.000000, 330.453168
100.000000, 325.306390
100.000000, 320.159612
100.000000, 315.012834
100.000000, 309.866055
100.000000, 304.719277
100.000000, 299.572499
100.000000, 294.425721
100.000000, 289.278943
100.000000, 284.132165
100.000000, 278.985387
100.000000, 273.838608
100.000000, 268.691830
100.000000, 263.545052
100.000000, 258.398274
100.000000, 253.251496
100.000000, 248.104718
100.000000, 242.957939
100.000000, 237.811161
100.000000, 232.664383
100.000000, 227.517605
100.000000, 222.370827
100.000000, 217.224049
100.000000, 212.077270
100.000000, 206.930492
100.000000, 201.783714
100.000000, 196.636936
100.000000, 191.490158
100.000000, 186.343380
100.000000, 181.196601
100.000000, 176.049823
100.000000, 170.903045
100.000000, 165.756267
100.000000, 160.609489
100.000000, 155.462711
100.000000, 150.315933
100.000000, 145.169154
100.000000, 140.022376
100.000000, 134.875598
100.000000, 129.728820
100.000000, 124.582042
100.000000, 119.435264
100.000000, 114.288485
100.000000, 109.141707
100.000000, 103.994929
100.000000, 98.848151
100.000000, 93.701373
100.000000, 88.554595
100.000000, 83.407816
100.000000, 78.261038
100.000000, 73.114260
100.000000, 67.967482
100.000000, 62.820704
100.000000, 57.673926
100.000000, 52.527147
100.000000, 47.380369
100.000000, 42.233591
100.000000, 37.086813
100.000000, 31.940035
100.000000, 26.793257
100.000000, 21.646479
100.000000, 16.499700
100.000000, 11.352922
100.000000, 6.206144
100.000000, 1.059366
100.000000, 355.912588
100.000000, 350.765810
100.000000, 345.619031
100.000000, 340.472253
100.000000, 335.325475
100.000000, 330.178697
100.000000, 325.031919
100.000000, 319.885141
100.000000, 314.738362
100.000000, 309.591584
100.000000, 304.444806
100.000000, 299.298028
100.000000, 294.151250
100.000000, 289.004472
100.000000, 283.857693
100.000000, 278.710915
100.000000, 273.564137
100.000000, 268.417359
100.000000, 263.270581
100.000000, 258.123803
100.000000, 252.977025
100.000000, 247.830246
100.000000, 242.683468
100.000000, 237.536690
100.000000, 232.389912
100.000000, 227.243134
100.000000, 222.096356
100.000000, 216.949577
100.000000, 211.802799
100.000000, 206.656021
100.000000, 201.509243
100.000000, 196.362465
100.000000, 191.215687
100.000000, 186.068908
100.000000, 180.922130
100.000000, 175.775352
100.000000, 170.628574
100.000000, 165.481796
100.000000, 160.335018
100.000000, 155.188239
100.000000, 150.041461
100.000000, 144.894683
100.000000, 139.747905
100.000000, 134.601127
100.000000, 129.454349
100.000000, 124.307571
100.000000, 119.160792
100.000000, 114.014014
100.000000, 108.867236
100.000000, 103.720458
100.000000, 98.573680
100.000000, 93.426902
100.000000, 88.280123
100.000000, 83.133345
100.000000, 77.986567
100.000000, 72.839789
100.000000, 67.693011
100.000000, 62.546233
100.000000, 57.399454
100.000000, 52.252676
100.000000, 47.105898
100.000000, 41.959120
100.000000, 36.812342
100.000000, 31.665564
100.000000, 26.518785
100.000000, 21.372007
100.000000, 16.225229
100.000000, 11.078451
100.000000, 5.931673
100.000000, 0.784895
100.000000, 355.638117
100.000000, 350.491338
100.000000, 345.344560
100.000000, 340.197782
100.000000, 335.051004
100.000000, 329.904226
100.000000, 324.757448
100.000000, 319.610669
100.000000, 314.463891
100.000000, 309.317113
100.000000, 304.170335
100.000000, 299.023557
100.000000, 293.876779
100.000000, 288.730000
100.000000, 283.583222
100.000000, 278.436444
100.000000, 273.289666
100.000000, 268.142888
100.000000, 262.996110
100.000000, 257.849331
100.000000, 252.702553
100.000000, 247.555775
100.000000, 242.408997
100.000000, 237.262219
100.000000, 232.115441
100.000000, 226.968663
100.000000, 221.821884
100.000000, 216.675106
100.000000, 211.528328
100.000000, 206.381550
100.000000, 201.234772
100.000000, 196.087994
100.000000, 190.941215
100.000000, 185.794437
100.000000, 180.647659
100.000000, 175.500881
100.000000, 170.354103
100.000000, 165.207325
100.000000, 160.060546
100.000000, 154.913768
100.000000, 149.766990
100.000000, 144.620212
100.000000, 139.473434
100.000000, 134.326656
100.000000, 129.179877
100.000000, 124.033099
100.000000, 118.886321
100.000000, 113.739543
100.000000, 108.592765
100.000000, 103.445987
100.000000, 98.299209
100.000000, 93.152430
100.000000, 88.005652
100.000000, 82.858874
100.000000, 77.712096
100.000000, 72.565318
100.000000, 67.418540
100.000000, 62.271761
100.000000, 57.124983
100.000000, 51.978205
100.000000, 46.831427
100.000000, 41.684649
100.000000, 36.537871
100.000000, 31.391092
100.000000, 26.244314
100.000000, 21.097536
100.000000, 15.950758
100.000000, 10.803980
100.000000, 5.657202
100.000000, 0.510423
100.000000, 355.363645
100.000000, 350.216867
100.000000, 345.070089
100.000000, 339.923311
100.000000, 334.776533
100.000000, 329.629755
100.000000, 324.482976
100.000000, 319.336198
100.000000, 314.189420
100.000000, 309.042642
100.000000, 303.895864
100.000000, 298.749086
100.000000, 293.602307
100.000000, 288.455529
100.000000, 283.308751
100.000000, 278.161973
100.000000, 273.015195
100.000000, 267.868417
100.000000, 262.721638
100.000000, 257.574860
100.000000, 252.428082
100.000000, 247.281304
100.000000, 242.134526
100.000000, 236.987748
100.000000, 231.840969
100.000000, 226.694191
100.000000, 221.547413
100.000000, 216.400635
100.000000, 211.253857
100.000000, 206.107079
100.000000, 200.960301
100.000000, 195.813522
100.000000, 190.666744
100.000000, 185.519966
100.000000, 180.373188
100.000000, 175.226410
100.000000, 170.079632
100.000000, 164.932853
100.000000, 159.786075
100.000000, 154.639297
100.000000, 149.492519
100.000000, 144.345741
100.000000, 139.198963
100.000000, 134.052184
100.000000, 128.905406
100.000000, 123.758628
100.000000, 118.611850
100.000000, 113.465072
100.000000, 108.318294
100.000000, 103.171515
100.000000, 98.024737
100.000000, 92.877959
100.000000, 87.731181
100.000000, 82.584403
100.000000, 77.437625
100.000000, 72.290847
100.000000, 67.144068
100.000000, 61.997290
100.000000, 56.850512
100.000000, 51.703734
100.000000, 46.556956
100.000000, 41.410178
100.000000, 36.263399
100.000000, 31.116621
100.000000, 25.969843
100.000000, 20.823065
100.000000, 15.676287
100.000000, 10.529509
100.000000, 5.382730
100.000000, 0.235952
100.000000, 355.089174
100.000000, 349.942396
100.000000, 344.795618
100.000000, 339.648840
100.000000, 334.502061
100.000000, 329.355283
100.000000, 324.208505
100.000000, 319.061727
100.000000, 313.914949
100.000000, 308.768171
100.000000, 303.621393
100.000000, 298.474614
100.000000, 293.327836
100.000000, 288.181058
100.000000, 283.034280
100.000000, 277.887502
100.000000, 272.740724
100.000000, 267.593945
100.000000, 262.447167
100.000000, 257.300389
100.000000, 252.153611
100.000000, 247.006833
100.000000, 241.860055
100.000000, 236.713276
100.000000, 231.566498
100.000000, 226.419720
100.000000, 221.272942
100.000000, 216.126164
100.000000, 210.979386
100.000000, 205.832607
100.000000, 200.685829
100.000000, 195.539051
100.000000, 190.392273
100.000000, 185.245495
100.000000, 180.098717
100.000000, 174.951939
100.000000, 169.805160
100.000000, 164.658382
100.000000, 159.511604
100.000000, 154.364826
100.000000, 149.218048
100.000000, 144.071270
100.000000, 138.924491
100.000000, 133.777713
100.000000, 128.630935
100.000000, 123.484157
100.000000, 118.337379
100.000000, 113.190601
100.000000, 108.043822
100.000000, 102.897044
100.000000, 97.750266
100.000000, 92.603488
100.000000, 87.456710
100.000000, 82.309932
100.000000, 77.163153
100.000000, 72.016375
100.000000, 66.869597
100.000000, 61.722819
100.000000, 56.576041
100.000000, 51.429263
100.000000, 46.282485
100.000000, 41.135706
100.000000, 35.988928
100.000000, 30.842150
100.000000, 25.695372
100.000000, 20.548594
100.000000, 15.401816
100.000000, 10.255037
100.000000, 5.108259
100.000000, 359.961481
100.000000, 354.814703
100.000000, 349.667925
100.000000, 344.521147
100.000000, 339.374368
100.000000, 334.227590
100.000000, 329.080812
100.000000, 323.934034
100.000000, 318.787256
100.000000, 313.640478
100.000000, 308.493699
100.000000, 303.346921
100.000000, 298.200143
100.000000, 293.053365
100.000000, 287.906587
100.000000, 282.759809
100.000000, 277.613031
100.000000, 272.466252
100.000000, 267.319474
100.000000, 262.172696
100.000000, 257.025918
100.000000, 251.879140
100.000000, 246.732362
100.000000, 241.585583
100.000000, 236.438805
100.000000, 231.292027
100.000000, 226.145249
100.000000, 220.998471
100.000000, 215.851693
100.000000, 210.704914
100.000000, 205.558136
100.000000, 200.411358
100.000000, 195.264580
100.000000, 190.117802
100.000000, 184.971024
100.000000, 179.824245
100.000000, 174.677467
100.000000, 169.530689
100.000000, 164.383911
100.000000, 159.237133
100.000000, 154.090355
100.000000, 148.943577
100.000000, 143.796798
100.000000, 138.650020
100.000000, 133.503242
100.000000, 128.356464
100.000000, 123.209686
100.000000, 118.062908
100.000000, 112.916129
100.000000, 107.769351
100.000000, 102.622573
100.000000, 97.475795
100.000000, 92.329017
100.000000, 87.182239
100.000000, 82.035460
100.000000, 76.888682
100.000000, 71.741904
100.000000, 66.595126
100.000000, 61.448348
100.000000, 56.301570
100.000000, 51.154791
100.000000, 46.008013
100.000000, 40.861235
100.000000, 35.714457
100.000000, 30.567679
100.000000, 25.420901
100.000000, 20.274123
100.000000, 15.127344
100.000000, 9.980566
100.000000, 4.833788
100.000000, 359.687010
100.000000, 354.540232
100.000000, 349.393454
100.000000, 344.246675
100.000000, 339.099897
100.000000, 333.953119
100.000000, 328.806341
100.000000, 323.659563
100.000000, 318.512785
100.000000, 313.366006
100.000000, 308.219228
100.000000, 303.072450
100.000000, 297.925672
100.000000, 292.778894
100.000000, 287.632116
100.000000, 282.485337
100.000000, 277.338559
100.000000, 272.191781
100.000000, 267.045003
100.000000, 261.898225
100.000000, 256.751447
100.000000, 251.604669
100.000000, 246.457890
100.000000, 241.311112
100.000000, 236.164334
100.000000, 231.017556
100.000000, 225.870778
100.000000, 220.724000
100.000000, 215.577221
100.000000, 210.430443
100.000000, 205.283665
100.000000, 200.136887
100.000000, 194.990109
100.000000, 189.843331
100.000000, 184.696552
100.000000, 179.549774
100.000000, 174.402996
100.000000, 169.256218
100.000000, 164.109440
100.000000, 158.962662
100.000000, 153.815883
100.000000, 148.669105
100.000000, 143.522327
100.000000, 138.375549
100.000000, 133.228771
100.000000, 128.081993
100.000000, 122.935215
100.000000, 117.788436
100.000000, 112.641658
100.000000, 107.494880
100.000000, 102.348102
100.000000, 97.201324
100.000000, 92.054546
100.000000, 86.907767
100.000000, 81.760989
100.000000, 76.614211
100.000000, 71.467433
100.000000, 66.320655
100.000000, 61.173877
100.000000, 56.027098
100.000000, 50.880320
100.000000, 45.733542
100.000000, 40.586764
100.000000, 35.439986
100.000000, 30.293208
100.000000, 25.146429
100.000000, 19.999651
100.000000, 14.852873
100.000000, 9.706095
100.000000, 4.559317
100.000000, 359.412539
100.000000, 354.265761
100.000000, 349.118982
100.000000, 343.972204
100.000000, 338.825426
100.000000, 333.678648
100.000000, 328.531870
100.000000, 323.385092
100.000000, 318.238313
100.000000, 313.091535
100.000000, 307.944757
100.000000, 302.797979
100.000000, 297.651201
100.000000, 292.504423
100.000000, 287.357644
100.000000, 282.210866
100.000000, 277.064088
100.000000, 271.917310
100.000000, 266.770532
100.000000, 261.623754
100.000000, 256.476975
100.000000, 251.330197
100.000000, 246.183419
100.000000, 241.036641
100.000000, 235.889863
100.000000, 230.743085
100.000000, 225.596307
100.000000, 220.449528
100.000000, 215.302750
100.000000, 210.155972
100.000000, 205.009194
100.000000, 199.862416
100.000000, 194.715638
100.000000, 189.568859
100.000000, 184.422081
100.000000, 179.275303
100.000000, 174.128525
100.000000, 168.981747
100.000000, 163.834969
100.000000, 158.688190
100.000000, 153.541412
100.000000, 148.394634
100.000000, 143.247856
100.000000, 138.101078
100.000000, 132.954300
100.000000, 127.807521
100.000000, 122.660743
100.000000, 117.513965
100.000000, 112.367187
100.000000, 107.220409
100.000000, 102.073631
100.000000, 96.926853
100.000000, 91.780074
100.000000, 86.633296
100.000000, 81.486518
100.000000, 76.339740
100.000000, 71.192962
100.000000, 66.046184
100.000000, 60.899405
100.000000, 55.752627
100.000000, 50.605849
100.000000, 45.459071
100.000000, 40.312293
100.000000, 35.165515
100.000000, 30.018736
100.000000, 24.871958
100.000000, 19.725180
100.000000, 14.578402
100.000000, 9.431624
100.000000, 4.284846
100.000000, 359.138067
100.000000, 353.991289
100.000000, 348.844511
100.000000, 343.697733
100.000000, 338.550955
100.000000, 333.404177
100.000000, 328.257399
100.000000, 323.110620
100.000000, 317.963842
100.000000, 312.817064
100.000000, 307.670286
100.000000, 302.523508
100.000000, 297.376730
100.000000, 292.229951
100.000000, 287.083173
100.000000, 281.936395
100.000000, 276.789617
100.000000, 271.642839
100.000000, 266.496061
100.000000, 261.349282
100.000000, 256.202504
100.000000, 251.055726
100.000000, 245.908948
100.000000, 240.762170
100.000000, 235.615392
100.000000, 230.468613
100.000000, 225.321835
100.000000, 220.175057
100.000000, 215.028279
100.000000, 209.881501
100.000000, 204.734723
100.000000, 199.587945
100.000000, 194.441166
100.000000, 189.294388
100.000000, 184.147610
100.000000, 179.000832
100.000000, 173.854054
100.000000, 168.707276
100.000000, 163.560497
100.000000, 158.413719
100.000000, 153.266941
100.000000, 148.120163
100.000000, 142.973385
100.000000, 137.826607
100.000000, 132.679828
100.000000, 127.533050
100.000000, 122.386272
100.000000, 117.239494
100.000000, 112.092716
100.000000, 106.945938
100.000000, 101.799159
100.000000, 96.652381
100.000000, 91.505603
100.000000, 86.358825
100.000000, 81.212047
100.000000, 76.065269
100.000000, 70.918491
100.000000, 65.771712
100.000000, 60.624934
100.000000, 55.478156
100.000000, 50.331378
100.000000, 45.184600
100.000000, 40.037822
100.000000, 34.891043
100.000000, 29.744265
100.000000, 24.597487
100.000000, 19.450709
100.000000, 14.303931
100.000000, 9.157153
100.000000, 4.010374
100.000000, 358.863596
100.000000, 353.716818
100.000000, 348.570040
100.000000, 343.423262
100.000000, 338.276484
100.000000, 333.129705
100.000000, 327.982927
100.000000, 322.836149
100.000000, 317.689371
100.000000, 312.542593
100.000000, 307.395815
100.000000, 302.249037
100.000000, 297.102258
100.000000, 291.955480
100.000000, 286.808702
100.000000, 281.661924
100.000000, 276.515146
100.000000, 271.368368
100.000000, 266.221589
100.000000, 261.074811
100.000000, 255.928033
100.000000, 250.781255
100.000000, 245.634477
100.000000, 240.487699
100.000000, 235.340920
100.000000, 230.194142
100.000000, 225.047364
100.000000, 219.900586
100.000000, 214.753808
100.000000, 209.607030
100.000000, 204.460251
100.000000, 199.313473
100.000000, 194.166695
100.000000, 189.019917
100.000000, 183.873139
100.000000, 178.726361
100.000000, 173.579583
100.000000, 168.432804
100.000000, 163.286026
100.000000, 158.139248
100.000000, 152.992470
100.000000, 147.845692
100.000000, 142.698914
100.000000, 137.552135
100.000000, 132.405357
100.000000, 127.258579
100.000000, 122.111801
100.000000, 116.965023
100.000000, 111.818245
100.000000, 106.671466
100.000000, 101.524688
100.000000, 96.377910
100.000000, 91.231132
100.000000, 86.084354
100.000000, 80.937576
100.000000, 75.790797
100.000000, 70.644019
100.000000, 65.497241
100.000000, 60.350463
100.000000, 55.203685
100.000000, 50.056907
100.000000, 44.910129
100.000000, 39.763350
100.000000, 34.616572
100.000000, 29.469794
100.000000, 24.323016
100.000000, 19.176238
100.000000, 14.029460
100.000000, 8.882681
100.000000, 3.735903
100.000000, 358.589125
100.000000, 353.442347
100.000000, 348.295569
100.000000, 343.148791
100.000000, 338.002012
100.000000, 332.855234
100.000000, 327.708456
100.000000, 322.561678
100.000000, 317.414900
100.000000, 312.268122
100.000000, 307.121343
100.000000, 301.974565
100.000000, 296.827787
100.000000, 291.681009
100.000000, 286.534231
100.000000, 281.387453
100.000000, 276.240675
100.000000, 271.093896
100.000000, 265.947118
100.000000, 260.800340
100.000000, 255.653562
100.000000, 250.506784
100.000000, 245.360006
100.000000, 240.213227
100.000000, 235.066449
100.000000, 229.919671
100.000000, 224.772893
100.000000, 219.626115
100.000000, 214.479337
100.000000, 209.332558
100.000000, 204.185780
100.000000, 199.039002
100.000000, 193.892224
100.000000, 188.745446
100.000000, 183.598668
100.000000, 178.451889
100.000000, 173.305111
100.000000, 168.158333
100.000000, 163.011555
100.000000, 157.864777
100.000000, 152.717999
100.000000, 147.571221
100.000000, 142.424442
100.000000, 137.277664
100.000000, 132.130886
100.000000, 126.984108
100.000000, 121.837330
100.000000, 116.690552
100.000000, 111.543773
100.000000, 106.396995
100.000000, 101.250217
100.000000, 96.103439
100.000000, 90.956661
100.000000, 85.809883
100.000000, 80.663104
100.000000, 75.516326
100.000000, 70.369548
100.000000, 65.222770
100.000000, 60.075992
100.000000, 54.929214
100.000000, 49.782435
100.000000, 44.635657
100.000000, 39.488879
100.000000, 34.342101
100.000000, 29.195323
100.000000, 24.048545
100.000000, 18.901767
100.000000, 13.754988
100.000000, 8.608210
100.000000, 3.461432
100.000000, 358.314654
100.000000, 353.167876
100.000000, 348.021098
100.000000, 342.874319
100.000000, 337.727541
100.000000, 332.580763
100.000000, 327.433985
100.000000, 322.287207
100.000000, 317.140429
100.000000, 311.993650
100.000000, 306.846872
100.000000, 301.700094
100.000000, 296.553316
100.000000, 291.406538
100.000000, 286.259760
100.000000, 281.112981
100.000000, 275.966203
100.000000, 270.819425
100.000000, 265.672647
100.000000, 260.525869
100.000000, 255.379091
100.000000, 250.232313
100.000000, 245.085534
100.000000, 239.938756
100.000000, 234.791978
100.000000, 229.645200
100.000000, 224.498422
100.000000, 219.351644
100.000000, 214.204865
100.000000, 209.058087
100.000000, 203.911309
100.000000, 198.764531
100.000000, 193.617753
100.000000, 188.470975
100.000000, 183.324196
100.000000, 178.177418
100.000000, 173.030640
100.000000, 167.883862
100.000000, 162.737084
100.000000, 157.590306
100.000000, 152.443527
100.000000, 147.296749
100.000000, 142.149971
100.000000, 137.003193
100.000000, 131.856415
100.000000, 126.709637
100.000000, 121.562859
100.000000, 116.416080
100.000000, 111.269302
100.000000, 106.122524
100.000000, 100.975746
100.000000, 95.828968
100.000000, 90.682190
100.000000, 85.535411
100.000000, 80.388633
100.000000, 75.241855
100.000000, 70.095077
100.000000, 64.948299
100.000000, 59.801521
100.000000, 54.654742
100.000000, 49.507964
100.000000, 44.361186
100.000000, 39.214408
100.000000, 34.067630
100.000000, 28.920852
100.000000, 23.774073
100.000000, 18.627295
100.000000, 13.480517
100.000000, 8.333739
100.000000, 3.186961
100.000000, 358.040183
100.000000, 352.893405
100.000000, 347.746626
100.000000, 342.599848
100.000000, 337.453070
100.000000, 332.306292
100.000000, 327.159514
100.000000, 322.012736
100.000000, 316.865957
100.000000, 311.719179
100.000000, 306.572401
100.000000, 301.425623
100.000000, 296.278845
100.000000, 291.132067
100.000000, 285.985288
100.000000, 280.838510
100.000000, 275.691732
100.000000, 270.544954
100.000000, 265.398176
100.000000, 260.251398
100.000000, 255.104619
100.000000, 249.957841
100.000000, 244.811063
100.000000, 239.664285
100.000000, 234.517507
100.000000, 229.370729
100.000000, 224.223951
100.000000, 219.077172
100.000000, 213.930394
100.000000, 208.783616
100.000000, 203.636838
100.000000, 198.490060
100.000000, 193.343282
100.000000, 188.196503
100.000000, 183.049725
100.000000, 177.902947
100.000000, 172.756169
100.000000, 167.609391
100.000000, 162.462613
100.000000, 157.315834
100.000000, 152.169056
100.000000, 147.022278
100.000000, 141.875500
100.000000, 136.728722
100.000000, 131.581944
100.000000, 126.435165
100.000000, 121.288387
100.000000, 116.141609
100.000000, 110.994831
100.000000, 105.848053
100.000000, 100.701275
100.000000, 95.554497
100.000000, 90.407718
100.000000, 85.260940
100.000000, 80.114162
100.000000, 74.967384
100.000000, 69.820606
100.000000, 64.673828
100.000000, 59.527049
100.000000, 54.380271
100.000000, 49.233493
100.000000, 44.086715
100.000000, 38.939937
100.000000, 33.793159
100.000000, 28.646380
100.000000, 23.499602
100.000000, 18.352824
100.000000, 13.206046
100.000000, 8.059268
100.000000, 2.912490
100.000000, 357.765711
100.000000, 352.618933
100.000000, 347.472155
100.000000, 342.325377
100.000000, 337.178599
100.000000, 332.031821
100.000000, 326.885043
100.000000, 321.738264
100.000000, 316.591486
100.000000, 311.444708
100.000000, 306.297930
100.000000, 301.151152
100.000000, 296.004374
100.000000, 290.857595
100.000000, 285.710817
100.000000, 280.564039
100.000000, 275.417261
100.000000, 270.270483
100.000000, 265.123705
100.000000, 259.976926
100.000000, 254.830148
100.000000, 249.683370
100.000000, 244.536592
100.000000, 239.389814
100.000000, 234.243036
100.000000, 229.096257
100.000000, 223.949479
100.000000, 218.802701
100.000000, 213.655923
100.000000, 208.509145
100.000000, 203.362367
100.000000, 198.215589
100.000000, 193.068810
100.000000, 187.922032
100.000000, 182.775254
100.000000, 177.628476
100.000000, 172.481698
100.000000, 167.334920
100.000000, 162.188141
100.000000, 157.041363
100.000000, 151.894585
100.000000, 146.747807
100.000000, 141.601029
100.000000, 136.454251
100.000000, 131.307472
100.000000, 126.160694
100.000000, 121.013916
100.000000, 115.867138
100.000000, 110.720360
100.000000, 105.573582
100.000000, 100.426803
100.000000, 95.280025
100.000000, 90.133247
100.000000, 84.986469
100.000000, 79.839691
100.000000, 74.692913
100.000000, 69.546135
100.000000, 64.399356
100.000000, 59.252578
100.000000, 54.105800
100.000000, 48.959022
100.000000, 43.812244
100.000000, 38.665466
100.000000, 33.518687
100.000000, 28.371909
100.000000, 23.225131
100.000000, 18.078353
100.000000, 12.931575
100.000000, 7.784797
100.000000, 2.638018
100.000000, 357.491240
100.000000, 352.344462
100.000000, 347.197684
100.000000, 342.050906
100.000000, 336.904128
100.000000, 331.757349
100.000000, 326.610571
100.000000, 321.463793
100.000000, 316.317015
100.000000, 311.170237
100.000000, 306.023459
100.000000, 300.876681
100.000000, 295.729902
100.000000, 290.583124
100.000000, 285.436346
100.000000, 280.289568
100.000000, 275.142790
100.000000, 269.996012
100.000000, 264.849233
100.000000, 259.702455
100.000000, 254.555677
100.000000, 249.408899
100.000000, 244.262121
100.000000, 239.115343
100.000000, 233.968564
100.000000, 228.821786
100.000000, 223.675008
100.000000, 218.528230
100.000000, 213.381452
100.000000, 208.234674
100.000000, 203.087895
100.000000, 197.941117
100.000000, 192.794339
100.000000, 187.647561
100.000000, 182.500783
100.000000, 177.354005
100.000000, 172.207227
100.000000, 167.060448
100.000000, 161.913670
100.000000, 156.766892
100.000000, 151.620114
100.000000, 146.473336
100.000000, 141.326558
100.000000, 136.179779
100.000000, 131.033001
100.000000, 125.886223
100.000000, 120.739445
100.000000, 115.592667
100.000000, 110.445889
100.000000, 105.299110
100.000000, 100.152332
100.000000, 95.005554
100.000000, 89.858776
100.000000, 84.711998
100.000000, 79.565220
100.000000, 74.418441
100.000000, 69.271663
100.000000, 64.124885
100.000000, 58.978107
100.000000, 53.831329
100.000000, 48.684551
100.000000, 43.537773
100.000000, 38.390994
100.000000, 33.244216
100.000000, 28.097438
100.000000, 22.950660
100.000000, 17.803882
100.000000, 12.657104
100.000000, 7.510325
100.000000, 2.363547
100.000000, 357.216769
100.000000, 352.069991
100.000000, 346.923213
100.000000, 341.776435
100.000000, 336.629656
100.000000, 331.482878
100.000000, 326.336100
100.000000, 321.189322
100.000000, 316.042544
100.000000, 310.895766
100.000000, 305.748987
100.000000, 300.602209
100.000000, 295.455431
100.000000, 290.308653
100.000000, 285.161875
100.000000, 280.015097
100.000000, 274.868319
100.000000, 269.721540
100.000000, 264.574762
100.000000, 259.427984
100.000000, 254.281206
100.000000, 249.134428
100.000000, 243.987650
100.000000, 238.840871
100.000000, 233.694093
100.000000, 228.547315
100.000000, 223.400537
100.000000, 218.253759
100.000000, 213.106981
100.000000, 207.960202
100.000000, 202.813424
100.000000, 197.666646
100.000000, 192.519868
100.000000, 187.373090
100.000000, 182.226312
100.000000, 177.079533
100.000000, 171.932755
100.000000, 166.785977
100.000000, 161.639199
100.000000, 156.492421
100.000000, 151.345643
100.000000, 146.198865
100.000000, 141.052086
100.000000, 135.905308
100.000000, 130.758530
100.000000, 125.611752
100.000000, 120.464974
100.000000, 115.318196
100.000000, 110.171417
100.000000, 105.024639
100.000000, 99.877861
100.000000, 94.731083
100.000000, 89.584305
100.000000, 84.437527
100.000000, 79.290748
100.000000, 74.143970
100.000000, 68.997192
100.000000, 63.850414
100.000000, 58.703636
100.000000, 53.556858
100.000000, 48.410079
100.000000, 43.263301
100.000000, 38.116523
100.000000, 32.969745
100.000000, 27.822967
100.000000, 22.676189
100.000000, 17.529411
100.000000, 12.382632
100.000000, 7.235854
100.000000, 2.089076
100.000000, 356.942298
100.000000, 351.795520
100.000000, 346.648742
100.000000, 341.501963
100.000000, 336.355185
100.000000, 331.208407
100.000000, 326.061629
100.000000, 320.914851
100.000000, 315.768073
100.000000, 310.621294
100.000000, 305.474516
100.000000, 300.327738
100.000000, 295.180960
100.000000, 290.034182
100.000000, 284.887404
100.000000, 279.740625
100.000000, 274.593847
100.000000, 269.447069
100.000000, 264.300291
100.000000, 259.153513
100.000000, 254.006735
100.000000, 248.859957
100.000000, 243.713178
100.000000, 238.566400
100.000000, 233.419622
100.000000, 228.272844
100.000000, 223.126066
100.000000, 217.979288
100.000000, 212.832509
100.000000, 207.685731
100.000000, 202.538953
100.000000, 197.392175
100.000000, 192.245397
100.000000, 187.098619
100.000000, 181.951840
100.000000, 176.805062
100.000000, 171.658284
100.000000, 166.511506
100.000000, 161.364728
100.000000, 156.217950
100.000000, 151.071171
100.000000, 145.924393
100.000000, 140.777615
100.000000, 135.630837
100.000000, 130.484059
100.000000, 125.337281
100.000000, 120.190503
100.000000, 115.043724
100.000000, 109.896946
100.000000, 104.750168
100.000000, 99.603390
100.000000, 94.456612
100.000000, 89.309834
100.000000, 84.163055
100.000000, 79.016277
100.000000, 73.869499
100.000000, 68.722721
100.000000, 63.575943
100.000000, 58.429165
100.000000, 53.282386
100.000000, 48.135608
100.000000, 42.988830
100.000000, 37.842052
100.000000, 32.695274
100.000000, 27.548496
100.000000, 22.401717
100.000000, 17.254939
100.000000, 12.108161
100.000000, 6.961383
100.000000, 1.814605
100.000000, 356.667827
100.000000, 351.521049
100.000000, 346.374270
100.000000, 341.227492
100.000000, 336.080714
100.000000, 330.933936
100.000000, 325.787158
100.000000, 320.640380
100.000000, 315.493601
100.000000, 310.346823
100.000000, 305.200045
100.000000, 300.053267
100.000000, 294.906489
100.000000, 289.759711
100.000000, 284.612932
100.000000, 279.466154
100.000000, 274.319376
100.000000, 269.172598
100.000000, 264.025820
100.000000, 258.879042
100.000000, 253.732263
100.000000, 248.585485
100.000000, 243.438707
100.000000, 238.291929
100.000000, 233.145151
100.000000, 227.998373
100.000000, 222.851595
100.000000, 217.704816
100.000000, 212.558038
100.000000, 207.411260
100.000000, 202.264482
100.000000, 197.117704
100.000000, 191.970926
100.000000, 186.824147
100.000000, 181.677369
100.000000, 176.530591
100.000000, 171.383813
100.000000, 166.237035
100.000000, 161.090257
100.000000, 155.943478
100.000000, 150.796700
100.000000, 145.649922
100.000000, 140.503144
100.000000, 135.356366
100.000000, 130.209588
100.000000, 125.062809
100.000000, 119.916031
100.000000, 114.769253
100.000000, 109.622475
100.000000, 104.475697
100.000000, 99.328919
100.000000, 94.182141
100.000000, 89.035362
100.000000, 83.888584
100.000000, 78.741806
100.000000, 73.595028
100.000000, 68.448250
100.000000, 63.301472
100.000000, 58.154693
100.000000, 53.007915
100.000000, 47.861137
100.000000, 42.714359
100.000000, 37.567581
100.000000, 32.420803
100.000000, 27.274024
100.000000, 22.127246
100.000000, 16.980468
100.000000, 11.833690
100.000000, 6.686912
100.000000, 1.540134
100.000000, 356.393355
100.000000, 351.246577
100.000000, 346.099799
100.000000, 340.953021
100.000000, 335.806243
100.000000, 330.659465
100.000000, 325.512687
100.000000, 320.365908
100.000000, 315.219130
100.000000, 310.072352
100.000000, 304.925574
100.000000, 299.778796
100.000000, 294.632018
100.000000, 289.485239
100.000000, 284.338461
100.000000, 279.191683
100.000000, 274.044905
100.000000, 268.898127
100.000000, 263.751349
100.000000, 258.604570
100.000000, 253.457792
100.000000, 248.311014
100.000000, 243.164236
100.000000, 238.017458
100.000000, 232.870680
100.000000, 227.723901
100.000000, 222.577123
100.000000, 217.430345
100.000000, 212.283567
100.000000, 207.136789
100.000000, 201.990011
100.000000, 196.843233
100.000000, 191.696454
100.000000, 186.549676
100.000000, 181.402898
100.000000, 176.256120
100.000000, 171.109342
100.000000, 165.962564
100.000000, 160.815785
100.000000, 155.669007
100.000000, 150.522229
100.000000, 145.375451
100.000000, 140.228673
100.000000, 135.081895
100.000000, 129.935116
100.000000, 124.788338
100.000000, 119.641560
100.000000, 114.494782
100.000000, 109.348004
100.000000, 104.201226
100.000000, 99.054447
100.000000, 93.907669
100.000000, 88.760891
100.000000, 83.614113
100.000000, 78.467335
100.000000, 73.320557
100.000000, 68.173779
100.000000, 63.027000
100.000000, 57.880222
100.000000, 52.733444
100.000000, 47.586666
100.000000, 42.439888
100.000000, 37.293110
100.000000, 32.146331
100.000000, 26.999553
100.000000, 21.852775
100.000000, 16.705997
100.000000, 11.559219
100.000000, 6.412441
100.000000, 1.265662
100.000000, 356.118884
100.000000, 350.972106
100.000000, 345.825328
100.000000, 340.678550
100.000000, 335.531772
100.000000, 330.384993
100.000000, 325.238215
100.000000, 320.091437
100.000000, 314.944659
100.000000, 309.797881
100.000000, 304.651103
100.000000, 299.504325
100.000000, 294.357546
100.000000, 289.210768
100.000000, 284.063990
100.000000, 278.917212
100.000000, 273.770434
100.000000, 268.623656
100.000000, 263.476877
100.000000, 258.330099
100.000000, 253.183321
100.000000, 248.036543
100.000000, 242.889765
100.000000, 237.742987
100.000000, 232.596208
100.000000, 227.449430
100.000000, 222.302652
100.000000, 217.155874
100.000000, 212.009096
100.000000, 206.862318
100.000000, 201.715539
100.000000, 196.568761
100.000000, 191.421983
100.000000, 186.275205
100.000000, 181.128427
100.000000, 175.981649
100.000000, 170.834871
100.000000, 165.688092
100.000000, 160.541314
100.000000, 155.394536
100.000000, 150.247758
100.000000, 145.100980
100.000000, 139.954202
100.000000, 134.807423
100.000000, 129.660645
100.000000, 124.513867
100.000000, 119.367089
100.000000, 114.220311
100.000000, 109.073533
100.000000, 103.926754
100.000000, 98.779976
100.000000, 93.633198
100.000000, 88.486420
100.000000, 83.339642
100.000000, 78.192864
100.000000, 73.046085
100.000000, 67.899307
100.000000, 62.752529
100.000000, 57.605751
100.000000, 52.458973
100.000000, 47.312195
100.000000, 42.165417
100.000000, 37.018638
100.000000, 31.871860
100.000000, 26.725082
100.000000, 21.578304
100.000000, 16.431526
100.000000, 11.284748
100.000000, 6.137969
100.000000, 0.991191
100.000000, 355.844413
100.000000, 350.697635
100.000000, 345.550857
100.000000, 340.404079
100.000000, 335.257300
100.000000, 330.110522
100.000000, 324.963744
100.000000, 319.816966
100.000000, 314.670188
100.000000, 309.523410
100.000000, 304.376631
100.000000, 299.229853
100.000000, 294.083075
100.000000, 288.936297
100.000000, 283.789519
100.000000, 278.642741
100.000000, 273.495963
100.000000, 268.349184
100.000000, 263.202406
100.000000, 258.055628
100.000000, 252.908850
100.000000, 247.762072
100.000000, 242.615294
100.000000, 237.468515
100.000000, 232.321737
100.000000, 227.174959
100.000000, 222.028181
100.000000, 216.881403
100.000000, 211.734625
100.000000, 206.587846
100.000000, 201.441068
100.000000, 196.294290
100.000000, 191.147512
100.000000, 186.000734
100.000000, 180.853956
100.000000, 175.707177
100.000000, 170.560399
100.000000, 165.413621
100.000000, 160.266843
100.000000, 155.120065
100.000000, 149.973287
100.000000, 144.826509
100.000000, 139.679730
100.000000, 134.532952
100.000000, 129.386174
100.000000, 124.239396
100.000000, 119.092618
100.000000, 113.945840
100.000000, 108.799061
100.000000, 103.652283
100.000000, 98.505505
100.000000, 93.358727
100.000000, 88.211949
100.000000, 83.065171
100.000000, 77.918392
100.000000, 72.771614
100.000000, 67.624836
100.000000, 62.478058
100.000000, 57.331280
100.000000, 52.184502
100.000000, 47.037723
100.000000, 41.890945
100.000000, 36.744167
100.000000, 31.597389
100.000000, 26.450611
100.000000, 21.303833
100.000000, 16.157055
100.000000, 11.010276
100.000000, 5.863498
100.000000, 0.716720
100.000000, 355.569942
100.000000, 350.423164
100.000000, 345.276386
100.000000, 340.129607
100.000000, 334.982829
100.000000, 329.836051
100.000000, 324.689273
100.000000, 319.542495
100.000000, 314.395717
100.000000, 309.248938
100.000000, 304.102160
100.000000, 298.955382
100.000000, 293.808604
100.000000, 288.661826
100.000000, 283.515048
100.000000, 278.368269
100.000000, 273.221491
100.000000, 268.074713
100.000000, 262.927935
100.000000, 257.781157
100.000000, 252.634379
100.000000, 247.487601
100.000000, 242.340822
100.000000, 237.194044
100.000000, 232.047266
100.000000, 226.900488
100.000000, 221.753710
100.000000, 216.606932
100.000000, 211.460153
100.000000, 206.313375
100.000000, 201.166597
100.000000, 196.019819
100.000000, 190.873041
100.000000, 185.726263
100.000000, 180.579484
100.000000, 175.432706
100.000000, 170.285928
100.000000, 165.139150
100.000000, 159.992372
100.000000, 154.845594
100.000000, 149.698815
100.000000, 144.552037
100.000000, 139.405259
100.000000, 134.258481
100.000000, 129.111703
100.000000, 123.964925
100.000000, 118.818147
100.000000, 113.671368
100.000000, 108.524590
100.000000, 103.377812
100.000000, 98.231034
100.000000, 93.084256
100.000000, 87.937478
100.000000, 82.790699
100.000000, 77.643921
100.000000, 72.497143
100.000000, 67.350365
100.000000, 62.203587
100.000000, 57.056809
100.000000, 51.910030
100.000000, 46.763252
100.000000, 41.616474
100.000000, 36.469696
100.000000, 31.322918
100.000000, 26.176140
100.000000, 21.029361
100.000000, 15.882583
100.000000, 10.735805
100.000000, 5.589027
100.000000, 0.442249
100.000000, 355.295471
100.000000, 350.148693
100.000000, 345.001914
100.000000, 339.855136
100.000000, 334.708358
100.000000, 329.561580
100.000000, 324.414802
100.000000, 319.268024
100.000000, 314.121245
100.000000, 308.974467
100.000000, 303.827689
100.000000, 298.680911
100.000000, 293.534133
100.000000, 288.387355
100.000000, 283.240576
100.000000, 278.093798
100.000000, 272.947020
100.000000, 267.800242
100.000000, 262.653464
100.000000, 257.506686
100.000000, 252.359907
100.000000, 247.213129
100.000000, 242.066351
100.000000, 236.919573
100.000000, 231.772795
100.000000, 226.626017
100.000000, 221.479239
100.000000, 216.332460
100.000000, 211.185682
100.000000, 206.038904
100.000000, 200.892126
100.000000, 195.745348
100.000000, 190.598570
100.000000, 185.451791
100.000000, 180.305013
100.000000, 175.158235
100.000000, 170.011457
100.000000, 164.864679
100.000000, 159.717901
100.000000, 154.571122
100.000000, 149.424344
100.000000, 144.277566
100.000000, 139.130788
100.000000, 133.984010
100.000000, 128.837232
100.000000, 123.690453
100.000000, 118.543675
100.000000, 113.396897
100.000000, 108.250119
100.000000, 103.103341
100.000000, 97.956563
100.000000, 92.809785
100.000000, 87.663006
100.000000, 82.516228
100.000000, 77.369450
100.000000, 72.222672
100.000000, 67.075894
100.000000, 61.929116
100.000000, 56.782337
100.000000, 51.635559
100.000000, 46.488781
100.000000, 41.342003
100.000000, 36.195225
100.000000, 31.048447
100.000000, 25.901668
100.000000, 20.754890
100.000000, 15.608112
100.000000, 10.461334
100.000000, 5.314556
100.000000, 0.167778
100.000000, 355.020999
100.000000, 349.874221
100.000000, 344.727443
100.000000, 339.580665
100.000000, 334.433887
100.000000, 329.287109
100.000000, 324.140331
100.000000, 318.993552
100.000000, 313.846774
100.000000, 308.699996
100.000000, 303.553218
100.000000, 298.406440
100.000000, 293.259662
100.000000, 288.112883
100.000000, 282.966105
100.000000, 277.819327
100.000000, 272.672549
100.000000, 267.525771
100.000000, 262.378993
100.000000, 257.232214
100.000000, 252.085436
100.000000, 246.938658
100.000000, 241.791880
100.000000, 236.645102
100.000000, 231.498324
100.000000, 226.351545
100.000000, 221.204767
100.000000, 216.057989
100.000000, 210.911211
100.000000, 205.764433
100.000000, 200.617655
100.000000, 195.470877
100.000000, 190.324098
100.000000, 185.177320
100.000000, 180.030542
100.000000, 174.883764
100.000000, 169.736986
100.000000, 164.590208
100.000000, 159.443429
100.000000, 154.296651
100.000000, 149.149873
100.000000, 144.003095
100.000000, 138.856317
100.000000, 133.709539
100.000000, 128.562760
100.000000, 123.415982
100.000000, 118.269204
100.000000, 113.122426
100.000000, 107.975648
100.000000, 102.828870
100.000000, 97.682091
100.000000, 92.535313
100.000000, 87.388535
100.000000, 82.241757
100.000000, 77.094979
100.000000, 71.948201
100.000000, 66.801423
100.000000, 61.654644
100.000000, 56.507866
100.000000, 51.361088
100.000000, 46.214310
100.000000, 41.067532
100.000000, 35.920754
100.000000, 30.773975
100.000000, 25.627197
100.000000, 20.480419
100.000000, 15.333641
100.000000, 10.186863
100.000000, 5.040085
100.000000, 359.893306
100.000000, 354.746528
100.000000, 349.599750
100.000000, 344.452972
100.000000, 339.306194
100.000000, 334.159416
100.000000, 329.012637
100.000000, 323.865859
100.000000, 318.719081
100.000000, 313.572303
100.000000, 308.425525
100.000000, 303.278747
100.000000, 298.131969
100.000000, 292.985190
100.000000, 287.838412
100.000000, 282.691634
100.000000, 277.544856
100.000000, 272.398078
100.000000, 267.251300
100.000000, 262.104521
100.000000, 256.957743
100.000000, 251.810965
100.000000, 246.664187
100.000000, 241.517409
100.000000, 236.370631
100.000000, 231.223852
100.000000, 226.077074
100.000000, 220.930296
100.000000, 215.783518
100.000000, 210.636740
100.000000, 205.489962
100.000000, 200.343183
100.000000, 195.196405
100.000000, 190.049627
100.000000, 184.902849
100.000000, 179.756071
100.000000, 174.609293
100.000000, 169.462515
100.000000, 164.315736
100.000000, 159.168958
100.000000, 154.022180
100.000000, 148.875402
100.000000, 143.728624
100.000000, 138.581846
100.000000, 133.435067
100.000000, 128.288289
100.000000, 123.141511
100.000000, 117.994733
100.000000, 112.847955
100.000000, 107.701177
100.000000, 102.554398
100.000000, 97.407620
100.000000, 92.260842
100.000000, 87.114064
100.000000, 81.967286
100.000000, 76.820508
100.000000, 71.673729
100.000000, 66.526951
100.000000, 61.380173
100.000000, 56.233395
100.000000, 51.086617
100.000000, 45.939839
100.000000, 40.793061
100.000000, 35.646282
100.000000, 30.499504
100.000000, 25.352726
100.000000, 20.205948
100.000000, 15.059170
100.000000, 9.912392
100.000000, 4.765613
100.000000, 359.618835
100.000000, 354.472057
100.000000, 349.325279
100.000000, 344.178501
100.000000, 339.031723
100.000000, 333.884944
100.000000, 328.738166
100.000000, 323.591388
100.000000, 318.444610
100.000000, 313.297832
100.000000, 308.151054
100.000000, 303.004275
100.000000, 297.857497
100.000000, 292.710719
100.000000, 287.563941
100.000000, 282.417163
100.000000, 277.270385
100.000000, 272.123607
100.000000, 266.976828
100.000000, 261.830050
100.000000, 256.683272
100.000000, 251.536494
100.000000, 246.389716
100.000000, 241.242938
100.000000, 236.096159
100.000000, 230.949381
100.000000, 225.802603
100.000000, 220.655825
100.000000, 215.509047
100.000000, 210.362269
100.000000, 205.215490
100.000000, 200.068712
100.000000, 194.921934
100.000000, 189.775156
100.000000, 184.628378
100.000000, 179.481600
100.000000, 174.334821
100.000000, 169.188043
100.000000, 164.041265
100.000000, 158.894487
100.000000, 153.747709
100.000000, 148.600931
100.000000, 143.454153
100.000000, 138.307374
100.000000, 133.160596
100.000000, 128.013818
100.000000, 122.867040
100.000000, 117.720262
100.000000, 112.573484
100.000000, 107.426705
100.000000, 102.279927
100.000000, 97.133149
100.000000, 91.986371
100.000000, 86.839593
100.000000, 81.692815
100.000000, 76.546036
100.000000, 71.399258
100.000000, 66.252480
100.000000, 61.105702
100.000000, 55.958924
100.000000, 50.812146
100.000000, 45.665367
100.000000, 40.518589
100.000000, 35.371811
100.000000, 30.225033
100.000000, 25.078255
100.000000, 19.931477
100.000000, 14.784699
100.000000, 9.637920
100.000000, 4.491142
100.000000, 359.344364
100.000000, 354.197586
100.000000, 349.050808
100.000000, 343.904030
100.000000, 338.757251
100.000000, 333.610473
100.000000, 328.463695
100.000000, 323.316917
100.000000, 318.170139
100.000000, 313.023361
100.000000, 307.876582
100.000000, 302.729804
100.000000, 297.583026
100.000000, 292.436248
100.000000, 287.289470
100.000000, 282.142692
100.000000, 276.995913
100.000000, 271.849135
100.000000, 266.702357
100.000000, 261.555579
100.000000, 256.408801
100.000000, 251.262023
100.000000, 246.115245
100.000000, 240.968466
100.000000, 235.821688
100.000000, 230.674910
100.000000, 225.528132
100.000000, 220.381354
100.000000, 215.234576
100.000000, 210.087797
100.000000, 204.941019
100.000000, 199.794241
100.000000, 194.647463
100.000000, 189.500685
100.000000, 184.353907
100.000000, 179.207128
100.000000, 174.060350
100.000000, 168.913572
100.000000, 163.766794
100.000000, 158.620016
100.000000, 153.473238
100.000000, 148.326459
100.000000, 143.179681
100.000000, 138.032903
100.000000, 132.886125
100.000000, 127.739347
100.000000, 122.592569
100.000000, 117.445791
100.000000, 112.299012
100.000000, 107.152234
100.000000, 102.005456
100.000000, 96.858678
100.000000, 91.711900
100.000000, 86.565122
100.000000, 81.418343
100.000000, 76.271565
100.000000, 71.124787
100.000000, 65.978009
100.000000, 60.831231
100.000000, 55.684453
100.000000, 50.537674
100.000000, 45.390896
100.000000, 40.244118
100.000000, 35.097340
100.000000, 29.950562
100.000000, 24.803784
100.000000, 19.657005
100.000000, 14.510227
100.000000, 9.363449
100.000000, 4.216671
100.000000, 359.069893
100.000000, 353.923115
100.000000, 348.776337
100.000000, 343.629558
100.000000, 338.482780
100.000000, 333.336002
100.000000, 328.189224
100.000000, 323.042446
100.000000, 317.895668
100.000000, 312.748889
100.000000, 307.602111
100.000000, 302.455333
100.000000, 297.308555
100.000000, 292.161777
100.000000, 287.014999
100.000000, 281.868220
100.000000, 276.721442
100.000000, 271.574664
100.000000, 266.427886
100.000000, 261.281108
100.000000, 256.134330
100.000000, 250.987551
100.000000, 245.840773
100.000000, 240.693995
100.000000, 235.547217
100.000000, 230.400439
100.000000, 225.253661
100.000000, 220.106883
100.000000, 214.960104
100.000000, 209.813326
100.000000, 204.666548
100.000000, 199.519770
100.000000, 194.372992
100.000000, 189.226214
100.000000, 184.079435
100.000000, 178.932657
100.000000, 173.785879
100.000000, 168.639101
100.000000, 163.492323
100.000000, 158.345545
100.000000, 153.198766
100.000000, 148.051988
100.000000, 142.905210
100.000000, 137.758432
100.000000, 132.611654
100.000000, 127.464876
100.000000, 122.318097
100.000000, 117.171319
100.000000, 112.024541
100.000000, 106.877763
100.000000, 101.730985
100.000000, 96.584207
100.000000, 91.437429
100.000000, 86.290650
100.000000, 81.143872
100.000000, 75.997094
100.000000, 70.850316
100.000000, 65.703538
100.000000, 60.556760
100.000000, 55.409981
100.000000, 50.263203
100.000000, 45.116425
100.000000, 39.969647
100.000000, 34.822869
100.000000, 29.676091
100.000000, 24.529312
100.000000, 19.382534
100.000000, 14.235756
100.000000, 9.088978
100.000000, 3.942200
100.000000, 358.795422
100.000000, 353.648643
100.000000, 348.501865
100.000000, 343.355087
100.000000, 338.208309
100.000000, 333.061531
100.000000, 327.914753
100.000000, 322.767975
100.000000, 317.621196
100.000000, 312.474418
100.000000, 307.327640
100.000000, 302.180862
100.000000, 297.034084
100.000000, 291.887306
100.000000, 286.740527
100.000000, 281.593749
100.000000, 276.446971
100.000000, 271.300193
100.000000, 266.153415
100.000000, 261.006637
100.000000, 255.859858
100.000000, 250.713080
100.000000, 245.566302
100.000000, 240.419524
100.000000, 235.272746
100.000000, 230.125968
100.000000, 224.979189
100.000000, 219.832411
100.000000, 214.685633
100.000000, 209.538855
100.000000, 204.392077
100.000000, 199.245299
100.000000, 194.098521
100.000000, 188.951742
100.000000, 183.804964
100.000000, 178.658186
100.000000, 173.511408
100.000000, 168.364630
100.000000, 163.217852
100.000000, 158.071073
100.000000, 152.924295
100.000000, 147.777517
100.000000, 142.630739
100.000000, 137.483961
100.000000, 132.337183
100.000000, 127.190404
100.000000, 122.043626
100.000000, 116.896848
100.000000, 111.750070
100.000000, 106.603292
100.000000, 101.456514
100.000000, 96.309735
100.000000, 91.162957
100.000000, 86.016179
100.000000, 80.869401
100.000000, 75.722623
100.000000, 70.575845
100.000000, 65.429067
100.000000, 60.282288
100.000000, 55.135510
100.000000, 49.988732
100.000000, 44.841954
100.000000, 39.695176
100.000000, 34.548398
100.000000, 29.401619
100.000000, 24.254841
100.000000, 19.108063
100.000000, 13.961285
100.000000, 8.814507
100.000000, 3.667729
100.000000, 358.520950
100.000000, 353.374172
100.000000, 348.227394
100.000000, 343.080616
100.000000, 337.933838
100.000000, 332.787060
100.000000, 327.640281
100.000000, 322.493503
100.000000, 317.346725
100.000000, 312.199947
100.000000, 307.053169
100.000000, 301.906391
100.000000, 296.759613
100.000000, 291.612834
100.000000, 286.466056
100.000000, 281.319278
100.000000, 276.172500
100.000000, 271.025722
100.000000, 265.878944
100.000000, 260.732165
100.000000, 255.585387
100.000000, 250.438609
100.000000, 245.291831
100.000000, 240.145053
100.000000, 234.998275
100.000000, 229.851496
100.000000, 224.704718
100.000000, 219.557940
100.000000, 214.411162
100.000000, 209.264384
100.000000, 204.117606
100.000000, 198.970827
100.000000, 193.824049
100.000000, 188.677271
100.000000, 183.530493
100.000000, 178.383715
100.000000, 173.236937
100.000000, 168.090159
100.000000, 162.943380
100.000000, 157.796602
100.000000, 152.649824
100.000000, 147.503046
100.000000, 142.356268
100.000000, 137.209490
100.000000, 132.062711
100.000000, 126.915933
100.000000, 121.769155
100.000000, 116.622377
100.000000, 111.475599
100.000000, 106.328821
100.000000, 101.182042
100.000000, 96.035264
100.000000, 90.888486
100.000000, 85.741708
100.000000, 80.594930
100.000000, 75.448152
100.000000, 70.301373
100.000000, 65.154595
100.000000, 60.007817
100.000000, 54.861039
100.000000, 49.714261
100.000000, 44.567483
100.000000, 39.420705
100.000000, 34.273926
100.000000, 29.127148
100.000000, 23.980370
100.000000, 18.833592
100.000000, 13.686814
100.000000, 8.540036
100.000000, 3.393257
100.000000, 358.246479
100.000000, 353.099701
100.000000, 347.952923
100.000000, 342.806145
100.000000, 337.659367
100.000000, 332.512588
100.000000, 327.365810
100.000000, 322.219032
100.000000, 317.072254
100.000000, 311.925476
100.000000, 306.778698
100.000000, 301.631919
100.000000, 296.485141
100.000000, 291.338363
100.000000, 286.191585
100.000000, 281.044807
100.000000, 275.898029
100.000000, 270.751251
100.000000, 265.604472
100.000000, 260.457694
100.000000, 255.310916
100.000000, 250.164138
100.000000, 245.017360
100.000000, 239.870582
100.000000, 234.723803
100.000000, 229.577025
100.000000, 224.430247
100.000000, 219.283469
100.000000, 214.136691
100.000000, 208.989913
100.000000, 203.843134
100.000000, 198.696356
100.000000, 193.549578
100.000000, 188.402800
100.000000, 183.256022
100.000000, 178.109244
100.000000, 172.962465
100.000000, 167.815687
100.000000, 162.668909
100.000000, 157.522131
100.000000, 152.375353
100.000000, 147.228575
100.000000, 142.081797
100.000000, 136.935018
100.000000, 131.788240
100.000000, 126.641462
100.000000, 121.494684
100.000000, 116.347906
100.000000, 111.201128
100.000000, 106.054349
100.000000, 100.907571
100.000000, 95.760793
100.000000, 90.614015
100.000000, 85.467237
100.000000, 80.320459
100.000000, 75.173680
100.000000, 70.026902
100.000000, 64.880124
100.000000, 59.733346
100.000000, 54.586568
100.000000, 49.439790
100.000000, 44.293011
100.000000, 39.146233
100.000000, 33.999455
100.000000, 28.852677
100.000000, 23.705899
100.000000, 18.559121
100.000000, 13.412343
100.000000, 8.265564
100.000000, 3.118786
100.000000, 357.972008
100.000000, 352.825230
100.000000, 347.678452
100.000000, 342.531674
100.000000, 337.384895
100.000000, 332.238117
100.000000, 327.091339
100.000000, 321.944561
100.000000, 316.797783
100.000000, 311.651005
100.000000, 306.504226
100.000000, 301.357448
100.000000, 296.210670
100.000000, 291.063892
100.000000, 285.917114
100.000000, 280.770336
100.000000, 275.623557
100.000000, 270.476779
100.000000, 265.330001
100.000000, 260.183223
100.000000, 255.036445
100.000000, 249.889667
100.000000, 244.742889
100.000000, 239.596110
100.000000, 234.449332
100.000000, 229.302554
100.000000, 224.155776
100.000000, 219.008998
100.000000, 213.862220
100.000000, 208.715441
100.000000, 203.568663
100.000000, 198.421885
100.000000, 193.275107
100.000000, 188.128329
100.000000, 182.981551
100.000000, 177.834772
100.000000, 172.687994
100.000000, 167.541216
100.000000, 162.394438
100.000000, 157.247660
100.000000, 152.100882
100.000000, 146.954103
100.000000, 141.807325
100.000000, 136.660547
100.000000, 131.513769
100.000000, 126.366991
100.000000, 121.220213
100.000000, 116.073435
100.000000, 110.926656
100.000000, 105.779878
100.000000, 100.633100
100.000000, 95.486322
100.000000, 90.339544
100.000000, 85.192766
100.000000, 80.045987
100.000000, 74.899209
100.000000, 69.752431
100.000000, 64.605653
100.000000, 59.458875
100.000000, 54.312097
100.000000, 49.165318
100.000000, 44.018540
100.000000, 38.871762
100.000000, 33.724984
100.000000, 28.578206
100.000000, 23.431428
100.000000, 18.284649
100.000000, 13.137871
100.000000, 7.991093
100.000000, 2.844315
100.000000, 357.697537
100.000000, 352.550759
100.000000, 347.403981
100.000000, 342.257202
100.000000, 337.110424
100.000000, 331.963646
100.000000, 326.816868
100.000000, 321.670090
100.000000, 316.523312
100.000000, 311.376533
100.000000, 306.229755
100.000000, 301.082977
100.000000, 295.936199
100.000000, 290.789421
100.000000, 285.642643
100.000000, 280.495864
100.000000, 275.349086
100.000000, 270.202308
100.000000, 265.055530
100.000000, 259.908752
100.000000, 254.761974
100.000000, 249.615195
100.000000, 244.468417
100.000000, 239.321639
100.000000, 234.174861
100.000000, 229.028083
100.000000, 223.881305
100.000000, 218.734527
100.000000, 213.587748
100.000000, 208.440970
100.000000, 203.294192
100.000000, 198.147414
100.000000, 193.000636
100.000000, 187.853858
100.000000, 182.707079
100.000000, 177.560301
100.000000, 172.413523
100.000000, 167.266745
100.000000, 162.119967
100.000000, 156.973189
100.000000, 151.826410
100.000000, 146.679632
100.000000, 141.532854
100.000000, 136.386076
100.000000, 131.239298
100.000000, 126.092520
100.000000, 120.945741
100.000000, 115.798963
100.000000, 110.652185
100.000000, 105.505407
100.000000, 100.358629
100.000000, 95.211851
100.000000, 90.065073
100.000000, 84.918294
100.000000, 79.771516
100.000000, 74.624738
100.000000, 69.477960
100.000000, 64.331182
100.000000, 59.184404
100.000000, 54.037625
100.000000, 48.890847
100.000000, 43.744069
100.000000, 38.597291
100.000000, 33.450513
100.000000, 28.303735
100.000000, 23.156956
100.000000, 18.010178
100.000000, 12.863400
100.000000, 7.716622
100.000000, 2.569844
100.000000, 357.423066
100.000000, 352.276287
100.000000, 347.129509
100.000000, 341.982731
100.000000, 336.835953
100.000000, 331.689175
100.000000, 326.542397
100.000000, 321.395619
100.000000, 316.248840
100.000000, 311.102062
100.000000, 305.955284
100.000000, 300.808506
100.000000, 295.661728
100.000000, 290.514950
100.000000, 285.368171
100.000000, 280.221393
100.000000, 275.074615
100.000000, 269.927837
100.000000, 264.781059
100.000000, 259.634281
100.000000, 254.487502
100.000000, 249.340724
100.000000, 244.193946
100.000000, 239.047168
100.000000, 233.900390
100.000000, 228.753612
100.000000, 223.606833
100.000000, 218.460055
100.000000, 213.313277
100.000000, 208.166499
100.000000, 203.019721
100.000000, 197.872943
100.000000, 192.726165
100.000000, 187.579386
100.000000, 182.432608
100.000000, 177.285830
100.000000, 172.139052
100.000000, 166.992274
100.000000, 161.845496
100.000000, 156.698717
100.000000, 151.551939
100.000000, 146.405161
100.000000, 141.258383
100.000000, 136.111605
100.000000, 130.964827
100.000000, 125.818048
100.000000, 120.671270
100.000000, 115.524492
100.000000, 110.377714
100.000000, 105.230936
100.000000, 100.084158
100.000000, 94.937379
100.000000, 89.790601
100.000000, 84.643823
100.000000, 79.497045
100.000000, 74.350267
100.000000, 69.203489
100.000000, 64.056711
100.000000, 58.909932
100.000000, 53.763154
100.000000, 48.616376
100.000000, 43.469598
100.000000, 38.322820
100.000000, 33.176042
100.000000, 28.029263
100.000000, 22.882485
100.000000, 17.735707
100.000000, 12.588929
100.000000, 7.442151
100.000000, 2.295373
100.000000, 357.148594
100.000000, 352.001816
100.000000, 346.855038
100.000000, 341.708260
100.000000, 336.561482
100.000000, 331.414704
100.000000, 326.267925
100.000000, 321.121147
100.000000, 315.974369
100.000000, 310.827591
100.000000, 305.680813
100.000000, 300.534035
100.000000, 295.387257
100.000000, 290.240478
100.000000, 285.093700
100.000000, 279.946922
100.000000, 274.800144
100.000000, 269.653366
100.000000, 264.506588
100.000000, 259.359809
100.000000, 254.213031
100.000000, 249.066253
100.000000, 243.919475
100.000000, 238.772697
100.000000, 233.625919
100.000000, 228.479140
100.000000, 223.332362
100.000000, 218.185584
100.000000, 213.038806
100.000000, 207.892028
100.000000, 202.745250
100.000000, 197.598471
100.000000, 192.451693
100.000000, 187.304915
100.000000, 182.158137
100.000000, 177.011359
100.000000, 171.864581
100.000000, 166.717803
100.000000, 161.571024
100.000000, 156.424246
100.000000, 151.277468
100.000000, 146.130690
100.000000, 140.983912
100.000000, 135.837134
100.000000, 130.690355
100.000000, 125.543577
100.000000, 120.396799
100.000000, 115.250021
100.000000, 110.103243
100.000000, 104.956465
100.000000, 99.809686
100.000000, 94.662908
100.000000, 89.516130
100.000000, 84.369352
100.000000, 79.222574
100.000000, 74.075796
100.000000, 68.929017
100.000000, 63.782239
100.000000, 58.635461
100.000000, 53.488683
100.000000, 48.341905
100.000000, 43.195127
100.000000, 38.048349
100.000000, 32.901570
100.000000, 27.754792
100.000000, 22.608014
100.000000, 17.461236
100.000000, 12.314458
100.000000, 7.167680
100.000000, 2.020901
100.000000, 356.874123
100.000000, 351.727345
100.000000, 346.580567
100.000000, 341.433789
100.000000, 336.287011
100.000000, 331.140232
100.000000, 325.993454
100.000000, 320.846676
100.000000, 315.699898
100.000000, 310.553120
100.000000, 305.406342
100.000000, 300.259563
100.000000, 295.112785
100.000000, 289.966007
100.000000, 284.819229
100.000000, 279.672451
100.000000, 274.525673
100.000000, 269.378895
100.000000, 264.232116
100.000000, 259.085338
100.000000, 253.938560
100.000000, 248.791782
100.000000, 243.645004
100.000000, 238.498226
100.000000, 233.351447
100.000000, 228.204669
100.000000, 223.057891
100.000000, 217.911113
100.000000, 212.764335
100.000000, 207.617557
100.000000, 202.470778
100.000000, 197.324000
100.000000, 192.177222
100.000000, 187.030444
100.000000, 181.883666
100.000000, 176.736888
100.000000, 171.590109
100.000000, 166.443331
100.000000, 161.296553
100.000000, 156.149775
100.000000, 151.002997
100.000000, 145.856219
100.000000, 140.709441
100.000000, 135.562662
100.000000, 130.415884
100.000000, 125.269106
100.000000, 120.122328
100.000000, 114.975550
100.000000, 109.828772
100.000000, 104.681993
100.000000, 99.535215
100.000000, 94.388437
100.000000, 89.241659
100.000000, 84.094881
100.000000, 78.948103
100.000000, 73.801324
100.000000, 68.654546
100.000000, 63.507768
100.000000, 58.360990
100.000000, 53.214212
100.000000, 48.067434
100.000000, 42.920655
100.000000, 37.773877
100.000000, 32.627099
100.000000, 27.480321
100.000000, 22.333543
100.000000, 17.186765
100.000000, 12.039987
100.000000, 6.893208
100.000000, 1.746430
100.000000, 356.599652
100.000000, 351.452874
100.000000, 346.306096
100.000000, 341.159318
100.000000, 336.012539
100.000000, 330.865761
100.000000, 325.718983
100.000000, 320.572205
100.000000, 315.425427
100.000000, 310.278649
100.000000, 305.131870
100.000000, 299.985092
100.000000, 294.838314
100.000000, 289.691536
100.000000, 284.544758
100.000000, 279.397980
100.000000, 274.251201
100.000000, 269.104423
100.000000, 263.957645
100.000000, 258.810867
100.000000, 253.664089
100.000000, 248.517311
100.000000, 243.370533
100.000000, 238.223754
100.000000, 233.076976
100.000000, 227.930198
100.000000, 222.783420
100.000000, 217.636642
100.000000, 212.489864
100.000000, 207.343085
100.000000, 202.196307
100.000000, 197.049529
100.000000, 191.902751
100.000000, 186.755973
100.000000, 181.609195
100.000000, 176.462416
100.000000, 171.315638
100.000000, 166.168860
100.000000, 161.022082
100.000000, 155.875304
100.000000, 150.728526
100.000000, 145.581747
100.000000, 140.434969
100.000000, 135.288191
100.000000, 130.141413
100.000000, 124.994635
100.000000, 119.847857
100.000000, 114.701079
100.000000, 109.554300
100.000000, 104.407522
100.000000, 99.260744
100.000000, 94.113966
100.000000, 88.967188
100.000000, 83.820410
100.000000, 78.673631
100.000000, 73.526853
100.000000, 68.380075
100.000000, 63.233297
100.000000, 58.086519
100.000000, 52.939741
100.000000, 47.792962
100.000000, 42.646184
100.000000, 37.499406
100.000000, 32.352628
100.000000, 27.205850
100.000000, 22.059072
100.000000, 16.912293
100.000000, 11.765515
100.000000, 6.618737
100.000000, 1.471959
100.000000, 356.325181
100.000000, 351.178403
100.000000, 346.031625
100.000000, 340.884846
100.000000, 335.738068
100.000000, 330.591290
100.000000, 325.444512
100.000000, 320.297734
100.000000, 315.150956
100.000000, 310.004177
100.000000, 304.857399
100.000000, 299.710621
100.000000, 294.563843
100.000000, 289.417065
100.000000, 284.270287
100.000000, 279.123508
100.000000, 273.976730
100.000000, 268.829952
100.000000, 263.683174
100.000000, 258.536396
100.000000, 253.389618
100.000000, 248.242839
100.000000, 243.096061
100.000000, 237.949283
100.000000, 232.802505
100.000000, 227.655727
100.000000, 222.508949
100.000000, 217.362171
100.000000, 212.215392
100.000000, 207.068614
100.000000, 201.921836
100.000000, 196.775058
100.000000, 191.628280
100.000000, 186.481502
100.000000, 181.334723
100.000000, 176.187945
100.000000, 171.041167
100.000000, 165.894389
100.000000, 160.747611
100.000000, 155.600833
100.000000, 150.454054
100.000000, 145.307276
100.000000, 140.160498
100.000000, 135.013720
100.000000, 129.866942
100.000000, 124.720164
100.000000, 119.573385
100.000000, 114.426607
100.000000, 109.279829
100.000000, 104.133051
100.000000, 98.986273
100.000000, 93.839495
100.000000, 88.692717
100.000000, 83.545938
100.000000, 78.399160
100.000000, 73.252382
100.000000, 68.105604
100.000000, 62.958826
100.000000, 57.812048
100.000000, 52.665269
100.000000, 47.518491
100.000000, 42.371713
100.000000, 37.224935
100.000000, 32.078157
100.000000, 26.931379
100.000000, 21.784600
100.000000, 16.637822
100.000000, 11.491044
100.000000, 6.344266
100.000000, 1.197488
100.000000, 356.050710
100.000000, 350.903931
100.000000, 345.757153
100.000000, 340.610375
100.000000, 335.463597
100.000000, 330.316819
100.000000, 325.170041
100.000000, 320.023263
100.000000, 314.876484
100.000000, 309.729706
100.000000, 304.582928
100.000000, 299.436150
100.000000, 294.289372
100.000000, 289.142594
100.000000, 283.995815
100.000000, 278.849037
100.000000, 273.702259
100.000000, 268.555481
100.000000, 263.408703
100.000000, 258.261925
100.000000, 253.115146
100.000000, 247.968368
100.000000, 242.821590
100.000000, 237.674812
100.000000, 232.528034
100.000000, 227.381256
100.000000, 222.234477
100.000000, 217.087699
100.000000, 211.940921
100.000000, 206.794143
100.000000, 201.647365
100.000000, 196.500587
100.000000, 191.353809
100.000000, 186.207030
100.000000, 181.060252
100.000000, 175.913474
100.000000, 170.766696
100.000000, 165.619918
100.000000, 160.473140
100.000000, 155.326361
100.000000, 150.179583
100.000000, 145.032805
100.000000, 139.886027
100.000000, 134.739249
100.000000, 129.592471
100.000000, 124.445692
100.000000, 119.298914
100.000000, 114.152136
100.000000, 109.005358
100.000000, 103.858580
100.000000, 98.711802
100.000000, 93.565023
100.000000, 88.418245
100.000000, 83.271467
100.000000, 78.124689
100.000000, 72.977911
100.000000, 67.831133
100.000000, 62.684355
100.000000, 57.537576
100.000000, 52.390798
100.000000, 47.244020
100.000000, 42.097242
100.000000, 36.950464
100.000000, 31.803686
100.000000, 26.656907
100.000000, 21.510129
100.000000, 16.363351
100.000000, 11.216573
100.000000, 6.069795
100.000000, 0.923017
100.000000, 355.776238
100.000000, 350.629460
100.000000, 345.482682
100.000000, 340.335904
100.000000, 335.189126
100.000000, 330.042348
100.000000, 324.895569
100.000000, 319.748791
100.000000, 314.602013
100.000000, 309.455235
100.000000, 304.308457
100.000000, 299.161679
100.000000, 294.014901
100.000000, 288.868122
100.000000, 283.721344
100.000000, 278.574566
100.000000, 273.427788
100.000000, 268.281010
100.000000, 263.134232
100.000000, 257.987453
100.000000, 252.840675
100.000000, 247.693897
100.000000, 242.547119
100.000000, 237.400341
100.000000, 232.253563
100.000000, 227.106784
100.000000, 221.960006
100.000000, 216.813228
100.000000, 211.666450
100.000000, 206.519672
100.000000, 201.372894
100.000000, 196.226115
100.000000, 191.079337
100.000000, 185.932559
100.000000, 180.785781
100.000000, 175.639003
100.000000, 170.492225
100.000000, 165.345447
100.000000, 160.198668
100.000000, 155.051890
100.000000, 149.905112
100.000000, 144.758334
100.000000, 139.611556
100.000000, 134.464778
100.000000, 129.317999
100.000000, 124.171221
100.000000, 119.024443
100.000000, 113.877665
100.000000, 108.730887
100.000000, 103.584109
100.000000, 98.437330
100.000000, 93.290552
100.000000, 88.143774
100.000000, 82.996996
100.000000, 77.850218
100.000000, 72.703440
100.000000, 67.556661
100.000000, 62.409883
100.000000, 57.263105
100.000000, 52.116327
100.000000, 46.969549
100.000000, 41.822771
100.000000, 36.675993
100.000000, 31.529214
100.000000, 26.382436
100.000000, 21.235658
100.000000, 16.088880
100.000000, 10.942102
100.000000, 5.795324
100.000000, 0.648545
100.000000, 355.501767
100.000000, 350.354989
100.000000, 345.208211
100.000000, 340.061433
100.000000, 334.914655
100.000000, 329.767876
100.000000, 324.621098
100.000000, 319.474320
100.000000, 314.327542
100.000000, 309.180764
100.000000, 304.033986
100.000000, 298.887207
100.000000, 293.740429
100.000000, 288.593651
100.000000, 283.446873
100.000000, 278.300095
100.000000, 273.153317
100.000000, 268.006539
100.000000, 262.859760
100.000000, 257.712982
100.000000, 252.566204
100.000000, 247.419426
100.000000, 242.272648
100.000000, 237.125870
100.000000, 231.979091
100.000000, 226.832313
100.000000, 221.685535
100.000000, 216.538757
100.000000, 211.391979
100.000000, 206.245201
100.000000, 201.098422
100.000000, 195.951644
100.000000, 190.804866
100.000000, 185.658088
100.000000, 180.511310
100.000000, 175.364532
100.000000, 170.217753
100.000000, 165.070975
100.000000, 159.924197
100.000000, 154.777419
100.000000, 149.630641
100.000000, 144.483863
100.000000, 139.337085
100.000000, 134.190306
100.000000, 129.043528
100.000000, 123.896750
100.000000, 118.749972
100.000000, 113.603194
100.000000, 108.456416
100.000000, 103.309637
100.000000, 98.162859
100.000000, 93.016081
100.000000, 87.869303
100.000000, 82.722525
100.000000, 77.575747
100.000000, 72.428968
100.000000, 67.282190
100.000000, 62.135412
100.000000, 56.988634
100.000000, 51.841856
100.000000, 46.695078
100.000000, 41.548299
100.000000, 36.401521
100.000000, 31.254743
100.000000, 26.107965
100.000000, 20.961187
100.000000, 15.814409
100.000000, 10.667631
100.000000, 5.520852
100.000000, 0.374074
100.000000, 355.227296
100.000000, 350.080518
100.000000, 344.933740
100.000000, 339.786962
100.000000, 334.640183
100.000000, 329.493405
100.000000, 324.346627
100.000000, 319.199849
100.000000, 314.053071
100.000000, 308.906293
100.000000, 303.759514
100.000000, 298.612736
100.000000, 293.465958
100.000000, 288.319180
100.000000, 283.172402
100.000000, 278.025624
100.000000, 272.878845
100.000000, 267.732067
100.000000, 262.585289
100.000000, 257.438511
100.000000, 252.291733
100.000000, 247.144955
100.000000, 241.998177
100.000000, 236.851398
100.000000, 231.704620
100.000000, 226.557842
100.000000, 221.411064
100.000000, 216.264286
100.000000, 211.117508
100.000000, 205.970729
100.000000, 200.823951
100.000000, 195.677173
100.000000, 190.530395
100.000000, 185.383617
100.000000, 180.236839
100.000000, 175.090060
100.000000, 169.943282
100.000000, 164.796504
100.000000, 159.649726
100.000000, 154.502948
100.000000, 149.356170
100.000000, 144.209391
100.000000, 139.062613
100.000000, 133.915835
100.000000, 128.769057
100.000000, 123.622279
100.000000, 118.475501
100.000000, 113.328723
100.000000, 108.181944
100.000000, 103.035166
100.000000, 97.888388
100.000000, 92.741610
100.000000, 87.594832
100.000000, 82.448054
100.000000, 77.301275
100.000000, 72.154497
100.000000, 67.007719
100.000000, 61.860941
100.000000, 56.714163
100.000000, 51.567385
100.000000, 46.420606
100.000000, 41.273828
100.000000, 36.127050
100.000000, 30.980272
100.000000, 25.833494
100.000000, 20.686716
100.000000, 15.539937
100.000000, 10.393159
100.000000, 5.246381
100.000000, 0.099603
100.000000, 354.952825
100.000000, 349.806047
100.000000, 344.659269
100.000000, 339.512490
100.000000, 334.365712
100.000000, 329.218934
100.000000, 324.072156
100.000000, 318.925378
100.000000, 313.778600
100.000000, 308.631821
100.000000, 303.485043
100.000000, 298.338265
100.000000, 293.191487
100.000000, 288.044709
100.000000, 282.897931
100.000000, 277.751152
100.000000, 272.604374
100.000000, 267.457596
100.000000, 262.310818
100.000000, 257.164040
100.000000, 252.017262
100.000000, 246.870483
100.000000, 241.723705
100.000000, 236.576927
100.000000, 231.430149
100.000000, 226.283371
100.000000, 221.136593
100.000000, 215.989815
100.000000, 210.843036
100.000000, 205.696258
100.000000, 200.549480
100.000000, 195.402702
100.000000, 190.255924
100.000000, 185.109146
100.000000, 179.962367
100.000000, 174.815589
100.000000, 169.668811
100.000000, 164.522033
100.000000, 159.375255
100.000000, 154.228477
100.000000, 149.081698
100.000000, 143.934920
100.000000, 138.788142
100.000000, 133.641364
100.000000, 128.494586
100.000000, 123.347808
100.000000, 118.201029
100.000000, 113.054251
100.000000, 107.907473
100.000000, 102.760695
100.000000, 97.613917
100.000000, 92.467139
100.000000, 87.320361
100.000000, 82.173582
100.000000, 77.026804
100.000000, 71.880026
100.000000, 66.733248
100.000000, 61.586470
100.000000, 56.439692
100.000000, 51.292913
100.000000, 46.146135
100.000000, 40.999357
100.000000, 35.852579
100.000000, 30.705801
100.000000, 25.559023
100.000000, 20.412244
100.000000, 15.265466
100.000000, 10.118688
100.000000, 4.971910
100.000000, 359.825132
100.000000, 354.678354
100.000000, 349.531575
100.000000, 344.384797
100.000000, 339.238019
100.000000, 334.091241
100.000000, 328.944463
100.000000, 323.797685
100.000000, 318.650907
100.000000, 313.504128
100.000000, 308.357350
100.000000, 303.210572
100.000000, 298.063794
100.000000, 292.917016
100.000000, 287.770238
100.000000, 282.623459
100.000000, 277.476681
100.000000, 272.329903
100.000000, 267.183125
100.000000, 262.036347
100.000000, 256.889569
100.000000, 251.742790
100.000000, 246.596012
100.000000, 241.449234
100.000000, 236.302456
100.000000, 231.155678
100.000000, 226.008900
100.000000, 220.862121
100.000000, 215.715343
100.000000, 210.568565
100.000000, 205.421787
100.000000, 200.275009
100.000000, 195.128231
100.000000, 189.981453
100.000000, 184.834674
100.000000, 179.687896
100.000000, 174.541118
100.000000, 169.394340
100.000000, 164.247562
100.000000, 159.100784
100.000000, 153.954005
100.000000, 148.807227
100.000000, 143.660449
100.000000, 138.513671
100.000000, 133.366893
100.000000, 128.220115
100.000000, 123.073336
100.000000, 117.926558
100.000000, 112.779780
100.000000, 107.633002
100.000000, 102.486224
100.000000, 97.339446
100.000000, 92.192667
100.000000, 87.045889
100.000000, 81.899111
100.000000, 76.752333
100.000000, 71.605555
100.000000, 66.458777
100.000000, 61.311999
100.000000, 56.165220
100.000000, 51.018442
100.000000, 45.871664
100.000000, 40.724886
100.000000, 35.578108
100.000000, 30.431330
100.000000, 25.284551
100.000000, 20.137773
100.000000, 14.990995
100.000000, 9.844217
100.000000, 4.697439
100.000000, 359.550661
100.000000, 354.403882
100.000000, 349.257104
100.000000, 344.110326
100.000000, 338.963548
100.000000, 333.816770
100.000000, 328.669992
100.000000, 323.523213
100.000000, 318.376435
100.000000, 313.229657
100.000000, 308.082879
100.000000, 302.936101
100.000000, 297.789323
100.000000, 292.642545
100.000000, 287.495766
100.000000, 282.348988
100.000000, 277.202210
100.000000, 272.055432
100.000000, 266.908654
100.000000, 261.761876
100.000000, 256.615097
100.000000, 251.468319
100.000000, 246.321541
100.000000, 241.174763
100.000000, 236.027985
100.000000, 230.881207
100.000000, 225.734428
100.000000, 220.587650
100.000000, 215.440872
100.000000, 210.294094
100.000000, 205.147316
100.000000, 200.000538
100.000000, 194.853759
100.000000, 189.706981
100.000000, 184.560203
100.000000, 179.413425
100.000000, 174.266647
100.000000, 169.119869
100.000000, 163.973091
100.000000, 158.826312
100.000000, 153.679534
100.000000, 148.532756
100.000000, 143.385978
100.000000, 138.239200
100.000000, 133.092422
100.000000, 127.945643
100.000000, 122.798865
100.000000, 117.652087
100.000000, 112.505309
100.000000, 107.358531
100.000000, 102.211753
100.000000, 97.064974
100.000000, 91.918196
100.000000, 86.771418
100.000000, 81.624640
100.000000, 76.477862
100.000000, 71.331084
100.000000, 66.184305
100.000000, 61.037527
100.000000, 55.890749
100.000000, 50.743971
100.000000, 45.597193
100.000000, 40.450415
100.000000, 35.303637
100.000000, 30.156858
100.000000, 25.010080
100.000000, 19.863302
100.000000, 14.716524
100.000000, 9.569746
100.000000, 4.422968
100.000000, 359.276189
100.000000, 354.129411
100.000000, 348.982633
100.000000, 343.835855
100.000000, 338.689077
100.000000, 333.542299
100.000000, 328.395520
100.000000, 323.248742
100.000000, 318.101964
100.000000, 312.955186
100.000000, 307.808408
100.000000, 302.661630
100.000000, 297.514851
100.000000, 292.368073
100.000000, 287.221295
100.000000, 282.074517
100.000000, 276.927739
100.000000, 271.780961
100.000000, 266.634183
100.000000, 261.487404
100.000000, 256.340626
100.000000, 251.193848
100.000000, 246.047070
100.000000, 240.900292
100.000000, 235.753514
100.000000, 230.606735
100.000000, 225.459957
100.000000, 220.313179
100.000000, 215.166401
100.000000, 210.019623
100.000000, 204.872845
100.000000, 199.726066
100.000000, 194.579288
100.000000, 189.432510
100.000000, 184.285732
100.000000, 179.138954
100.000000, 173.992176
100.000000, 168.845397
100.000000, 163.698619
100.000000, 158.551841
100.000000, 153.405063
100.000000, 148.258285
100.000000, 143.111507
100.000000, 137.964729
100.000000, 132.817950
100.000000, 127.671172
100.000000, 122.524394
100.000000, 117.377616
100.000000, 112.230838
100.000000, 107.084060
100.000000, 101.937281
100.000000, 96.790503
100.000000, 91.643725
100.000000, 86.496947
100.000000, 81.350169
100.000000, 76.203391
100.000000, 71.056612
100.000000, 65.909834
100.000000, 60.763056
100.000000, 55.616278
100.000000, 50.469500
100.000000, 45.322722
100.000000, 40.175943
100.000000, 35.029165
100.000000, 29.882387
100.000000, 24.735609
100.000000, 19.588831
100.000000, 14.442053
100.000000, 9.295275
100.000000, 4.148496
100.000000, 359.001718
100.000000, 353.854940
100.000000, 348.708162
100.000000, 343.561384
100.000000, 338.414606
100.000000, 333.267827
100.000000, 328.121049
100.000000, 322.974271
100.000000, 317.827493
100.000000, 312.680715
100.000000, 307.533937
100.000000, 302.387158
100.000000, 297.240380
100.000000, 292.093602
100.000000, 286.946824
100.000000, 281.800046
100.000000, 276.653268
100.000000, 271.506489
100.000000, 266.359711
100.000000, 261.212933
100.000000, 256.066155
100.000000, 250.919377
100.000000, 245.772599
100.000000, 240.625821
100.000000, 235.479042
100.000000, 230.332264
100.000000, 225.185486
100.000000, 220.038708
100.000000, 214.891930
100.000000, 209.745152
100.000000, 204.598373
100.000000, 199.451595
100.000000, 194.304817
100.000000, 189.158039
100.000000, 184.011261
100.000000, 178.864483
100.000000, 173.717704
100.000000, 168.570926
100.000000, 163.424148
100.000000, 158.277370
100.000000, 153.130592
100.000000, 147.983814
100.000000, 142.837035
100.000000, 137.690257
100.000000, 132.543479
100.000000, 127.396701
100.000000, 122.249923
100.000000, 117.103145
100.000000, 111.956367
100.000000, 106.809588
100.000000, 101.662810
100.000000, 96.516032
100.000000, 91.369254
100.000000, 86.222476
100.000000, 81.075698
100.000000, 75.928919
100.000000, 70.782141
100.000000, 65.635363
100.000000, 60.488585
100.000000, 55.341807
100.000000, 50.195029
100.000000, 45.048250
100.000000, 39.901472
100.000000, 34.754694
100.000000, 29.607916
100.000000, 24.461138
100.000000, 19.314360
100.000000, 14.167581
100.000000, 9.020803
100.000000, 3.874025
100.000000, 358.727247
100.000000, 353.580469
100.000000, 348.433691
100.000000, 343.286913
100.000000, 338.140134
100.000000, 332.993356
100.000000, 327.846578
100.000000, 322.699800
100.000000, 317.553022
100.000000, 312.406244
100.000000, 307.259465
100.000000, 302.112687
100.000000, 296.965909
100.000000, 291.819131
100.000000, 286.672353
100.000000, 281.525575
100.000000, 276.378796
100.000000, 271.232018
100.000000, 266.085240
100.000000, 260.938462
100.000000, 255.791684
100.000000, 250.644906
100.000000, 245.498127
100.000000, 240.351349
100.000000, 235.204571
100.000000, 230.057793
100.000000, 224.911015
100.000000, 219.764237
100.000000, 214.617459
100.000000, 209.470680
100.000000, 204.323902
100.000000, 199.177124
100.000000, 194.030346
100.000000, 188.883568
100.000000, 183.736790
100.000000, 178.590011
100.000000, 173.443233
100.000000, 168.296455
100.000000, 163.149677
100.000000, 158.002899
100.000000, 152.856121
100.000000, 147.709342
100.000000, 142.562564
100.000000, 137.415786
100.000000, 132.269008
100.000000, 127.122230
100.000000, 121.975452
100.000000, 116.828673
100.000000, 111.681895
100.000000, 106.535117
100.000000, 101.388339
100.000000, 96.241561
100.000000, 91.094783
100.000000, 85.948005
100.000000, 80.801226
100.000000, 75.654448
100.000000, 70.507670
100.000000, 65.360892
100.000000, 60.214114
100.000000, 55.067336
100.000000, 49.920557
100.000000, 44.773779
100.000000, 39.627001
100.000000, 34.480223
100.000000, 29.333445
100.000000, 24.186667
100.000000, 19.039888
100.000000, 13.893110
100.000000, 8.746332
100.000000, 3.599554
100.000000, 358.452776
100.000000, 353.305998
100.000000, 348.159219
100.000000, 343.012441
100.000000, 337.865663
100.000000, 332.718885
100.000000, 327.572107
100.000000, 322.425329
100.000000, 317.278551
100.000000, 312.131772
100.000000, 306.984994
100.000000, 301.838216
100.000000, 296.691438
100.000000, 291.544660
100.000000, 286.397882
100.000000, 281.251103
100.000000, 276.104325
100.000000, 270.957547
100.000000, 265.810769
100.000000, 260.663991
100.000000, 255.517213
100.000000, 250.370434
100.000000, 245.223656
100.000000, 240.076878
100.000000, 234.930100
100.000000, 229.783322
100.000000, 224.636544
100.000000, 219.489765
100.000000, 214.342987
100.000000, 209.196209
100.000000, 204.049431
100.000000, 198.902653
100.000000, 193.755875
100.000000, 188.609097
100.000000, 183.462318
100.000000, 178.315540
100.000000, 173.168762
100.000000, 168.021984
100.000000, 162.875206
100.000000, 157.728428
100.000000, 152.581649
100.000000, 147.434871
100.000000, 142.288093
100.000000, 137.141315
100.000000, 131.994537
100.000000, 126.847759
100.000000, 121.700980
100.000000, 116.554202
100.000000, 111.407424
100.000000, 106.260646
100.000000, 101.113868
100.000000, 95.967090
100.000000, 90.820311
100.000000, 85.673533
100.000000, 80.526755
100.000000, 75.379977
100.000000, 70.233199
100.000000, 65.086421
100.000000, 59.939643
100.000000, 54.792864
100.000000, 49.646086
100.000000, 44.499308
100.000000, 39.352530
100.000000, 34.205752
100.000000, 29.058974
100.000000, 23.912195
100.000000, 18.765417
100.000000, 13.618639
100.000000, 8.471861
100.000000, 3.325083
100.000000, 358.178305
100.000000, 353.031526
100.000000, 347.884748
100.000000, 342.737970
100.000000, 337.591192
100.000000, 332.444414
100.000000, 327.297636
100.000000, 322.150857
100.000000, 317.004079
100.000000, 311.857301
100.000000, 306.710523
100.000000, 301.563745
100.000000, 296.416967
100.000000, 291.270189
100.000000, 286.123410
100.000000, 280.976632
100.000000, 275.829854
100.000000, 270.683076
100.000000, 265.536298
100.000000, 260.389520
100.000000, 255.242741
100.000000, 250.095963
100.000000, 244.949185
100.000000, 239.802407
100.000000, 234.655629
100.000000, 229.508851
100.000000, 224.362072
100.000000, 219.215294
100.000000, 214.068516
100.000000, 208.921738
100.000000, 203.774960
100.000000, 198.628182
100.000000, 193.481403
100.000000, 188.334625
100.000000, 183.187847
100.000000, 178.041069
100.000000, 172.894291
100.000000, 167.747513
100.000000, 162.600735
100.000000, 157.453956
100.000000, 152.307178
100.000000, 147.160400
100.000000, 142.013622
100.000000, 136.866844
100.000000, 131.720066
100.000000, 126.573287
100.000000, 121.426509
100.000000, 116.279731
100.000000, 111.132953
100.000000, 105.986175
100.000000, 100.839397
100.000000, 95.692618
100.000000, 90.545840
100.000000, 85.399062
100.000000, 80.252284
100.000000, 75.105506
100.000000, 69.958728
100.000000, 64.811949
100.000000, 59.665171
100.000000, 54.518393
100.000000, 49.371615
100.000000, 44.224837
100.000000, 39.078059
100.000000, 33.931281
100.000000, 28.784502
100.000000, 23.637724
100.000000, 18.490946
100.000000, 13.344168
100.000000, 8.197390
100.000000, 3.050612
100.000000, 357.903833
100.000000, 352.757055
100.000000, 347.610277
100.000000, 342.463499
100.000000, 337.316721
100.000000, 332.169943
100.000000, 327.023164
100.000000, 321.876386
100.000000, 316.729608
100.000000, 311.582830
100.000000, 306.436052
100.000000, 301.289274
100.000000, 296.142495
100.000000, 290.995717
100.000000, 285.848939
100.000000, 280.702161
100.000000, 275.555383
100.000000, 270.408605
100.000000, 265.261827
100.000000, 260.115048
100.000000, 254.968270
100.000000, 249.821492
100.000000, 244.674714
100.000000, 239.527936
100.000000, 234.381158
100.000000, 229.234379
100.000000, 224.087601
100.000000, 218.940823
100.000000, 213.794045
100.000000, 208.647267
100.000000, 203.500489
100.000000, 198.353710
100.000000, 193.206932
100.000000, 188.060154
100.000000, 182.913376
100.000000, 177.766598
100.000000, 172.619820
100.000000, 167.473041
100.000000, 162.326263
100.000000, 157.179485
100.000000, 152.032707
100.000000, 146.885929
100.000000, 141.739151
100.000000, 136.592373
100.000000, 131.445594
100.000000, 126.298816
100.000000, 121.152038
100.000000, 116.005260
100.000000, 110.858482
100.000000, 105.711704
100.000000, 100.564925
100.000000, 95.418147
100.000000, 90.271369
100.000000, 85.124591
100.000000, 79.977813
100.000000, 74.831035
100.000000, 69.684256
100.000000, 64.537478
100.000000, 59.390700
100.000000, 54.243922
100.000000, 49.097144
100.000000, 43.950366
100.000000, 38.803587
100.000000, 33.656809
100.000000, 28.510031
100.000000, 23.363253
100.000000, 18.216475
100.000000, 13.069697
100.000000, 7.922919
100.000000, 2.776140
100.000000, 357.629362
100.000000, 352.482584
100.000000, 347.335806
100.000000, 342.189028
100.000000, 337.042250
100.000000, 331.895471
100.000000, 326.748693
100.000000, 321.601915
100.000000, 316.455137
100.000000, 311.308359
100.000000, 306.161581
100.000000, 301.014802
100.000000, 295.868024
100.000000, 290.721246
100.000000, 285.574468
100.000000, 280.427690
100.000000, 275.280912
100.000000, 270.134133
100.000000, 264.987355
100.000000, 259.840577
100.000000, 254.693799
100.000000, 249.547021
100.000000, 244.400243
100.000000, 239.253465
100.000000, 234.106686
100.000000, 228.959908
100.000000, 223.813130
100.000000, 218.666352
100.000000, 213.519574
100.000000, 208.372796
100.000000, 203.226017
100.000000, 198.079239
100.000000, 192.932461
100.000000, 187.785683
100.000000, 182.638905
100.000000, 177.492127
100.000000, 172.345348
100.000000, 167.198570
100.000000, 162.051792
100.000000, 156.905014
100.000000, 151.758236
100.000000, 146.611458
100.000000, 141.464679
100.000000, 136.317901
100.000000, 131.171123
100.000000, 126.024345
100.000000, 120.877567
100.000000, 115.730789
100.000000, 110.584011
100.000000, 105.437232
100.000000, 100.290454
100.000000, 95.143676
100.000000, 89.996898
100.000000, 84.850120
100.000000, 79.703342
100.000000, 74.556563
100.000000, 69.409785
100.000000, 64.263007
100.000000, 59.116229
100.000000, 53.969451
100.000000, 48.822673
100.000000, 43.675894
100.000000, 38.529116
100.000000, 33.382338
100.000000, 28.235560
100.000000, 23.088782
100.000000, 17.942004
100.000000, 12.795225
100.000000, 7.648447
100.000000, 2.501669
100.000000, 357.354891
100.000000, 352.208113
100.000000, 347.061335
100.000000, 341.914557
100.000000, 336.767778
100.000000, 331.621000
100.000000, 326.474222
100.000000, 321.327444
100.000000, 316.180666
100.000000, 311.033888
100.000000, 305.887109
100.000000, 300.740331
100.000000, 295.593553
100.000000, 290.446775
100.000000, 285.299997
100.000000, 280.153219
100.000000, 275.006440
100.000000, 269.859662
100.000000, 264.712884
100.000000, 259.566106
100.000000, 254.419328
100.000000, 249.272550
100.000000, 244.125771
100.000000, 238.978993
100.000000, 233.832215
100.000000, 228.685437
100.000000, 223.538659
100.000000, 218.391881
100.000000, 213.245103
100.000000, 208.098324
100.000000, 202.951546
100.000000, 197.804768
100.000000, 192.657990
100.000000, 187.511212
100.000000, 182.364434
100.000000, 177.217655
100.000000, 172.070877
100.000000, 166.924099
100.000000, 161.777321
100.000000, 156.630543
100.000000, 151.483765
100.000000, 146.336986
100.000000, 141.190208
100.000000, 136.043430
100.000000, 130.896652
100.000000, 125.749874
100.000000, 120.603096
100.000000, 115.456317
100.000000, 110.309539
100.000000, 105.162761
100.000000, 100.015983
100.000000, 94.869205
100.000000, 89.722427
100.000000, 84.575649
100.000000, 79.428870
100.000000, 74.282092
100.000000, 69.135314
100.000000, 63.988536
100.000000, 58.841758
100.000000, 53.694980
100.000000, 48.548201
100.000000, 43.401423
100.000000, 38.254645
100.000000, 33.107867
100.000000, 27.961089
100.000000, 22.814311
100.000000, 17.667532
100.000000, 12.520754
100.000000, 7.373976
100.000000, 2.227198
100.000000, 357.080420
100.000000, 351.933642
100.000000, 346.786863
100.000000, 341.640085
100.000000, 336.493307
100.000000, 331.346529
100.000000, 326.199751
100.000000, 321.052973
100.000000, 315.906195
100.000000, 310.759416
100.000000, 305.612638
100.000000, 300.465860
100.000000, 295.319082
100.000000, 290.172304
100.000000, 285.025526
100.000000, 279.878747
100.000000, 274.731969
100.000000, 269.585191
100.000000, 264.438413
100.000000, 259.291635
100.000000, 254.144857
100.000000, 248.998078
100.000000, 243.851300
100.000000, 238.704522
100.000000, 233.557744
100.000000, 228.410966
100.000000, 223.264188
100.000000, 218.117409
100.000000, 212.970631
100.000000, 207.823853
100.000000, 202.677075
100.000000, 197.530297
100.000000, 192.383519
100.000000, 187.236741
100.000000, 182.089962
100.000000, 176.943184
100.000000, 171.796406
100.000000, 166.649628
100.000000, 161.502850
100.000000, 156.356072
100.000000, 151.209293
100.000000, 146.062515
100.000000, 140.915737
100.000000, 135.768959
100.000000, 130.622181
100.000000, 125.475403
100.000000, 120.328624
100.000000, 115.181846
100.000000, 110.035068
100.000000, 104.888290
100.000000, 99.741512
100.000000, 94.594734
100.000000, 89.447955
100.000000, 84.301177
100.000000, 79.154399
100.000000, 74.007621
100.000000, 68.860843
100.000000, 63.714065
100.000000, 58.567287
100.000000, 53.420508
100.000000, 48.273730
100.000000, 43.126952
100.000000, 37.980174
100.000000, 32.833396
100.000000, 27.686618
100.000000, 22.539839
100.000000, 17.393061
100.000000, 12.246283
100.000000, 7.099505
100.000000, 1.952727
100.000000, 356.805949
100.000000, 351.659170
100.000000, 346.512392
100.000000, 341.365614
100.000000, 336.218836
100.000000, 331.072058
100.000000, 325.925280
100.000000, 320.778501
100.000000, 315.631723
100.000000, 310.484945
100.000000, 305.338167
100.000000, 300.191389
100.000000, 295.044611
100.000000, 289.897833
100.000000, 284.751054
100.000000, 279.604276
100.000000, 274.457498
100.000000, 269.310720
100.000000, 264.163942
100.000000, 259.017164
100.000000, 253.870385
100.000000, 248.723607
100.000000, 243.576829
100.000000, 238.430051
100.000000, 233.283273
100.000000, 228.136495
100.000000, 222.989716
100.000000, 217.842938
100.000000, 212.696160
100.000000, 207.549382
100.000000, 202.402604
100.000000, 197.255826
100.000000, 192.109047
100.000000, 186.962269
100.000000, 181.815491
100.000000, 176.668713
100.000000, 171.521935
100.000000, 166.375157
100.000000, 161.228379
100.000000, 156.081600
100.000000, 150.934822
100.000000, 145.788044
100.000000, 140.641266
100.000000, 135.494488
100.000000, 130.347710
100.000000, 125.200931
100.000000, 120.054153
100.000000, 114.907375
100.000000, 109.760597
100.000000, 104.613819
100.000000, 99.467041
100.000000, 94.320262
100.000000, 89.173484
100.000000, 84.026706
100.000000, 78.879928
100.000000, 73.733150
100.000000, 68.586372
100.000000, 63.439593
100.000000, 58.292815
100.000000, 53.146037
100.000000, 47.999259
100.000000, 42.852481
100.000000, 37.705703
100.000000, 32.558925
100.000000, 27.412146
100.000000, 22.265368
100.000000, 17.118590
100.000000, 11.971812
100.000000, 6.825034
100.000000, 1.678256
100.000000, 356.531477
100.000000, 351.384699
100.000000, 346.237921
100.000000, 341.091143
100.000000, 335.944365
100.000000, 330.797587
100.000000, 325.650808
100.000000, 320.504030
100.000000, 315.357252
100.000000, 310.210474
100.000000, 305.063696
100.000000, 299.916918
100.000000, 294.770139
100.000000, 289.623361
100.000000, 284.476583
100.000000, 279.329805
100.000000, 274.183027
100.000000, 269.036249
100.000000, 263.889471
100.000000, 258.742692
100.000000, 253.595914
100.000000, 248.449136
100.000000, 243.302358
100.000000, 238.155580
100.000000, 233.008802
100.000000, 227.862023
100.000000, 222.715245
100.000000, 217.568467
100.000000, 212.421689
100.000000, 207.274911
100.000000, 202.128133
100.000000, 196.981354
100.000000, 191.834576
100.000000, 186.687798
100.000000, 181.541020
100.000000, 176.394242
100.000000, 171.247464
100.000000, 166.100685
100.000000, 160.953907
100.000000, 155.807129
100.000000, 150.660351
100.000000, 145.513573
100.000000, 140.366795
100.000000, 135.220017
100.000000, 130.073238
100.000000, 124.926460
100.000000, 119.779682
100.000000, 114.632904
100.000000, 109.486126
100.000000, 104.339348
100.000000, 99.192569
100.000000, 94.045791
100.000000, 88.899013
100.000000, 83.752235
100.000000, 78.605457
100.000000, 73.458679
100.000000, 68.311900
100.000000, 63.165122
100.000000, 58.018344
100.000000, 52.871566
100.000000, 47.724788
100.000000, 42.578010
100.000000, 37.431231
100.000000, 32.284453
100.000000, 27.137675
100.000000, 21.990897
100.000000, 16.844119
100.000000, 11.697341
100.000000, 6.550563
100.000000, 1.403784
100.000000, 356.257006
100.000000, 351.110228
100.000000, 345.963450
100.000000, 340.816672
100.000000, 335.669894
100.000000, 330.523115
100.000000, 325.376337
100.000000, 320.229559
100.000000, 315.082781
100.000000, 309.936003
100.000000, 304.789225
100.000000, 299.642446
100.000000, 294.495668
100.000000, 289.348890
100.000000, 284.202112
100.000000, 279.055334
100.000000, 273.908556
100.000000, 268.761777
100.000000, 263.614999
100.000000, 258.468221
100.000000, 253.321443
100.000000, 248.174665
100.000000, 243.027887
100.000000, 237.881109
100.000000, 232.734330
100.000000, 227.587552
100.000000, 222.440774
100.000000, 217.293996
100.000000, 212.147218
100.000000, 207.000440
100.000000, 201.853661
100.000000, 196.706883
100.000000, 191.560105
100.000000, 186.413327
100.000000, 181.266549
100.000000, 176.119771
100.000000, 170.972992
100.000000, 165.826214
100.000000, 160.679436
100.000000, 155.532658
100.000000, 150.385880
100.000000, 145.239102
100.000000, 140.092323
100.000000, 134.945545
100.000000, 129.798767
100.000000, 124.651989
100.000000, 119.505211
100.000000, 114.358433
100.000000, 109.211655
100.000000, 104.064876
100.000000, 98.918098
100.000000, 93.771320
100.000000, 88.624542
100.000000, 83.477764
100.000000, 78.330986
100.000000, 73.184207
100.000000, 68.037429
100.000000, 62.890651
100.000000, 57.743873
100.000000, 52.597095
100.000000, 47.450317
100.000000, 42.303538
100.000000, 37.156760
100.000000, 32.009982
100.000000, 26.863204
100.000000, 21.716426
100.000000, 16.569648
100.000000, 11.422869
100.000000, 6.276091
100.000000, 1.129313
100.000000, 355.982535
100.000000, 350.835757
100.000000, 345.688979
100.000000, 340.542201
100.000000, 335.395422
100.000000, 330.248644
100.000000, 325.101866
100.000000, 319.955088
100.000000, 314.808310
100.000000, 309.661532
100.000000, 304.514753
100.000000, 299.367975
100.000000, 294.221197
100.000000, 289.074419
100.000000, 283.927641
100.000000, 278.780863
100.000000, 273.634084
100.000000, 268.487306
100.000000, 263.340528
100.000000, 258.193750
100.000000, 253.046972
100.000000, 247.900194
100.000000, 242.753415
100.000000, 237.606637
100.000000, 232.459859
100.000000, 227.313081
100.000000, 222.166303
100.000000, 217.019525
100.000000, 211.872747
100.000000, 206.725968
100.000000, 201.579190
100.000000, 196.432412
100.000000, 191.285634
100.000000, 186.138856
100.000000, 180.992078
100.000000, 175.845299
100.000000, 170.698521
100.000000, 165.551743
100.000000, 160.404965
100.000000, 155.258187
100.000000, 150.111409
100.000000, 144.964630
100.000000, 139.817852
100.000000, 134.671074
100.000000, 129.524296
100.000000, 124.377518
100.000000, 119.230740
100.000000, 114.083961
100.000000, 108.937183
100.000000, 103.790405
100.000000, 98.643627
100.000000, 93.496849
100.000000, 88.350071
100.000000, 83.203293
100.000000, 78.056514
100.000000, 72.909736
100.000000, 67.762958
100.000000, 62.616180
100.000000, 57.469402
100.000000, 52.322624
100.000000, 47.175845
100.000000, 42.029067
100.000000, 36.882289
100.000000, 31.735511
100.000000, 26.588733
100.000000, 21.441955
100.000000, 16.295176
100.000000, 11.148398
100.000000, 6.001620
100.000000, 0.854842
100.000000, 355.708064
100.000000, 350.561286
100.000000, 345.414507
100.000000, 340.267729
100.000000, 335.120951
100.000000, 329.974173
100.000000, 324.827395
100.000000, 319.680617
100.000000, 314.533839
100.000000, 309.387060
100.000000, 304.240282
100.000000, 299.093504
100.000000, 293.946726
100.000000, 288.799948
100.000000, 283.653170
100.000000, 278.506391
100.000000, 273.359613
100.000000, 268.212835
100.000000, 263.066057
100.000000, 257.919279
100.000000, 252.772501
100.000000, 247.625722
100.000000, 242.478944
100.000000, 237.332166
100.000000, 232.185388
100.000000, 227.038610
100.000000, 221.891832
100.000000, 216.745053
100.000000, 211.598275
100.000000, 206.451497
100.000000, 201.304719
100.000000, 196.157941
100.000000, 191.011163
100.000000, 185.864385
100.000000, 180.717606
100.000000, 175.570828
100.000000, 170.424050
100.000000, 165.277272
100.000000, 160.130494
100.000000, 154.983716
100.000000, 149.836937
100.000000, 144.690159
100.000000, 139.543381
100.000000, 134.396603
100.000000, 129.249825
100.000000, 124.103047
100.000000, 118.956268
100.000000, 113.809490
100.000000, 108.662712
100.000000, 103.515934
100.000000, 98.369156
100.000000, 93.222378
100.000000, 88.075599
100.000000, 82.928821
100.000000, 77.782043
100.000000, 72.635265
100.000000, 67.488487
100.000000, 62.341709
100.000000, 57.194931
100.000000, 52.048152
100.000000, 46.901374
100.000000, 41.754596
100.000000, 36.607818
100.000000, 31.461040
100.000000, 26.314262
100.000000, 21.167483
100.000000, 16.020705
100.000000, 10.873927
100.000000, 5.727149
100.000000, 0.580371
100.000000, 355.433593
100.000000, 350.286814
100.000000, 345.140036
100.000000, 339.993258
100.000000, 334.846480
100.000000, 329.699702
100.000000, 324.552924
100.000000, 319.406145
100.000000, 314.259367
100.000000, 309.112589
100.000000, 303.965811
100.000000, 298.819033
100.000000, 293.672255
100.000000, 288.525477
100.000000, 283.378698
100.000000, 278.231920
100.000000, 273.085142
100.000000, 267.938364
100.000000, 262.791586
100.000000, 257.644808
100.000000, 252.498029
100.000000, 247.351251
100.000000, 242.204473
100.000000, 237.057695
100.000000, 231.910917
100.000000, 226.764139
100.000000, 221.617360
100.000000, 216.470582
100.000000, 211.323804
100.000000, 206.177026
100.000000, 201.030248
100.000000, 195.883470
100.000000, 190.736691
100.000000, 185.589913
100.000000, 180.443135
100.000000, 175.296357
100.000000, 170.149579
100.000000, 165.002801
100.000000, 159.856023
100.000000, 154.709244
100.000000, 149.562466
100.000000, 144.415688
100.000000, 139.268910
100.000000, 134.122132
100.000000, 128.975354
100.000000, 123.828575
100.000000, 118.681797
100.000000, 113.535019
100.000000, 108.388241
100.000000, 103.241463
100.000000, 98.094685
100.000000, 92.947906
100.000000, 87.801128
100.000000, 82.654350
100.000000, 77.507572
100.000000, 72.360794
100.000000, 67.214016
100.000000, 62.067237
100.000000, 56.920459
100.000000, 51.773681
100.000000, 46.626903
100.000000, 41.480125
100.000000, 36.333347
100.000000, 31.186569
100.000000, 26.039790
100.000000, 20.893012
100.000000, 15.746234
100.000000, 10.599456
100.000000, 5.452678
100.000000, 0.305900
100.000000, 355.159121
100.000000, 350.012343
100.000000, 344.865565
100.000000, 339.718787
100.000000, 334.572009
100.000000, 329.425231
100.000000, 324.278452
100.000000, 319.131674
100.000000, 313.984896
100.000000, 308.838118
100.000000, 303.691340
100.000000, 298.544562
100.000000, 293.397783
100.000000, 288.251005
100.000000, 283.104227
100.000000, 277.957449
100.000000, 272.810671
100.000000, 267.663893
100.000000, 262.517115
100.000000, 257.370336
100.000000, 252.223558
100.000000, 247.076780
100.000000, 241.930002
100.000000, 236.783224
100.000000, 231.636446
100.000000, 226.489667
100.000000, 221.342889
100.000000, 216.196111
100.000000, 211.049333
100.000000, 205.902555
100.000000, 200.755777
100.000000, 195.608998
100.000000, 190.462220
100.000000, 185.315442
100.000000, 180.168664
100.000000, 175.021886
100.000000, 169.875108
100.000000, 164.728329
100.000000, 159.581551
100.000000, 154.434773
100.000000, 149.287995
100.000000, 144.141217
100.000000, 138.994439
100.000000, 133.847661
100.000000, 128.700882
100.000000, 123.554104
100.000000, 118.407326
100.000000, 113.260548
100.000000, 108.113770
100.000000, 102.966992
100.000000, 97.820213
100.000000, 92.673435
100.000000, 87.526657
100.000000, 82.379879
100.000000, 77.233101
100.000000, 72.086323
100.000000, 66.939544
100.000000, 61.792766
100.000000, 56.645988
100.000000, 51.499210
100.000000, 46.352432
100.000000, 41.205654
100.000000, 36.058875
100.000000, 30.912097
100.000000, 25.765319
100.000000, 20.618541
100.000000, 15.471763
100.000000, 10.324985
100.000000, 5.178207
100.000000, 0.031428
100.000000, 354.884650
100.000000, 349.737872
100.000000, 344.591094
100.000000, 339.444316
100.000000, 334.297538
100.000000, 329.150759
100.000000, 324.003981
100.000000, 318.857203
100.000000, 313.710425
100.000000, 308.563647
100.000000, 303.416869
100.000000, 298.270090
100.000000, 293.123312
100.000000, 287.976534
100.000000, 282.829756
100.000000, 277.682978
100.000000, 272.536200
100.000000, 267.389421
100.000000, 262.242643
100.000000, 257.095865
100.000000, 251.949087
100.000000, 246.802309
100.000000, 241.655531
100.000000, 236.508753
100.000000, 231.361974
100.000000, 226.215196
100.000000, 221.068418
100.000000, 215.921640
100.000000, 210.774862
100.000000, 205.628084
100.000000, 200.481305
100.000000, 195.334527
100.000000, 190.187749
100.000000, 185.040971
100.000000, 179.894193
100.000000, 174.747415
100.000000, 169.600636
100.000000, 164.453858
100.000000, 159.307080
100.000000, 154.160302
100.000000, 149.013524
100.000000, 143.866746
100.000000, 138.719967
100.000000, 133.573189
100.000000, 128.426411
100.000000, 123.279633
100.000000, 118.132855
100.000000, 112.986077
100.000000, 107.839299
100.000000, 102.692520
100.000000, 97.545742
100.000000, 92.398964
100.000000, 87.252186
100.000000, 82.105408
100.000000, 76.958630
100.000000, 71.811851
100.000000, 66.665073
100.000000, 61.518295
100.000000, 56.371517
100.000000, 51.224739
100.000000, 46.077961
100.000000, 40.931182
100.000000, 35.784404
100.000000, 30.637626
100.000000, 25.490848
100.000000, 20.344070
100.000000, 15.197292
100.000000, 10.050513
100.000000, 4.903735
100.000000, 359.756957
100.000000, 354.610179
100.000000, 349.463401
100.000000, 344.316623
100.000000, 339.169845
100.000000, 334.023066
100.000000, 328.876288
100.000000, 323.729510
100.000000, 318.582732
100.000000, 313.435954
100.000000, 308.289176
100.000000, 303.142397
100.000000, 297.995619
100.000000, 292.848841
100.000000, 287.702063
100.000000, 282.555285
100.000000, 277.408507
100.000000, 272.261728
100.000000, 267.114950
100.000000, 261.968172
100.000000, 256.821394
100.000000, 251.674616
100.000000, 246.527838
100.000000, 241.381059
100.000000, 236.234281
100.000000, 231.087503
100.000000, 225.940725
100.000000, 220.793947
100.000000, 215.647169
100.000000, 210.500391
100.000000, 205.353612
100.000000, 200.206834
100.000000, 195.060056
100.000000, 189.913278
100.000000, 184.766500
100.000000, 179.619722
100.000000, 174.472943
100.000000, 169.326165
100.000000, 164.179387
100.000000, 159.032609
100.000000, 153.885831
100.000000, 148.739053
100.000000, 143.592274
100.000000, 138.445496
100.000000, 133.298718
100.000000, 128.151940
100.000000, 123.005162
100.000000, 117.858384
100.000000, 112.711605
100.000000, 107.564827
100.000000, 102.418049
100.000000, 97.271271
100.000000, 92.124493
100.000000, 86.977715
100.000000, 81.830937
100.000000, 76.684158
100.000000, 71.537380
100.000000, 66.390602
100.000000, 61.243824
100.000000, 56.097046
100.000000, 50.950268
100.000000, 45.803489
100.000000, 40.656711
100.000000, 35.509933
100.000000, 30.363155
100.000000, 25.216377
100.000000, 20.069599
100.000000, 14.922820
100.000000, 9.776042
100.000000, 4.629264
100.000000, 359.482486
100.000000, 354.335708
100.000000, 349.188930
100.000000, 344.042151
100.000000, 338.895373
100.000000, 333.748595
100.000000, 328.601817
100.000000, 323.455039
100.000000, 318.308261
100.000000, 313.161483
100.000000, 308.014704
100.000000, 302.867926
100.000000, 297.721148
100.000000, 292.574370
100.000000, 287.427592
100.000000, 282.280814
100.000000, 277.134035
100.000000, 271.987257
100.000000, 266.840479
100.000000, 261.693701
100.000000, 256.546923
100.000000, 251.400145
100.000000, 246.253366
100.000000, 241.106588
100.000000, 235.959810
100.000000, 230.813032
100.000000, 225.666254
100.000000, 220.519476
100.000000, 215.372697
100.000000, 210.225919
100.000000, 205.079141
100.000000, 199.932363
100.000000, 194.785585
100.000000, 189.638807
100.000000, 184.492029
100.000000, 179.345250
100.000000, 174.198472
100.000000, 169.051694
100.000000, 163.904916
100.000000, 158.758138
100.000000, 153.611360
100.000000, 148.464581
100.000000, 143.317803
100.000000, 138.171025
100.000000, 133.024247
100.000000, 127.877469
100.000000, 122.730691
100.000000, 117.583912
100.000000, 112.437134
100.000000, 107.290356
100.000000, 102.143578
100.000000, 96.996800
100.000000, 91.850022
100.000000, 86.703243
100.000000, 81.556465
100.000000, 76.409687
100.000000, 71.262909
100.000000, 66.116131
100.000000, 60.969353
100.000000, 55.822575
100.000000, 50.675796
100.000000, 45.529018
100.000000, 40.382240
100.000000, 35.235462
100.000000, 30.088684
100.000000, 24.941906
100.000000, 19.795127
100.000000, 14.648349
100.000000, 9.501571
100.000000, 4.354793
100.000000, 359.208015
100.000000, 354.061237
100.000000, 348.914458
100.000000, 343.767680
100.000000, 338.620902
100.000000, 333.474124
100.000000, 328.327346
100.000000, 323.180568
100.000000, 318.033789
100.000000, 312.887011
100.000000, 307.740233
100.000000, 302.593455
100.000000, 297.446677
100.000000, 292.299899
100.000000, 287.153121
100.000000, 282.006342
100.000000, 276.859564
100.000000, 271.712786
100.000000, 266.566008
100.000000, 261.419230
100.000000, 256.272452
100.000000, 251.125673
100.000000, 245.978895
100.000000, 240.832117
100.000000, 235.685339
100.000000, 230.538561
100.000000, 225.391783
100.000000, 220.245004
100.000000, 215.098226
100.000000, 209.951448
100.000000, 204.804670
100.000000, 199.657892
100.000000, 194.511114
100.000000, 189.364335
100.000000, 184.217557
100.000000, 179.070779
100.000000, 173.924001
100.000000, 168.777223
100.000000, 163.630445
100.000000, 158.483667
100.000000, 153.336888
100.000000, 148.190110
100.000000, 143.043332
100.000000, 137.896554
100.000000, 132.749776
100.000000, 127.602998
100.000000, 122.456219
100.000000, 117.309441
100.000000, 112.162663
100.000000, 107.015885
100.000000, 101.869107
100.000000, 96.722329
100.000000, 91.575550
100.000000, 86.428772
100.000000, 81.281994
100.000000, 76.135216
100.000000, 70.988438
100.000000, 65.841660
100.000000, 60.694881
100.000000, 55.548103
100.000000, 50.401325
100.000000, 45.254547
100.000000, 40.107769
100.000000, 34.960991
100.000000, 29.814213
100.000000, 24.667434
100.000000, 19.520656
100.000000, 14.373878
100.000000, 9.227100
100.000000, 4.080322
100.000000, 358.933544
100.000000, 353.786765
100.000000, 348.639987
100.000000, 343.493209
100.000000, 338.346431
100.000000, 333.199653
100.000000, 328.052875
100.000000, 322.906096
100.000000, 317.759318
100.000000, 312.612540
100.000000, 307.465762
100.000000, 302.318984
100.000000, 297.172206
100.000000, 292.025427
100.000000, 286.878649
100.000000, 281.731871
100.000000, 276.585093
100.000000, 271.438315
100.000000, 266.291537
100.000000, 261.144759
100.000000, 255.997980
100.000000, 250.851202
100.000000, 245.704424
100.000000, 240.557646
100.000000, 235.410868
100.000000, 230.264090
100.000000, 225.117311
100.000000, 219.970533
100.000000, 214.823755
100.000000, 209.676977
100.000000, 204.530199
100.000000, 199.383421
100.000000, 194.236642
100.000000, 189.089864
100.000000, 183.943086
100.000000, 178.796308
100.000000, 173.649530
100.000000, 168.502752
100.000000, 163.355973
100.000000, 158.209195
100.000000, 153.062417
100.000000, 147.915639
100.000000, 142.768861
100.000000, 137.622083
100.000000, 132.475305
100.000000, 127.328526
100.000000, 122.181748
100.000000, 117.034970
100.000000, 111.888192
100.000000, 106.741414
100.000000, 101.594636
100.000000, 96.447857
100.000000, 91.301079
100.000000, 86.154301
100.000000, 81.007523
100.000000, 75.860745
100.000000, 70.713967
100.000000, 65.567188
100.000000, 60.420410
100.000000, 55.273632
100.000000, 50.126854
100.000000, 44.980076
100.000000, 39.833298
100.000000, 34.686519
100.000000, 29.539741
100.000000, 24.392963
100.000000, 19.246185
100.000000, 14.099407
100.000000, 8.952629
100.000000, 3.805851
100.000000, 358.659072
100.000000, 353.512294
100.000000, 348.365516
100.000000, 343.218738
100.000000, 338.071960
100.000000, 332.925182
100.000000, 327.778403
100.000000, 322.631625
100.000000, 317.484847
100.000000, 312.338069
100.000000, 307.191291
100.000000, 302.044513
100.000000, 296.897734
100.000000, 291.750956
100.000000, 286.604178
100.000000, 281.457400
100.000000, 276.310622
100.000000, 271.163844
100.000000, 266.017065
100.000000, 260.870287
100.000000, 255.723509
100.000000, 250.576731
100.000000, 245.429953
100.000000, 240.283175
100.000000, 235.136397
100.000000, 229.989618
100.000000, 224.842840
100.000000, 219.696062
100.000000, 214.549284
100.000000, 209.402506
100.000000, 204.255728
100.000000, 199.108949
100.000000, 193.962171
100.000000, 188.815393
100.000000, 183.668615
100.000000, 178.521837
100.000000, 173.375059
100.000000, 168.228280
100.000000, 163.081502
100.000000, 157.934724
100.000000, 152.787946
100.000000, 147.641168
100.000000, 142.494390
100.000000, 137.347611
100.000000, 132.200833
100.000000, 127.054055
100.000000, 121.907277
100.000000, 116.760499
100.000000, 111.613721
100.000000, 106.466943
100.000000, 101.320164
100.000000, 96.173386
100.000000, 91.026608
100.000000, 85.879830
100.000000, 80.733052
100.000000, 75.586274
100.000000, 70.439495
100.000000, 65.292717
100.000000, 60.145939
100.000000, 54.999161
100.000000, 49.852383
100.000000, 44.705605
100.000000, 39.558826
100.000000, 34.412048
100.000000, 29.265270
100.000000, 24.118492
100.000000, 18.971714
100.000000, 13.824936
100.000000, 8.678157
100.000000, 3.531379
100.000000, 358.384601
100.000000, 353.237823
100.000000, 348.091045
100.000000, 342.944267
100.000000, 337.797489
100.000000, 332.650710
100.000000, 327.503932
100.000000, 322.357154
100.000000, 317.210376
100.000000, 312.063598
100.000000, 306.916820
100.000000, 301.770041
100.000000, 296.623263
100.000000, 291.476485
100.000000, 286.329707
100.000000, 281.182929
100.000000, 276.036151
100.000000, 270.889372
100.000000, 265.742594
100.000000, 260.595816
100.000000, 255.449038
100.000000, 250.302260
100.000000, 245.155482
100.000000, 240.008703
100.000000, 234.861925
100.000000, 229.715147
100.000000, 224.568369
100.000000, 219.421591
100.000000, 214.274813
100.000000, 209.128035
100.000000, 203.981256
100.000000, 198.834478
100.000000, 193.687700
100.000000, 188.540922
100.000000, 183.394144
100.000000, 178.247366
100.000000, 173.100587
100.000000, 167.953809
100.000000, 162.807031
100.000000, 157.660253
100.000000, 152.513475
100.000000, 147.366697
100.000000, 142.219918
100.000000, 137.073140
100.000000, 131.926362
100.000000, 126.779584
100.000000, 121.632806
100.000000, 116.486028
100.000000, 111.339249
100.000000, 106.192471
100.000000, 101.045693
100.000000, 95.898915
100.000000, 90.752137
100.000000, 85.605359
100.000000, 80.458581
100.000000, 75.311802
100.000000, 70.165024
100.000000, 65.018246
100.000000, 59.871468
100.000000, 54.724690
100.000000, 49.577912
100.000000, 44.431133
100.000000, 39.284355
100.000000, 34.137577
100.000000, 28.990799
100.000000, 23.844021
100.000000, 18.697243
100.000000, 13.550464
100.000000, 8.403686
100.000000, 3.256908
100.000000, 358.110130
100.000000, 352.963352
100.000000, 347.816574
100.000000, 342.669795
100.000000, 337.523017
100.000000, 332.376239
100.000000, 327.229461
100.000000, 322.082683
100.000000, 316.935905
100.000000, 311.789127
100.000000, 306.642348
100.000000, 301.495570
100.000000, 296.348792
100.000000, 291.202014
100.000000, 286.055236
100.000000, 280.908458
100.000000, 275.761679
100.000000, 270.614901
100.000000, 265.468123
100.000000, 260.321345
100.000000, 255.174567
100.000000, 250.027789
100.000000, 244.881010
100.000000, 239.734232
100.000000, 234.587454
100.000000, 229.440676
100.000000, 224.293898
100.000000, 219.147120
100.000000, 214.000341
100.000000, 208.853563
100.000000, 203.706785
100.000000, 198.560007
100.000000, 193.413229
100.000000, 188.266451
100.000000, 183.119673
100.000000, 177.972894
100.000000, 172.826116
100.000000, 167.679338
100.000000, 162.532560
100.000000, 157.385782
100.000000, 152.239004
100.000000, 147.092225
100.000000, 141.945447
100.000000, 136.798669
100.000000, 131.651891
100.000000, 126.505113
100.000000, 121.358335
100.000000, 116.211556
100.000000, 111.064778
100.000000, 105.918000
100.000000, 100.771222
100.000000, 95.624444
100.000000, 90.477666
100.000000, 85.330887
100.000000, 80.184109
100.000000, 75.037331
100.000000, 69.890553
100.000000, 64.743775
100.000000, 59.596997
100.000000, 54.450219
100.000000, 49.303440
100.000000, 44.156662
100.000000, 39.009884
100.000000, 33.863106
100.000000, 28.716328
100.000000, 23.569550
100.000000, 18.422771
100.000000, 13.275993
100.000000, 8.129215
100.000000, 2.982437
100.000000, 357.835659
100.000000, 352.688881
100.000000, 347.542102
100.000000, 342.395324
100.000000, 337.248546
100.000000, 332.101768
100.000000, 326.954990
100.000000, 321.808212
100.000000, 316.661433
100.000000, 311.514655
100.000000, 306.367877
100.000000, 301.221099
100.000000, 296.074321
100.000000, 290.927543
100.000000, 285.780765
100.000000, 280.633986
100.000000, 275.487208
100.000000, 270.340430
100.000000, 265.193652
100.000000, 260.046874
100.000000, 254.900096
100.000000, 249.753317
100.000000, 244.606539
100.000000, 239.459761
100.000000, 234.312983
100.000000, 229.166205
100.000000, 224.019427
100.000000, 218.872648
100.000000, 213.725870
100.000000, 208.579092
100.000000, 203.432314
100.000000, 198.285536
100.000000, 193.138758
100.000000, 187.991979
100.000000, 182.845201
100.000000, 177.698423
100.000000, 172.551645
100.000000, 167.404867
100.000000, 162.258089
100.000000, 157.111311
100.000000, 151.964532
100.000000, 146.817754
100.000000, 141.670976
100.000000, 136.524198
100.000000, 131.377420
100.000000, 126.230642
100.000000, 121.083863
100.000000, 115.937085
100.000000, 110.790307
100.000000, 105.643529
100.000000, 100.496751
100.000000, 95.349973
100.000000, 90.203194
100.000000, 85.056416
100.000000, 79.909638
100.000000, 74.762860
100.000000, 69.616082
100.000000, 64.469304
100.000000, 59.322525
100.000000, 54.175747
100.000000, 49.028969
100.000000, 43.882191
100.000000, 38.735413
100.000000, 33.588635
100.000000, 28.441857
100.000000, 23.295078
100.000000, 18.148300
100.000000, 13.001522
100.000000, 7.854744
100.000000, 2.707966
100.000000, 357.561188
100.000000, 352.414409
100.000000, 347.267631
100.000000, 342.120853
100.000000, 336.974075
100.000000, 331.827297
100.000000, 326.680519
100.000000, 321.533740
100.000000, 316.386962
100.000000, 311.240184
100.000000, 306.093406
100.000000, 300.946628
100.000000, 295.799850
100.000000, 290.653071
100.000000, 285.506293
100.000000, 280.359515
100.000000, 275.212737
100.000000, 270.065959
100.000000, 264.919181
100.000000, 259.772403
100.000000, 254.625624
100.000000, 249.478846
100.000000, 244.332068
100.000000, 239.185290
100.000000, 234.038512
100.000000, 228.891734
100.000000, 223.744955
100.000000, 218.598177
100.000000, 213.451399
100.000000, 208.304621
100.000000, 203.157843
100.000000, 198.011065
100.000000, 192.864286
100.000000, 187.717508
100.000000, 182.570730
100.000000, 177.423952
100.000000, 172.277174
100.000000, 167.130396
100.000000, 161.983617
100.000000, 156.836839
100.000000, 151.690061
100.000000, 146.543283
100.000000, 141.396505
100.000000, 136.249727
100.000000, 131.102949
100.000000, 125.956170
100.000000, 120.809392
100.000000, 115.662614
100.000000, 110.515836
100.000000, 105.369058
100.000000, 100.222280
100.000000, 95.075501
100.000000, 89.928723
100.000000, 84.781945
100.000000, 79.635167
100.000000, 74.488389
100.000000, 69.341611
100.000000, 64.194832
100.000000, 59.048054
100.000000, 53.901276
100.000000, 48.754498
100.000000, 43.607720
100.000000, 38.460942
100.000000, 33.314163
100.000000, 28.167385
100.000000, 23.020607
100.000000, 17.873829
100.000000, 12.727051
100.000000, 7.580273
100.000000, 2.433495
100.000000, 357.286716
100.000000, 352.139938
100.000000, 346.993160
100.000000, 341.846382
100.000000, 336.699604
100.000000, 331.552826
100.000000, 326.406047
100.000000, 321.259269
100.000000, 316.112491
100.000000, 310.965713
100.000000, 305.818935
100.000000, 300.672157
100.000000, 295.525378
100.000000, 290.378600
100.000000, 285.231822
100.000000, 280.085044
100.000000, 274.938266
100.000000, 269.791488
100.000000, 264.644709
100.000000, 259.497931
100.000000, 254.351153
100.000000, 249.204375
100.000000, 244.057597
100.000000, 238.910819
100.000000, 233.764041
100.000000, 228.617262
100.000000, 223.470484
100.000000, 218.323706
100.000000, 213.176928
100.000000, 208.030150
100.000000, 202.883372
100.000000, 197.736593
100.000000, 192.589815
100.000000, 187.443037
100.000000, 182.296259
100.000000, 177.149481
100.000000, 172.002703
100.000000, 166.855924
100.000000, 161.709146
100.000000, 156.562368
100.000000, 151.415590
100.000000, 146.268812
100.000000, 141.122034
100.000000, 135.975255
100.000000, 130.828477
100.000000, 125.681699
100.000000, 120.534921
100.000000, 115.388143
100.000000, 110.241365
100.000000, 105.094587
100.000000, 99.947808
100.000000, 94.801030
100.000000, 89.654252
100.000000, 84.507474
100.000000, 79.360696
100.000000, 74.213918
100.000000, 69.067139
100.000000, 63.920361
100.000000, 58.773583
100.000000, 53.626805
100.000000, 48.480027
100.000000, 43.333249
100.000000, 38.186470
100.000000, 33.039692
100.000000, 27.892914
100.000000, 22.746136
100.000000, 17.599358
100.000000, 12.452580
100.000000, 7.305801
100.000000, 2.159023
100.000000, 357.012245
100.000000, 351.865467
100.000000, 346.718689
100.000000, 341.571911
100.000000, 336.425133
100.000000, 331.278354
100.000000, 326.131576
100.000000, 320.984798
100.000000, 315.838020
100.000000, 310.691242
100.000000, 305.544464
100.000000, 300.397685
100.000000, 295.250907
100.000000, 290.104129
100.000000, 284.957351
100.000000, 279.810573
100.000000, 274.663795
100.000000, 269.517016
100.000000, 264.370238
100.000000, 259.223460
100.000000, 254.076682
100.000000, 248.929904
100.000000, 243.783126
100.000000, 238.636347
100.000000, 233.489569
100.000000, 228.342791
100.000000, 223.196013
100.000000, 218.049235
100.000000, 212.902457
100.000000, 207.755679
100.000000, 202.608900
100.000000, 197.462122
100.000000, 192.315344
100.000000, 187.168566
100.000000, 182.021788
100.000000, 176.875010
100.000000, 171.728231
100.000000, 166.581453
100.000000, 161.434675
100.000000, 156.287897
100.000000, 151.141119
100.000000, 145.994341
100.000000, 140.847562
100.000000, 135.700784
100.000000, 130.554006
100.000000, 125.407228
100.000000, 120.260450
100.000000, 115.113672
100.000000, 109.966893
100.000000, 104.820115
100.000000, 99.673337
100.000000, 94.526559
100.000000, 89.379781
100.000000, 84.233003
100.000000, 79.086225
100.000000, 73.939446
100.000000, 68.792668
100.000000, 63.645890
100.000000, 58.499112
100.000000, 53.352334
100.000000, 48.205556
100.000000, 43.058777
100.000000, 37.911999
100.000000, 32.765221
100.000000, 27.618443
100.000000, 22.471665
100.000000, 17.324887
100.000000, 12.178108
100.000000, 7.031330
100.000000, 1.884552
100.000000, 356.737774
100.000000, 351.590996
100.000000, 346.444218
100.000000, 341.297439
100.000000, 336.150661
100.000000, 331.003883
100.000000, 325.857105
100.000000, 320.710327
100.000000, 315.563549
100.000000, 310.416771
100.000000, 305.269992
100.000000, 300.123214
100.000000, 294.976436
100.000000, 289.829658
100.000000, 284.682880
100.000000, 279.536102
100.000000, 274.389323
100.000000, 269.242545
100.000000, 264.095767
100.000000, 258.948989
100.000000, 253.802211
100.000000, 248.655433
100.000000, 243.508654
100.000000, 238.361876
100.000000, 233.215098
100.000000, 228.068320
100.000000, 222.921542
100.000000, 217.774764
100.000000, 212.627985
100.000000, 207.481207
100.000000, 202.334429
100.000000, 197.187651
100.000000, 192.040873
100.000000, 186.894095
100.000000, 181.747317
100.000000, 176.600538
100.000000, 171.453760
100.000000, 166.306982
100.000000, 161.160204
100.000000, 156.013426
100.000000, 150.866648
100.000000, 145.719869
100.000000, 140.573091
100.000000, 135.426313
100.000000, 130.279535
100.000000, 125.132757
100.000000, 119.985979
100.000000, 114.839200
100.000000, 109.692422
100.000000, 104.545644
100.000000, 99.398866
100.000000, 94.252088
100.000000, 89.105310
100.000000, 83.958531
100.000000, 78.811753
100.000000, 73.664975
100.000000, 68.518197
100.000000, 63.371419
100.000000, 58.224641
100.000000, 53.077863
100.000000, 47.931084
100.000000, 42.784306
100.000000, 37.637528
100.000000, 32.490750
100.000000, 27.343972
100.000000, 22.197194
100.000000, 17.050415
100.000000, 11.903637
100.000000, 6.756859
100.000000, 1.610081
100.000000, 356.463303
100.000000, 351.316525
100.000000, 346.169746
100.000000, 341.022968
100.000000, 335.876190
100.000000, 330.729412
100.000000, 325.582634
100.000000, 320.435856
100.000000, 315.289077
100.000000, 310.142299
100.000000, 304.995521
100.000000, 299.848743
100.000000, 294.701965
100.000000, 289.555187
100.000000, 284.408409
100.000000, 279.261630
100.000000, 274.114852
100.000000, 268.968074
100.000000, 263.821296
100.000000, 258.674518
100.000000, 253.527740
100.000000, 248.380961
100.000000, 243.234183
100.000000, 238.087405
100.000000, 232.940627
100.000000, 227.793849
100.000000, 222.647071
100.000000, 217.500292
100.000000, 212.353514
100.000000, 207.206736
100.000000, 202.059958
100.000000, 196.913180
100.000000, 191.766402
100.000000, 186.619623
100.000000, 181.472845
100.000000, 176.326067
100.000000, 171.179289
100.000000, 166.032511
100.000000, 160.885733
100.000000, 155.738955
100.000000, 150.592176
100.000000, 145.445398
100.000000, 140.298620
100.000000, 135.151842
100.000000, 130.005064
100.000000, 124.858286
100.000000, 119.711507
100.000000, 114.564729
100.000000, 109.417951
100.000000, 104.271173
100.000000, 99.124395
100.000000, 93.977617
100.000000, 88.830838
100.000000, 83.684060
100.000000, 78.537282
100.000000, 73.390504
100.000000, 68.243726
100.000000, 63.096948
100.000000, 57.950169
100.000000, 52.803391
100.000000, 47.656613
100.000000, 42.509835
100.000000, 37.363057
100.000000, 32.216279
100.000000, 27.069501
100.000000, 21.922722
100.000000, 16.775944
100.000000, 11.629166
100.000000, 6.482388
100.000000, 1.335610
100.000000, 356.188832
100.000000, 351.042053
100.000000, 345.895275
100.000000, 340.748497
100.000000, 335.601719
100.000000, 330.454941
100.000000, 325.308163
100.000000, 320.161384
100.000000, 315.014606
100.000000, 309.867828
100.000000, 304.721050
100.000000, 299.574272
100.000000, 294.427494
100.000000, 289.280715
100.000000, 284.133937
100.000000, 278.987159
100.000000, 273.840381
100.000000, 268.693603
100.000000, 263.546825
100.000000, 258.400047
100.000000, 253.253268
100.000000, 248.106490
100.000000, 242.959712
100.000000, 237.812934
100.000000, 232.666156
100.000000, 227.519378
100.000000, 222.372599
100.000000, 217.225821
100.000000, 212.079043
100.000000, 206.932265
100.000000, 201.785487
100.000000, 196.638709
100.000000, 191.491930
100.000000, 186.345152
100.000000, 181.198374
100.000000, 176.051596
100.000000, 170.904818
100.000000, 165.758040
100.000000, 160.611261
100.000000, 155.464483
100.000000, 150.317705
100.000000, 145.170927
100.000000, 140.024149
100.000000, 134.877371
100.000000, 129.730593
100.000000, 124.583814
100.000000, 119.437036
100.000000, 114.290258
100.000000, 109.143480
100.000000, 103.996702
100.000000, 98.849924
100.000000, 93.703145
100.000000, 88.556367
100.000000, 83.409589
100.000000, 78.262811
100.000000, 73.116033
100.000000, 67.969255
100.000000, 62.822476
100.000000, 57.675698
100.000000, 52.528920
100.000000, 47.382142
100.000000, 42.235364
100.000000, 37.088586
100.000000, 31.941807
100.000000, 26.795029
100.000000, 21.648251
100.000000, 16.501473
100.000000, 11.354695
100.000000, 6.207917
100.000000, 1.061139
100.000000, 355.914360
100.000000, 350.767582
100.000000, 345.620804
100.000000, 340.474026
100.000000, 335.327248
100.000000, 330.180470
100.000000, 325.033691
100.000000, 319.886913
100.000000, 314.740135
100.000000, 309.593357
100.000000, 304.446579
100.000000, 299.299801
100.000000, 294.153022
100.000000, 289.006244
100.000000, 283.859466
100.000000, 278.712688
100.000000, 273.565910
100.000000, 268.419132
100.000000, 263.272353
100.000000, 258.125575
100.000000, 252.978797
100.000000, 247.832019
100.000000, 242.685241
100.000000, 237.538463
100.000000, 232.391685
100.000000, 227.244906
100.000000, 222.098128
100.000000, 216.951350
100.000000, 211.804572
100.000000, 206.657794
100.000000, 201.511016
100.000000, 196.364237
100.000000, 191.217459
100.000000, 186.070681
100.000000, 180.923903
100.000000, 175.777125
100.000000, 170.630347
100.000000, 165.483568
100.000000, 160.336790
100.000000, 155.190012
100.000000, 150.043234
100.000000, 144.896456
100.000000, 139.749678
100.000000, 134.602899
100.000000, 129.456121
100.000000, 124.309343
100.000000, 119.162565
100.000000, 114.015787
100.000000, 108.869009
100.000000, 103.722231
100.000000, 98.575452
100.000000, 93.428674
100.000000, 88.281896
100.000000, 83.135118
100.000000, 77.988340
100.000000, 72.841562
100.000000, 67.694783
100.000000, 62.548005
100.000000, 57.401227
100.000000, 52.254449
100.000000, 47.107671
100.000000, 41.960893
100.000000, 36.814114
100.000000, 31.667336
100.000000, 26.520558
100.000000, 21.373780
100.000000, 16.227002
100.000000, 11.080224
100.000000, 5.933445
100.000000, 0.786667
100.000000, 355.639889
100.000000, 350.493111
100.000000, 345.346333
100.000000, 340.199555
100.000000, 335.052777
100.000000, 329.905998
100.000000, 324.759220
100.000000, 319.612442
100.000000, 314.465664
100.000000, 309.318886
100.000000, 304.172108
100.000000, 299.025329
100.000000, 293.878551
100.000000, 288.731773
100.000000, 283.584995
100.000000, 278.438217
100.000000, 273.291439
100.000000, 268.144660
100.000000, 262.997882
100.000000, 257.851104
100.000000, 252.704326
100.000000, 247.557548
100.000000, 242.410770
100.000000, 237.263991
100.000000, 232.117213
100.000000, 226.970435
100.000000, 221.823657
100.000000, 216.676879
100.000000, 211.530101
100.000000, 206.383323
100.000000, 201.236544
100.000000, 196.089766
100.000000, 190.942988
100.000000, 185.796210
100.000000, 180.649432
100.000000, 175.502654
100.000000, 170.355875
100.000000, 165.209097
100.000000, 160.062319
100.000000, 154.915541
100.000000, 149.768763
100.000000, 144.621985
100.000000, 139.475206
100.000000, 134.328428
100.000000, 129.181650
100.000000, 124.034872
100.000000, 118.888094
100.000000, 113.741316
100.000000, 108.594537
100.000000, 103.447759
100.000000, 98.300981
100.000000, 93.154203
100.000000, 88.007425
100.000000, 82.860647
100.000000, 77.713869
100.000000, 72.567090
100.000000, 67.420312
100.000000, 62.273534
100.000000, 57.126756
100.000000, 51.979978
100.000000, 46.833200
100.000000, 41.686421
100.000000, 36.539643
100.000000, 31.392865
100.000000, 26.246087
100.000000, 21.099309
100.000000, 15.952531
100.000000, 10.805752
100.000000, 5.658974
100.000000, 0.512196
100.000000, 355.365418
100.000000, 350.218640
100.000000, 345.071862
100.000000, 339.925083
100.000000, 334.778305
100.000000, 329.631527
100.000000, 324.484749
100.000000, 319.337971
100.000000, 314.191193
100.000000, 309.044415
100.000000, 303.897636
100.000000, 298.750858
100.000000, 293.604080
100.000000, 288.457302
100.000000, 283.310524
100.000000, 278.163746
100.000000, 273.016967
100.000000, 267.870189
100.000000, 262.723411
100.000000, 257.576633
100.000000, 252.429855
100.000000, 247.283077
100.000000, 242.136298
100.000000, 236.989520
100.000000, 231.842742
100.000000, 226.695964
100.000000, 221.549186
100.000000, 216.402408
100.000000, 211.255629
100.000000, 206.108851
100.000000, 200.962073
100.000000, 195.815295
100.000000, 190.668517
100.000000, 185.521739
100.000000, 180.374961
100.000000, 175.228182
100.000000, 170.081404
100.000000, 164.934626
100.000000, 159.787848
100.000000, 154.641070
100.000000, 149.494292
100.000000, 144.347513
100.000000, 139.200735
100.000000, 134.053957
100.000000, 128.907179
100.000000, 123.760401
100.000000, 118.613623
100.000000, 113.466844
100.000000, 108.320066
100.000000, 103.173288
100.000000, 98.026510
100.000000, 92.879732
100.000000, 87.732954
100.000000, 82.586175
100.000000, 77.439397
100.000000, 72.292619
100.000000, 67.145841
100.000000, 61.999063
100.000000, 56.852285
100.000000, 51.705507
100.000000, 46.558728
100.000000, 41.411950
100.000000, 36.265172
100.000000, 31.118394
100.000000, 25.971616
100.000000, 20.824838
100.000000, 15.678059
100.000000, 10.531281
100.000000, 5.384503
100.000000, 0.237725
100.000000, 355.090947
100.000000, 349.944169
100.000000, 344.797390
100.000000, 339.650612
100.000000, 334.503834
100.000000, 329.357056
100.000000, 324.210278
100.000000, 319.063500
100.000000, 313.916721
100.000000, 308.769943
100.000000, 303.623165
100.000000, 298.476387
100.000000, 293.329609
100.000000, 288.182831
100.000000, 283.036053
100.000000, 277.889274
100.000000, 272.742496
100.000000, 267.595718
100.000000, 262.448940
100.000000, 257.302162
100.000000, 252.155384
100.000000, 247.008605
100.000000, 241.861827
100.000000, 236.715049
100.000000, 231.568271
100.000000, 226.421493
100.000000, 221.274715
100.000000, 216.127936
100.000000, 210.981158
100.000000, 205.834380
100.000000, 200.687602
100.000000, 195.540824
100.000000, 190.394046
100.000000, 185.247267
100.000000, 180.100489
100.000000, 174.953711
100.000000, 169.806933
100.000000, 164.660155
100.000000, 159.513377
100.000000, 154.366599
100.000000, 149.219820
100.000000, 144.073042
100.000000, 138.926264
100.000000, 133.779486
100.000000, 128.632708
100.000000, 123.485930
100.000000, 118.339151
100.000000, 113.192373
100.000000, 108.045595
100.000000, 102.898817
100.000000, 97.752039
100.000000, 92.605261
100.000000, 87.458482
100.000000, 82.311704
100.000000, 77.164926
100.000000, 72.018148
100.000000, 66.871370
100.000000, 61.724592
100.000000, 56.577813
100.000000, 51.431035
100.000000, 46.284257
100.000000, 41.137479
100.000000, 35.990701
100.000000, 30.843923
100.000000, 25.697145
100.000000, 20.550366
100.000000, 15.403588
100.000000, 10.256810
100.000000, 5.110032
100.000000, 359.963254
100.000000, 354.816476
100.000000, 349.669697
100.000000, 344.522919
100.000000, 339.376141
100.000000, 334.229363
100.000000, 329.082585
100.000000, 323.935807
100.000000, 318.789028
100.000000, 313.642250
100.000000, 308.495472
100.000000, 303.348694
100.000000, 298.201916
100.000000, 293.055138
100.000000, 287.908359
100.000000, 282.761581
100.000000, 277.614803
100.000000, 272.468025
100.000000, 267.321247
100.000000, 262.174469
100.000000, 257.027691
100.000000, 251.880912
100.000000, 246.734134
100.000000, 241.587356
100.000000, 236.440578
100.000000, 231.293800
100.000000, 226.147022
100.000000, 221.000243
100.000000, 215.853465
100.000000, 210.706687
100.000000, 205.559909
100.000000, 200.413131
100.000000, 195.266353
100.000000, 190.119574
100.000000, 184.972796
100.000000, 179.826018
100.000000, 174.679240
100.000000, 169.532462
100.000000, 164.385684
100.000000, 159.238905
100.000000, 154.092127
100.000000, 148.945349
100.000000, 143.798571
100.000000, 138.651793
100.000000, 133.505015
100.000000, 128.358237
100.000000, 123.211458
100.000000, 118.064680
100.000000, 112.917902
100.000000, 107.771124
100.000000, 102.624346
100.000000, 97.477568
100.000000, 92.330789
100.000000, 87.184011
100.000000, 82.037233
100.000000, 76.890455
100.000000, 71.743677
100.000000, 66.596899
100.000000, 61.450120
100.000000, 56.303342
100.000000, 51.156564
100.000000, 46.009786
100.000000, 40.863008
100.000000, 35.716230
100.000000, 30.569451
100.000000, 25.422673
100.000000, 20.275895
100.000000, 15.129117
100.000000, 9.982339
100.000000, 4.835561
100.000000, 359.688783
100.000000, 354.542004
100.000000, 349.395226
100.000000, 344.248448
100.000000, 339.101670
100.000000, 333.954892
100.000000, 328.808114
100.000000, 323.661335
100.000000, 318.514557
100.000000, 313.367779
100.000000, 308.221001
100.000000, 303.074223
100.000000, 297.927445
100.000000, 292.780666
100.000000, 287.633888
100.000000, 282.487110
100.000000, 277.340332
100.000000, 272.193554
100.000000, 267.046776
100.000000, 261.899997
100.000000, 256.753219
100.000000, 251.606441
100.000000, 246.459663
100.000000, 241.312885
100.000000, 236.166107
100.000000, 231.019329
100.000000, 225.872550
100.000000, 220.725772
100.000000, 215.578994
100.000000, 210.432216
100.000000, 205.285438
100.000000, 200.138660
100.000000, 194.991881
100.000000, 189.845103
100.000000, 184.698325
100.000000, 179.551547
100.000000, 174.404769
100.000000, 169.257991
100.000000, 164.111212
100.000000, 158.964434
100.000000, 153.817656
100.000000, 148.670878
100.000000, 143.524100
100.000000, 138.377322
100.000000, 133.230543
100.000000, 128.083765
100.000000, 122.936987
100.000000, 117.790209
100.000000, 112.643431
100.000000, 107.496653
100.000000, 102.349875
100.000000, 97.203096
100.000000, 92.056318
100.000000, 86.909540
100.000000, 81.762762
100.000000, 76.615984
100.000000, 71.469206
100.000000, 66.322427
100.000000, 61.175649
100.000000, 56.028871
100.000000, 50.882093
100.000000, 45.735315
100.000000, 40.588537
100.000000, 35.441758
100.000000, 30.294980
100.000000, 25.148202
100.000000, 20.001424
100.000000, 14.854646
100.000000, 9.707868
100.000000, 4.561089
100.000000, 359.414311
100.000000, 354.267533
100.000000, 349.120755
100.000000, 343.973977
100.000000, 338.827199
100.000000, 333.680421
100.000000, 328.533642
100.000000, 323.386864
100.000000, 318.240086
100.000000, 313.093308
100.000000, 307.946530
100.000000, 302.799752
100.000000, 297.652973
100.000000, 292.506195
100.000000, 287.359417
100.000000, 282.212639
100.000000, 277.065861
100.000000, 271.919083
100.000000, 266.772304
100.000000, 261.625526
100.000000, 256.478748
100.000000, 251.331970
100.000000, 246.185192
100.000000, 241.038414
100.000000, 235.891635
100.000000, 230.744857
100.000000, 225.598079
100.000000, 220.451301
100.000000, 215.304523
100.000000, 210.157745
100.000000, 205.010967
100.000000, 199.864188
100.000000, 194.717410
100.000000, 189.570632
100.000000, 184.423854
100.000000, 179.277076
100.000000, 174.130298
100.000000, 168.983519
100.000000, 163.836741
100.000000, 158.689963
100.000000, 153.543185
100.000000, 148.396407
100.000000, 143.249629
100.000000, 138.102850
100.000000, 132.956072
100.000000, 127.809294
100.000000, 122.662516
100.000000, 117.515738
100.000000, 112.368960
100.000000, 107.222181
100.000000, 102.075403
100.000000, 96.928625
100.000000, 91.781847
100.000000, 86.635069
100.000000, 81.488291
100.000000, 76.341513
100.000000, 71.194734
100.000000, 66.047956
100.000000, 60.901178
100.000000, 55.754400
100.000000, 50.607622
100.000000, 45.460844
100.000000, 40.314065
100.000000, 35.167287
100.000000, 30.020509
100.000000, 24.873731
100.000000, 19.726953
100.000000, 14.580175
100.000000, 9.433396
100.000000, 4.286618
100.000000, 359.139840
100.000000, 353.993062
100.000000, 348.846284
100.000000, 343.699506
100.000000, 338.552727
100.000000, 333.405949
100.000000, 328.259171
100.000000, 323.112393
100.000000, 317.965615
100.000000, 312.818837
100.000000, 307.672059
100.000000, 302.525280
100.000000, 297.378502
100.000000, 292.231724
100.000000, 287.084946
100.000000, 281.938168
100.000000, 276.791390
100.000000, 271.644611
100.000000, 266.497833
100.000000, 261.351055
100.000000, 256.204277
100.000000, 251.057499
100.000000, 245.910721
100.000000, 240.763942
100.000000, 235.617164
100.000000, 230.470386
100.000000, 225.323608
100.000000, 220.176830
100.000000, 215.030052
100.000000, 209.883273
100.000000, 204.736495
100.000000, 199.589717
100.000000, 194.442939
100.000000, 189.296161
100.000000, 184.149383
100.000000, 179.002605
100.000000, 173.855826
100.000000, 168.709048
100.000000, 163.562270
100.000000, 158.415492
100.000000, 153.268714
100.000000, 148.121936
100.000000, 142.975157
100.000000, 137.828379
100.000000, 132.681601
100.000000, 127.534823
100.000000, 122.388045
100.000000, 117.241267
100.000000, 112.094488
100.000000, 106.947710
100.000000, 101.800932
100.000000, 96.654154
100.000000, 91.507376
100.000000, 86.360598
100.000000, 81.213819
100.000000, 76.067041
100.000000, 70.920263
100.000000, 65.773485
100.000000, 60.626707
100.000000, 55.479929
100.000000, 50.333151
100.000000, 45.186372
100.000000, 40.039594
100.000000, 34.892816
100.000000, 29.746038
100.000000, 24.599260
100.000000, 19.452482
100.000000, 14.305703
100.000000, 9.158925
100.000000, 4.012147
100.000000, 358.865369
100.000000, 353.718591
100.000000, 348.571813
100.000000, 343.425034
100.000000, 338.278256
100.000000, 333.131478
100.000000, 327.984700
100.000000, 322.837922
100.000000, 317.691144
100.000000, 312.544365
100.000000, 307.397587
100.000000, 302.250809
100.000000, 297.104031
100.000000, 291.957253
100.000000, 286.810475
100.000000, 281.663697
100.000000, 276.516918
100.000000, 271.370140
100.000000, 266.223362
100.000000, 261.076584
100.000000, 255.929806
100.000000, 250.783028
100.000000, 245.636249
100.000000, 240.489471
100.000000, 235.342693
100.000000, 230.195915
100.000000, 225.049137
100.000000, 219.902359
100.000000, 214.755580
100.000000, 209.608802
100.000000, 204.462024
100.000000, 199.315246
100.000000, 194.168468
100.000000, 189.021690
100.000000, 183.874911
100.000000, 178.728133
100.000000, 173.581355
100.000000, 168.434577
100.000000, 163.287799
100.000000, 158.141021
100.000000, 152.994243
100.000000, 147.847464
100.000000, 142.700686
100.000000, 137.553908
100.000000, 132.407130
100.000000, 127.260352
100.000000, 122.113574
100.000000, 116.966795
100.000000, 111.820017
100.000000, 106.673239
100.000000, 101.526461
100.000000, 96.379683
100.000000, 91.232905
100.000000, 86.086126
100.000000, 80.939348
100.000000, 75.792570
100.000000, 70.645792
100.000000, 65.499014
100.000000, 60.352236
100.000000, 55.205457
100.000000, 50.058679
100.000000, 44.911901
100.000000, 39.765123
100.000000, 34.618345
100.000000, 29.471567
100.000000, 24.324789
100.000000, 19.178010
100.000000, 14.031232
100.000000, 8.884454
100.000000, 3.737676
100.000000, 358.590898
100.000000, 353.444120
100.000000, 348.297341
100.000000, 343.150563
100.000000, 338.003785
100.000000, 332.857007
100.000000, 327.710229
100.000000, 322.563451
100.000000, 317.416672
100.000000, 312.269894
100.000000, 307.123116
100.000000, 301.976338
100.000000, 296.829560
100.000000, 291.682782
100.000000, 286.536003
100.000000, 281.389225
100.000000, 276.242447
100.000000, 271.095669
100.000000, 265.948891
100.000000, 260.802113
100.000000, 255.655335
100.000000, 250.508556
100.000000, 245.361778
100.000000, 240.215000
100.000000, 235.068222
100.000000, 229.921444
100.000000, 224.774666
100.000000, 219.627887
100.000000, 214.481109
100.000000, 209.334331
100.000000, 204.187553
100.000000, 199.040775
100.000000, 193.893997
100.000000, 188.747218
100.000000, 183.600440
100.000000, 178.453662
100.000000, 173.306884
100.000000, 168.160106
100.000000, 163.013328
100.000000, 157.866549
100.000000, 152.719771
100.000000, 147.572993
100.000000, 142.426215
100.000000, 137.279437
100.000000, 132.132659
100.000000, 126.985881
100.000000, 121.839102
100.000000, 116.692324
100.000000, 111.545546
100.000000, 106.398768
100.000000, 101.251990
100.000000, 96.105212
100.000000, 90.958433
100.000000, 85.811655
100.000000, 80.664877
100.000000, 75.518099
100.000000, 70.371321
100.000000, 65.224543
100.000000, 60.077764
100.000000, 54.930986
100.000000, 49.784208
100.000000, 44.637430
100.000000, 39.490652
100.000000, 34.343874
100.000000, 29.197095
100.000000, 24.050317
100.000000, 18.903539
100.000000, 13.756761
100.000000, 8.609983
100.000000, 3.463205
100.000000, 358.316427
100.000000, 353.169648
100.000000, 348.022870
100.000000, 342.876092
100.000000, 337.729314
100.000000, 332.582536
100.000000, 327.435758
100.000000, 322.288979
100.000000, 317.142201
100.000000, 311.995423
100.000000, 306.848645
100.000000, 301.701867
100.000000, 296.555089
100.000000, 291.408310
100.000000, 286.261532
100.000000, 281.114754
100.000000, 275.967976
100.000000, 270.821198
100.000000, 265.674420
100.000000, 260.527641
100.000000, 255.380863
100.000000, 250.234085
100.000000, 245.087307
100.000000, 239.940529
100.000000, 234.793751
100.000000, 229.646973
100.000000, 224.500194
100.000000, 219.353416
100.000000, 214.206638
100.000000, 209.059860
100.000000, 203.913082
100.000000, 198.766304
100.000000, 193.619525
100.000000, 188.472747
100.000000, 183.325969
100.000000, 178.179191
100.000000, 173.032413
100.000000, 167.885635
100.000000, 162.738856
100.000000, 157.592078
100.000000, 152.445300
100.000000, 147.298522
100.000000, 142.151744
100.000000, 137.004966
100.000000, 131.858187
100.000000, 126.711409
100.000000, 121.564631
100.000000, 116.417853
100.000000, 111.271075
100.000000, 106.124297
100.000000, 100.977519
100.000000, 95.830740
100.000000, 90.683962
100.000000, 85.537184
100.000000, 80.390406
100.000000, 75.243628
100.000000, 70.096850
100.000000, 64.950071
100.000000, 59.803293
100.000000, 54.656515
100.000000, 49.509737
100.000000, 44.362959
100.000000, 39.216181
100.000000, 34.069402
100.000000, 28.922624
100.000000, 23.775846
100.000000, 18.629068
100.000000, 13.482290
100.000000, 8.335512
100.000000, 3.188733
100.000000, 358.041955
100.000000, 352.895177
100.000000, 347.748399
100.000000, 342.601621
100.000000, 337.454843
100.000000, 332.308065
100.000000, 327.161286
100.000000, 322.014508
100.000000, 316.867730
100.000000, 311.720952
100.000000, 306.574174
100.000000, 301.427396
100.000000, 296.280617
100.000000, 291.133839
100.000000, 285.987061
100.000000, 280.840283
100.000000, 275.693505
100.000000, 270.546727
100.000000, 265.399948
100.000000, 260.253170
100.000000, 255.106392
100.000000, 249.959614
100.000000, 244.812836
100.000000, 239.666058
100.000000, 234.519279
100.000000, 229.372501
100.000000, 224.225723
100.000000, 219.078945
100.000000, 213.932167
100.000000, 208.785389
100.000000, 203.638611
100.000000, 198.491832
100.000000, 193.345054
100.000000, 188.198276
100.000000, 183.051498
100.000000, 177.904720
100.000000, 172.757942
100.000000, 167.611163
100.000000, 162.464385
100.000000, 157.317607
100.000000, 152.170829
100.000000, 147.024051
100.000000, 141.877273
100.000000, 136.730494
100.000000, 131.583716
100.000000, 126.436938
100.000000, 121.290160
100.000000, 116.143382
100.000000, 110.996604
100.000000, 105.849825
100.000000, 100.703047
100.000000, 95.556269
100.000000, 90.409491
100.000000, 85.262713
100.000000, 80.115935
100.000000, 74.969157
100.000000, 69.822378
100.000000, 64.675600
100.000000, 59.528822
100.000000, 54.382044
100.000000, 49.235266
100.000000, 44.088488
100.000000, 38.941709
100.000000, 33.794931
100.000000, 28.648153
100.000000, 23.501375
100.000000, 18.354597
100.000000, 13.207819
100.000000, 8.061040
100.000000, 2.914262
100.000000, 357.767484
100.000000, 352.620706
100.000000, 347.473928
100.000000, 342.327150
100.000000, 337.180371
100.000000, 332.033593
100.000000, 326.886815
100.000000, 321.740037
100.000000, 316.593259
100.000000, 311.446481
100.000000, 306.299703
100.000000, 301.152924
100.000000, 296.006146
100.000000, 290.859368
100.000000, 285.712590
100.000000, 280.565812
100.000000, 275.419034
100.000000, 270.272255
100.000000, 265.125477
100.000000, 259.978699
100.000000, 254.831921
100.000000, 249.685143
100.000000, 244.538365
100.000000, 239.391586
100.000000, 234.244808
100.000000, 229.098030
100.000000, 223.951252
100.000000, 218.804474
100.000000, 213.657696
100.000000, 208.510917
100.000000, 203.364139
100.000000, 198.217361
100.000000, 193.070583
100.000000, 187.923805
100.000000, 182.777027
100.000000, 177.630249
100.000000, 172.483470
100.000000, 167.336692
100.000000, 162.189914
100.000000, 157.043136
100.000000, 151.896358
100.000000, 146.749580
100.000000, 141.602801
100.000000, 136.456023
100.000000, 131.309245
100.000000, 126.162467
100.000000, 121.015689
100.000000, 115.868911
100.000000, 110.722132
100.000000, 105.575354
100.000000, 100.428576
100.000000, 95.281798
100.000000, 90.135020
100.000000, 84.988242
100.000000, 79.841463
100.000000, 74.694685
100.000000, 69.547907
100.000000, 64.401129
100.000000, 59.254351
100.000000, 54.107573
100.000000, 48.960795
100.000000, 43.814016
100.000000, 38.667238
100.000000, 33.520460
100.000000, 28.373682
100.000000, 23.226904
100.000000, 18.080126
100.000000, 12.933347
100.000000, 7.786569
100.000000, 2.639791
100.000000, 357.493013
100.000000, 352.346235
100.000000, 347.199457
100.000000, 342.052678
100.000000, 336.905900
100.000000, 331.759122
100.000000, 326.612344
100.000000, 321.465566
100.000000, 316.318788
100.000000, 311.172009
100.000000, 306.025231
100.000000, 300.878453
100.000000, 295.731675
100.000000, 290.584897
100.000000, 285.438119
100.000000, 280.291341
100.000000, 275.144562
100.000000, 269.997784
100.000000, 264.851006
100.000000, 259.704228
100.000000, 254.557450
100.000000, 249.410672
100.000000, 244.263893
100.000000, 239.117115
100.000000, 233.970337
100.000000, 228.823559
100.000000, 223.676781
100.000000, 218.530003
100.000000, 213.383224
100.000000, 208.236446
100.000000, 203.089668
100.000000, 197.942890
100.000000, 192.796112
100.000000, 187.649334
100.000000, 182.502555
100.000000, 177.355777
100.000000, 172.208999
100.000000, 167.062221
100.000000, 161.915443
100.000000, 156.768665
100.000000, 151.621887
100.000000, 146.475108
100.000000, 141.328330
100.000000, 136.181552
100.000000, 131.034774
100.000000, 125.887996
100.000000, 120.741218
100.000000, 115.594439
100.000000, 110.447661
100.000000, 105.300883
100.000000, 100.154105
100.000000, 95.007327
100.000000, 89.860549
100.000000, 84.713770
100.000000, 79.566992
100.000000, 74.420214
100.000000, 69.273436
100.000000, 64.126658
100.000000, 58.979880
100.000000, 53.833101
100.000000, 48.686323
100.000000, 43.539545
100.000000, 38.392767
100.000000, 33.245989
100.000000, 28.099211
100.000000, 22.952433
100.000000, 17.805654
100.000000, 12.658876
100.000000, 7.512098
100.000000, 2.365320
100.000000, 357.218542
100.000000, 352.071764
100.000000, 346.924985
100.000000, 341.778207
100.000000, 336.631429
100.000000, 331.484651
100.000000, 326.337873
100.000000, 321.191095
100.000000, 316.044316
100.000000, 310.897538
100.000000, 305.750760
100.000000, 300.603982
100.000000, 295.457204
100.000000, 290.310426
100.000000, 285.163647
100.000000, 280.016869
100.000000, 274.870091
100.000000, 269.723313
100.000000, 264.576535
100.000000, 259.429757
100.000000, 254.282979
100.000000, 249.136200
100.000000, 243.989422
100.000000, 238.842644
100.000000, 233.695866
100.000000, 228.549088
100.000000, 223.402310
100.000000, 218.255531
100.000000, 213.108753
100.000000, 207.961975
100.000000, 202.815197
100.000000, 197.668419
100.000000, 192.521641
100.000000, 187.374862
100.000000, 182.228084
100.000000, 177.081306
100.000000, 171.934528
100.000000, 166.787750
100.000000, 161.640972
100.000000, 156.494193
100.000000, 151.347415
100.000000, 146.200637
100.000000, 141.053859
100.000000, 135.907081
100.000000, 130.760303
100.000000, 125.613525
100.000000, 120.466746
100.000000, 115.319968
100.000000, 110.173190
100.000000, 105.026412
100.000000, 99.879634
100.000000, 94.732856
100.000000, 89.586077
100.000000, 84.439299
100.000000, 79.292521
100.000000, 74.145743
100.000000, 68.998965
100.000000, 63.852187
100.000000, 58.705408
100.000000, 53.558630
100.000000, 48.411852
100.000000, 43.265074
100.000000, 38.118296
100.000000, 32.971518
100.000000, 27.824739
100.000000, 22.677961
100.000000, 17.531183
100.000000, 12.384405
100.000000, 7.237627
100.000000, 2.090849
100.000000, 356.944071
100.000000, 351.797292
100.000000, 346.650514
100.000000, 341.503736
100.000000, 336.356958
100.000000, 331.210180
100.000000, 326.063402
100.000000, 320.916623
100.000000, 315.769845
100.000000, 310.623067
100.000000, 305.476289
100.000000, 300.329511
100.000000, 295.182733
100.000000, 290.035954
100.000000, 284.889176
100.000000, 279.742398
100.000000, 274.595620
100.000000, 269.448842
100.000000, 264.302064
100.000000, 259.155285
100.000000, 254.008507
100.000000, 248.861729
100.000000, 243.714951
100.000000, 238.568173
100.000000, 233.421395
100.000000, 228.274617
100.000000, 223.127838
100.000000, 217.981060
100.000000, 212.834282
100.000000, 207.687504
100.000000, 202.540726
100.000000, 197.393948
100.000000, 192.247169
100.000000, 187.100391
100.000000, 181.953613
100.000000, 176.806835
100.000000, 171.660057
100.000000, 166.513279
100.000000, 161.366500
100.000000, 156.219722
100.000000, 151.072944
100.000000, 145.926166
100.000000, 140.779388
100.000000, 135.632610
100.000000, 130.485831
100.000000, 125.339053
100.000000, 120.192275
100.000000, 115.045497
100.000000, 109.898719
100.000000, 104.751941
100.000000, 99.605163
100.000000, 94.458384
100.000000, 89.311606
100.000000, 84.164828
100.000000, 79.018050
100.000000, 73.871272
100.000000, 68.724494
100.000000, 63.577715
100.000000, 58.430937
100.000000, 53.284159
100.000000, 48.137381
100.000000, 42.990603
100.000000, 37.843825
100.000000, 32.697046
100.000000, 27.550268
100.000000, 22.403490
100.000000, 17.256712
100.000000, 12.109934
100.000000, 6.963156
100.000000, 1.816377
100.000000, 356.669599
100.000000, 351.522821
100.000000, 346.376043
100.000000, 341.229265
100.000000, 336.082487
100.000000, 330.935709
100.000000, 325.788930
100.000000, 320.642152
100.000000, 315.495374
100.000000, 310.348596
100.000000, 305.201818
100.000000, 300.055040
100.000000, 294.908261
100.000000, 289.761483
100.000000, 284.614705
100.000000, 279.467927
100.000000, 274.321149
100.000000, 269.174371
100.000000, 264.027592
100.000000, 258.880814
100.000000, 253.734036
100.000000, 248.587258
100.000000, 243.440480
100.000000, 238.293702
100.000000, 233.146923
100.000000, 228.000145
100.000000, 222.853367
100.000000, 217.706589
100.000000, 212.559811
100.000000, 207.413033
100.000000, 202.266255
100.000000, 197.119476
100.000000, 191.972698
100.000000, 186.825920
100.000000, 181.679142
100.000000, 176.532364
100.000000, 171.385586
100.000000, 166.238807
100.000000, 161.092029
100.000000, 155.945251
100.000000, 150.798473
100.000000, 145.651695
100.000000, 140.504917
100.000000, 135.358138
100.000000, 130.211360
100.000000, 125.064582
100.000000, 119.917804
100.000000, 114.771026
100.000000, 109.624248
100.000000, 104.477469
100.000000, 99.330691
100.000000, 94.183913
100.000000, 89.037135
100.000000, 83.890357
100.000000, 78.743579
100.000000, 73.596801
100.000000, 68.450022
100.000000, 63.303244
100.000000, 58.156466
100.000000, 53.009688
100.000000, 47.862910
100.000000, 42.716132
100.000000, 37.569353
100.000000, 32.422575
100.000000, 27.275797
100.000000, 22.129019
100.000000, 16.982241
100.000000, 11.835463
100.000000, 6.688684
100.000000, 1.541906
100.000000, 356.395128
100.000000, 351.248350
100.000000, 346.101572
100.000000, 340.954794
100.000000, 335.808015
100.000000, 330.661237
100.000000, 325.514459
100.000000, 320.367681
100.000000, 315.220903
100.000000, 310.074125
100.000000, 304.927347
100.000000, 299.780568
100.000000, 294.633790
100.000000, 289.487012
100.000000, 284.340234
100.000000, 279.193456
100.000000, 274.046678
100.000000, 268.899899
100.000000, 263.753121
100.000000, 258.606343
100.000000, 253.459565
100.000000, 248.312787
100.000000, 243.166009
100.000000, 238.019230
100.000000, 232.872452
100.000000, 227.725674
100.000000, 222.578896
100.000000, 217.432118
100.000000, 212.285340
100.000000, 207.138561
100.000000, 201.991783
100.000000, 196.845005
100.000000, 191.698227
100.000000, 186.551449
100.000000, 181.404671
100.000000, 176.257893
100.000000, 171.111114
100.000000, 165.964336
100.000000, 160.817558
100.000000, 155.670780
100.000000, 150.524002
100.000000, 145.377224
100.000000, 140.230445
100.000000, 135.083667
100.000000, 129.936889
100.000000, 124.790111
100.000000, 119.643333
100.000000, 114.496555
100.000000, 109.349776
100.000000, 104.202998
100.000000, 99.056220
100.000000, 93.909442
100.000000, 88.762664
100.000000, 83.615886
100.000000, 78.469107
100.000000, 73.322329
100.000000, 68.175551
100.000000, 63.028773
100.000000, 57.881995
100.000000, 52.735217
100.000000, 47.588439
100.000000, 42.441660
100.000000, 37.294882
100.000000, 32.148104
100.000000, 27.001326
100.000000, 21.854548
100.000000, 16.707770
100.000000, 11.560991
100.000000, 6.414213
100.000000, 1.267435
100.000000, 356.120657
100.000000, 350.973879
100.000000, 345.827101
100.000000, 340.680322
100.000000, 335.533544
100.000000, 330.386766
100.000000, 325.239988
100.000000, 320.093210
100.000000, 314.946432
100.000000, 309.799653
100.000000, 304.652875
100.000000, 299.506097
100.000000, 294.359319
100.000000, 289.212541
100.000000, 284.065763
100.000000, 278.918985
100.000000, 273.772206
100.000000, 268.625428
100.000000, 263.478650
100.000000, 258.331872
100.000000, 253.185094
100.000000, 248.038316
100.000000, 242.891537
100.000000, 237.744759
100.000000, 232.597981
100.000000, 227.451203
100.000000, 222.304425
100.000000, 217.157647
100.000000, 212.010868
100.000000, 206.864090
100.000000, 201.717312
100.000000, 196.570534
100.000000, 191.423756
100.000000, 186.276978
100.000000, 181.130199
100.000000, 175.983421
100.000000, 170.836643
100.000000, 165.689865
100.000000, 160.543087
100.000000, 155.396309
100.000000, 150.249531
100.000000, 145.102752
100.000000, 139.955974
100.000000, 134.809196
100.000000, 129.662418
100.000000, 124.515640
100.000000, 119.368862
100.000000, 114.222083
100.000000, 109.075305
100.000000, 103.928527
100.000000, 98.781749
100.000000, 93.634971
100.000000, 88.488193
100.000000, 83.341414
100.000000, 78.194636
100.000000, 73.047858
100.000000, 67.901080
100.000000, 62.754302
100.000000, 57.607524
100.000000, 52.460745
100.000000, 47.313967
100.000000, 42.167189
100.000000, 37.020411
100.000000, 31.873633
100.000000, 26.726855
100.000000, 21.580077
100.000000, 16.433298
100.000000, 11.286520
100.000000, 6.139742
100.000000, 0.992964
100.000000, 355.846186
100.000000, 350.699408
100.000000, 345.552629
100.000000, 340.405851
100.000000, 335.259073
100.000000, 330.112295
100.000000, 324.965517
100.000000, 319.818739
100.000000, 314.671960
100.000000, 309.525182
100.000000, 304.378404
100.000000, 299.231626
100.000000, 294.084848
100.000000, 288.938070
100.000000, 283.791291
100.000000, 278.644513
100.000000, 273.497735
100.000000, 268.350957
100.000000, 263.204179
100.000000, 258.057401
100.000000, 252.910623
100.000000, 247.763844
100.000000, 242.617066
100.000000, 237.470288
100.000000, 232.323510
100.000000, 227.176732
100.000000, 222.029954
100.000000, 216.883175
100.000000, 211.736397
100.000000, 206.589619
100.000000, 201.442841
100.000000, 196.296063
100.000000, 191.149285
100.000000, 186.002506
100.000000, 180.855728
100.000000, 175.708950
100.000000, 170.562172
100.000000, 165.415394
100.000000, 160.268616
100.000000, 155.121837
100.000000, 149.975059
100.000000, 144.828281
100.000000, 139.681503
100.000000, 134.534725
100.000000, 129.387947
100.000000, 124.241169
100.000000, 119.094390
100.000000, 113.947612
100.000000, 108.800834
100.000000, 103.654056
100.000000, 98.507278
100.000000, 93.360500
100.000000, 88.213721
100.000000, 83.066943
100.000000, 77.920165
100.000000, 72.773387
100.000000, 67.626609
100.000000, 62.479831
100.000000, 57.333052
100.000000, 52.186274
100.000000, 47.039496
100.000000, 41.892718
100.000000, 36.745940
100.000000, 31.599162
100.000000, 26.452383
100.000000, 21.305605
100.000000, 16.158827
100.000000, 11.012049
100.000000, 5.865271
100.000000, 0.718493
100.000000, 355.571715
100.000000, 350.424936
100.000000, 345.278158
100.000000, 340.131380
100.000000, 334.984602
100.000000, 329.837824
100.000000, 324.691046
100.000000, 319.544267
100.000000, 314.397489
100.000000, 309.250711
100.000000, 304.103933
100.000000, 298.957155
100.000000, 293.810377
100.000000, 288.663598
100.000000, 283.516820
100.000000, 278.370042
100.000000, 273.223264
100.000000, 268.076486
100.000000, 262.929708
100.000000, 257.782929
100.000000, 252.636151
100.000000, 247.489373
100.000000, 242.342595
100.000000, 237.195817
100.000000, 232.049039
100.000000, 226.902261
100.000000, 221.755482
100.000000, 216.608704
100.000000, 211.461926
100.000000, 206.315148
100.000000, 201.168370
100.000000, 196.021592
100.000000, 190.874813
100.000000, 185.728035
100.000000, 180.581257
100.000000, 175.434479
100.000000, 170.287701
100.000000, 165.140923
100.000000, 159.994144
100.000000, 154.847366
100.000000, 149.700588
100.000000, 144.553810
100.000000, 139.407032
100.000000, 134.260254
100.000000, 129.113475
100.000000, 123.966697
100.000000, 118.819919
100.000000, 113.673141
100.000000, 108.526363
100.000000, 103.379585
100.000000, 98.232807
100.000000, 93.086028
100.000000, 87.939250
100.000000, 82.792472
100.000000, 77.645694
100.000000, 72.498916
100.000000, 67.352138
100.000000, 62.205359
100.000000, 57.058581
100.000000, 51.911803
100.000000, 46.765025
100.000000, 41.618247
100.000000, 36.471469
100.000000, 31.324690
100.000000, 26.177912
100.000000, 21.031134
100.000000, 15.884356
100.000000, 10.737578
100.000000, 5.590800
100.000000, 0.444021
100.000000, 355.297243
100.000000, 350.150465
100.000000, 345.003687
100.000000, 339.856909
100.000000, 334.710131
100.000000, 329.563353
100.000000, 324.416574
100.000000, 319.269796
100.000000, 314.123018
100.000000, 308.976240
100.000000, 303.829462
100.000000, 298.682684
100.000000, 293.535905
100.000000, 288.389127
100.000000, 283.242349
100.000000, 278.095571
100.000000, 272.948793
100.000000, 267.802015
100.000000, 262.655236
100.000000, 257.508458
100.000000, 252.361680
100.000000, 247.214902
100.000000, 242.068124
100.000000, 236.921346
100.000000, 231.774567
100.000000, 226.627789
100.000000, 221.481011
100.000000, 216.334233
100.000000, 211.187455
100.000000, 206.040677
100.000000, 200.893899
100.000000, 195.747120
100.000000, 190.600342
100.000000, 185.453564
100.000000, 180.306786
100.000000, 175.160008
100.000000, 170.013230
100.000000, 164.866451
100.000000, 159.719673
100.000000, 154.572895
100.000000, 149.426117
100.000000, 144.279339
100.000000, 139.132561
100.000000, 133.985782
100.000000, 128.839004
100.000000, 123.692226
100.000000, 118.545448
100.000000, 113.398670
100.000000, 108.251892
100.000000, 103.105113
100.000000, 97.958335
100.000000, 92.811557
100.000000, 87.664779
100.000000, 82.518001
100.000000, 77.371223
100.000000, 72.224445
100.000000, 67.077666
100.000000, 61.930888
100.000000, 56.784110
100.000000, 51.637332
100.000000, 46.490554
100.000000, 41.343776
100.000000, 36.196997
100.000000, 31.050219
100.000000, 25.903441
100.000000, 20.756663
100.000000, 15.609885
100.000000, 10.463107
100.000000, 5.316328
100.000000, 0.169550
100.000000, 355.022772
100.000000, 349.875994
100.000000, 344.729216
100.000000, 339.582438
100.000000, 334.435659
100.000000, 329.288881
100.000000, 324.142103
100.000000, 318.995325
100.000000, 313.848547
100.000000, 308.701769
100.000000, 303.554991
100.000000, 298.408212
100.000000, 293.261434
100.000000, 288.114656
100.000000, 282.967878
100.000000, 277.821100
100.000000, 272.674322
100.000000, 267.527543
100.000000, 262.380765
100.000000, 257.233987
100.000000, 252.087209
100.000000, 246.940431
100.000000, 241.793653
100.000000, 236.646874
100.000000, 231.500096
100.000000, 226.353318
100.000000, 221.206540
100.000000, 216.059762
100.000000, 210.912984
100.000000, 205.766205
100.000000, 200.619427
100.000000, 195.472649
100.000000, 190.325871
100.000000, 185.179093
100.000000, 180.032315
100.000000, 174.885537
100.000000, 169.738758
100.000000, 164.591980
100.000000, 159.445202
100.000000, 154.298424
100.000000, 149.151646
100.000000, 144.004868
100.000000, 138.858089
100.000000, 133.711311
100.000000, 128.564533
100.000000, 123.417755
100.000000, 118.270977
100.000000, 113.124199
100.000000, 107.977420
100.000000, 102.830642
100.000000, 97.683864
100.000000, 92.537086
100.000000, 87.390308
100.000000, 82.243530
100.000000, 77.096751
100.000000, 71.949973
100.000000, 66.803195
100.000000, 61.656417
100.000000, 56.509639
100.000000, 51.362861
100.000000, 46.216083
100.000000, 41.069304
100.000000, 35.922526
100.000000, 30.775748
100.000000, 25.628970
100.000000, 20.482192
100.000000, 15.335414
100.000000, 10.188635
100.000000, 5.041857
100.000000, 359.895079
100.000000, 354.748301
100.000000, 349.601523
100.000000, 344.454745
100.000000, 339.307966
100.000000, 334.161188
100.000000, 329.014410
100.000000, 323.867632
100.000000, 318.720854
100.000000, 313.574076
100.000000, 308.427297
100.000000, 303.280519
100.000000, 298.133741
100.000000, 292.986963
100.000000, 287.840185
100.000000, 282.693407
100.000000, 277.546629
100.000000, 272.399850
100.000000, 267.253072
100.000000, 262.106294
100.000000, 256.959516
100.000000, 251.812738
100.000000, 246.665960
100.000000, 241.519181
100.000000, 236.372403
100.000000, 231.225625
100.000000, 226.078847
100.000000, 220.932069
100.000000, 215.785291
100.000000, 210.638512
100.000000, 205.491734
100.000000, 200.344956
100.000000, 195.198178
100.000000, 190.051400
100.000000, 184.904622
100.000000, 179.757843
100.000000, 174.611065
100.000000, 169.464287
100.000000, 164.317509
100.000000, 159.170731
100.000000, 154.023953
100.000000, 148.877175
100.000000, 143.730396
100.000000, 138.583618
100.000000, 133.436840
100.000000, 128.290062
100.000000, 123.143284
100.000000, 117.996506
100.000000, 112.849727
100.000000, 107.702949
100.000000, 102.556171
100.000000, 97.409393
100.000000, 92.262615
100.000000, 87.115837
100.000000, 81.969058
100.000000, 76.822280
100.000000, 71.675502
100.000000, 66.528724
100.000000, 61.381946
100.000000, 56.235168
100.000000, 51.088389
100.000000, 45.941611
100.000000, 40.794833
100.000000, 35.648055
100.000000, 30.501277
100.000000, 25.354499
100.000000, 20.207721
100.000000, 15.060942
100.000000, 9.914164
100.000000, 4.767386
100.000000, 359.620608
100.000000, 354.473830
100.000000, 349.327052
100.000000, 344.180273
100.000000, 339.033495
100.000000, 333.886717
100.000000, 328.739939
100.000000, 323.593161
100.000000, 318.446383
100.000000, 313.299604
100.000000, 308.152826
100.000000, 303.006048
100.000000, 297.859270
100.000000, 292.712492
100.000000, 287.565714
100.000000, 282.418935
100.000000, 277.272157
100.000000, 272.125379
100.000000, 266.978601
100.000000, 261.831823
100.000000, 256.685045
100.000000, 251.538267
100.000000, 246.391488
100.000000, 241.244710
100.000000, 236.097932
100.000000, 230.951154
100.000000, 225.804376
100.000000, 220.657598
100.000000, 215.510819
100.000000, 210.364041
100.000000, 205.217263
100.000000, 200.070485
100.000000, 194.923707
100.000000, 189.776929
100.000000, 184.630150
100.000000, 179.483372
100.000000, 174.336594
100.000000, 169.189816
100.000000, 164.043038
100.000000, 158.896260
100.000000, 153.749481
100.000000, 148.602703
100.000000, 143.455925
100.000000, 138.309147
100.000000, 133.162369
100.000000, 128.015591
100.000000, 122.868813
100.000000, 117.722034
100.000000, 112.575256
100.000000, 107.428478
100.000000, 102.281700
100.000000, 97.134922
100.000000, 91.988144
100.000000, 86.841365
100.000000, 81.694587
100.000000, 76.547809
100.000000, 71.401031
100.000000, 66.254253
100.000000, 61.107475
100.000000, 55.960696
100.000000, 50.813918
100.000000, 45.667140
100.000000, 40.520362
100.000000, 35.373584
100.000000, 30.226806
100.000000, 25.080027
100.000000, 19.933249
100.000000, 14.786471
100.000000, 9.639693
100.000000, 4.492915
100.000000, 359.346137
100.000000, 354.199359
100.000000, 349.052580
100.000000, 343.905802
100.000000, 338.759024
100.000000, 333.612246
100.000000, 328.465468
100.000000, 323.318690
100.000000, 318.171911
100.000000, 313.025133
100.000000, 307.878355
100.000000, 302.731577
100.000000, 297.584799
100.000000, 292.438021
100.000000, 287.291242
100.000000, 282.144464
100.000000, 276.997686
100.000000, 271.850908
100.000000, 266.704130
100.000000, 261.557352
100.000000, 256.410573
100.000000, 251.263795
100.000000, 246.117017
100.000000, 240.970239
100.000000, 235.823461
100.000000, 230.676683
100.000000, 225.529905
100.000000, 220.383126
100.000000, 215.236348
100.000000, 210.089570
100.000000, 204.942792
100.000000, 199.796014
100.000000, 194.649236
100.000000, 189.502457
100.000000, 184.355679
100.000000, 179.208901
100.000000, 174.062123
100.000000, 168.915345
100.000000, 163.768567
100.000000, 158.621788
100.000000, 153.475010
100.000000, 148.328232
100.000000, 143.181454
100.000000, 138.034676
100.000000, 132.887898
100.000000, 127.741119
100.000000, 122.594341
100.000000, 117.447563
100.000000, 112.300785
100.000000, 107.154007
100.000000, 102.007229
100.000000, 96.860451
100.000000, 91.713672
100.000000, 86.566894
100.000000, 81.420116
100.000000, 76.273338
100.000000, 71.126560
100.000000, 65.979782
100.000000, 60.833003
100.000000, 55.686225
100.000000, 50.539447
100.000000, 45.392669
100.000000, 40.245891
100.000000, 35.099113
100.000000, 29.952334
100.000000, 24.805556
100.000000, 19.658778
100.000000, 14.512000
100.000000, 9.365222
100.000000, 4.218444
100.000000, 359.071665
100.000000, 353.924887
100.000000, 348.778109
100.000000, 343.631331
100.000000, 338.484553
100.000000, 333.337775
100.000000, 328.190997
100.000000, 323.044218
100.000000, 317.897440
100.000000, 312.750662
100.000000, 307.603884
100.000000, 302.457106
100.000000, 297.310328
100.000000, 292.163549
100.000000, 287.016771
100.000000, 281.869993
100.000000, 276.723215
100.000000, 271.576437
100.000000, 266.429659
100.000000, 261.282880
100.000000, 256.136102
100.000000, 250.989324
100.000000, 245.842546
100.000000, 240.695768
100.000000, 235.548990
100.000000, 230.402211
100.000000, 225.255433
100.000000, 220.108655
100.000000, 214.961877
100.000000, 209.815099
100.000000, 204.668321
100.000000, 199.521543
100.000000, 194.374764
100.000000, 189.227986
100.000000, 184.081208
100.000000, 178.934430
100.000000, 173.787652
100.000000, 168.640874
100.000000, 163.494095
100.000000, 158.347317
100.000000, 153.200539
100.000000, 148.053761
100.000000, 142.906983
100.000000, 137.760205
100.000000, 132.613426
100.000000, 127.466648
100.000000, 122.319870
100.000000, 117.173092
100.000000, 112.026314
100.000000, 106.879536
100.000000, 101.732757
100.000000, 96.585979
100.000000, 91.439201
100.000000, 86.292423
100.000000, 81.145645
100.000000, 75.998867
100.000000, 70.852089
100.000000, 65.705310
100.000000, 60.558532
100.000000, 55.411754
100.000000, 50.264976
100.000000, 45.118198
100.000000, 39.971420
100.000000, 34.824641
100.000000, 29.677863
100.000000, 24.531085
100.000000, 19.384307
100.000000, 14.237529
100.000000, 9.090751
100.000000, 3.943972
100.000000, 358.797194
100.000000, 353.650416
100.000000, 348.503638
100.000000, 343.356860
100.000000, 338.210082
100.000000, 333.063303
100.000000, 327.916525
100.000000, 322.769747
100.000000, 317.622969
100.000000, 312.476191
100.000000, 307.329413
100.000000, 302.182635
100.000000, 297.035856
100.000000, 291.889078
100.000000, 286.742300
100.000000, 281.595522
100.000000, 276.448744
100.000000, 271.301966
100.000000, 266.155187
100.000000, 261.008409
100.000000, 255.861631
100.000000, 250.714853
100.000000, 245.568075
100.000000, 240.421297
100.000000, 235.274518
100.000000, 230.127740
100.000000, 224.980962
100.000000, 219.834184
100.000000, 214.687406
100.000000, 209.540628
100.000000, 204.393849
100.000000, 199.247071
100.000000, 194.100293
100.000000, 188.953515
100.000000, 183.806737
100.000000, 178.659959
100.000000, 173.513181
100.000000, 168.366402
100.000000, 163.219624
100.000000, 158.072846
100.000000, 152.926068
100.000000, 147.779290
100.000000, 142.632512
100.000000, 137.485733
100.000000, 132.338955
100.000000, 127.192177
100.000000, 122.045399
100.000000, 116.898621
100.000000, 111.751843
100.000000, 106.605064
100.000000, 101.458286
100.000000, 96.311508
100.000000, 91.164730
100.000000, 86.017952
100.000000, 80.871174
100.000000, 75.724395
100.000000, 70.577617
100.000000, 65.430839
100.000000, 60.284061
100.000000, 55.137283
100.000000, 49.990505
100.000000, 44.843727
100.000000, 39.696948
100.000000, 34.550170
100.000000, 29.403392
100.000000, 24.256614
100.000000, 19.109836
100.000000, 13.963058
100.000000, 8.816279
100.000000, 3.669501
100.000000, 358.522723
100.000000, 353.375945
100.000000, 348.229167
100.000000, 343.082389
100.000000, 337.935610
100.000000, 332.788832
100.000000, 327.642054
100.000000, 322.495276
100.000000, 317.348498
100.000000, 312.201720
100.000000, 307.054941
100.000000, 301.908163
100.000000, 296.761385
100.000000, 291.614607
100.000000, 286.467829
100.000000, 281.321051
100.000000, 276.174273
100.000000, 271.027494
100.000000, 265.880716
100.000000, 260.733938
100.000000, 255.587160
100.000000, 250.440382
100.000000, 245.293604
100.000000, 240.146825
100.000000, 235.000047
100.000000, 229.853269
100.000000, 224.706491
100.000000, 219.559713
100.000000, 214.412935
100.000000, 209.266156
100.000000, 204.119378
100.000000, 198.972600
100.000000, 193.825822
100.000000, 188.679044
100.000000, 183.532266
100.000000, 178.385487
100.000000, 173.238709
100.000000, 168.091931
100.000000, 162.945153
100.000000, 157.798375
100.000000, 152.651597
100.000000, 147.504819
100.000000, 142.358040
100.000000, 137.211262
100.000000, 132.064484
100.000000, 126.917706
100.000000, 121.770928
100.000000, 116.624150
100.000000, 111.477371
100.000000, 106.330593
100.000000, 101.183815
100.000000, 96.037037
100.000000, 90.890259
100.000000, 85.743481
100.000000, 80.596702
100.000000, 75.449924
100.000000, 70.303146
100.000000, 65.156368
100.000000, 60.009590
100.000000, 54.862812
100.000000, 49.716033
100.000000, 44.569255
100.000000, 39.422477
100.000000, 34.275699
100.000000, 29.128921
100.000000, 23.982143
100.000000, 18.835365
100.000000, 13.688586
100.000000, 8.541808
100.000000, 3.395030
100.000000, 358.248252
100.000000, 353.101474
100.000000, 347.954696
100.000000, 342.807917
100.000000, 337.661139
100.000000, 332.514361
100.000000, 327.367583
100.000000, 322.220805
100.000000, 317.074027
100.000000, 311.927248
100.000000, 306.780470
100.000000, 301.633692
100.000000, 296.486914
100.000000, 291.340136
100.000000, 286.193358
100.000000, 281.046579
100.000000, 275.899801
100.000000, 270.753023
100.000000, 265.606245
100.000000, 260.459467
100.000000, 255.312689
100.000000, 250.165911
100.000000, 245.019132
100.000000, 239.872354
100.000000, 234.725576
100.000000, 229.578798
100.000000, 224.432020
100.000000, 219.285242
100.000000, 214.138463
100.000000, 208.991685
100.000000, 203.844907
100.000000, 198.698129
100.000000, 193.551351
100.000000, 188.404573
100.000000, 183.257794
100.000000, 178.111016
100.000000, 172.964238
100.000000, 167.817460
100.000000, 162.670682
100.000000, 157.523904
100.000000, 152.377125
100.000000, 147.230347
100.000000, 142.083569
100.000000, 136.936791
100.000000, 131.790013
100.000000, 126.643235
100.000000, 121.496457
100.000000, 116.349678
100.000000, 111.202900
100.000000, 106.056122
100.000000, 100.909344
100.000000, 95.762566
100.000000, 90.615788
100.000000, 85.469009
100.000000, 80.322231
100.000000, 75.175453
100.000000, 70.028675
100.000000, 64.881897
100.000000, 59.735119
100.000000, 54.588340
100.000000, 49.441562
100.000000, 44.294784
100.000000, 39.148006
100.000000, 34.001228
100.000000, 28.854450
100.000000, 23.707671
100.000000, 18.560893
100.000000, 13.414115
100.000000, 8.267337
100.000000, 3.120559
100.000000, 357.973781
100.000000, 352.827003
100.000000, 347.680224
100.000000, 342.533446
100.000000, 337.386668
100.000000, 332.239890
100.000000, 327.093112
100.000000, 321.946334
100.000000, 316.799555
100.000000, 311.652777
100.000000, 306.505999
100.000000, 301.359221
100.000000, 296.212443
100.000000, 291.065665
100.000000, 285.918886
100.000000, 280.772108
100.000000, 275.625330
100.000000, 270.478552
100.000000, 265.331774
100.000000, 260.184996
100.000000, 255.038217
100.000000, 249.891439
100.000000, 244.744661
100.000000, 239.597883
100.000000, 234.451105
100.000000, 229.304327
100.000000, 224.157549
100.000000, 219.010770
100.000000, 213.863992
100.000000, 208.717214
100.000000, 203.570436
100.000000, 198.423658
100.000000, 193.276880
100.000000, 188.130101
100.000000, 182.983323
100.000000, 177.836545
100.000000, 172.689767
100.000000, 167.542989
100.000000, 162.396211
100.000000, 157.249432
100.000000, 152.102654
100.000000, 146.955876
100.000000, 141.809098
100.000000, 136.662320
100.000000, 131.515542
100.000000, 126.368763
100.000000, 121.221985
100.000000, 116.075207
100.000000, 110.928429
100.000000, 105.781651
100.000000, 100.634873
100.000000, 95.488095
100.000000, 90.341316
100.000000, 85.194538
100.000000, 80.047760
100.000000, 74.900982
100.000000, 69.754204
100.000000, 64.607426
100.000000, 59.460647
100.000000, 54.313869
100.000000, 49.167091
100.000000, 44.020313
100.000000, 38.873535
100.000000, 33.726757
100.000000, 28.579978
100.000000, 23.433200
100.000000, 18.286422
100.000000, 13.139644
100.000000, 7.992866
100.000000, 2.846088
100.000000, 357.699309
100.000000, 352.552531
100.000000, 347.405753
100.000000, 342.258975
100.000000, 337.112197
100.000000, 331.965419
100.000000, 326.818641
100.000000, 321.671862
100.000000, 316.525084
100.000000, 311.378306
100.000000, 306.231528
100.000000, 301.084750
100.000000, 295.937972
100.000000, 290.791193
100.000000, 285.644415
100.000000, 280.497637
100.000000, 275.350859
100.000000, 270.204081
100.000000, 265.057303
100.000000, 259.910524
100.000000, 254.763746
100.000000, 249.616968
100.000000, 244.470190
100.000000, 239.323412
100.000000, 234.176634
100.000000, 229.029855
100.000000, 223.883077
100.000000, 218.736299
100.000000, 213.589521
100.000000, 208.442743
100.000000, 203.295965
100.000000, 198.149187
100.000000, 193.002408
100.000000, 187.855630
100.000000, 182.708852
100.000000, 177.562074
100.000000, 172.415296
100.000000, 167.268518
100.000000, 162.121739
100.000000, 156.974961
100.000000, 151.828183
100.000000, 146.681405
100.000000, 141.534627
100.000000, 136.387849
100.000000, 131.241070
100.000000, 126.094292
100.000000, 120.947514
100.000000, 115.800736
100.000000, 110.653958
100.000000, 105.507180
100.000000, 100.360401
100.000000, 95.213623
100.000000, 90.066845
100.000000, 84.920067
100.000000, 79.773289
100.000000, 74.626511
100.000000, 69.479733
100.000000, 64.332954
100.000000, 59.186176
100.000000, 54.039398
100.000000, 48.892620
100.000000, 43.745842
100.000000, 38.599064
100.000000, 33.452285
100.000000, 28.305507
100.000000, 23.158729
100.000000, 18.011951
100.000000, 12.865173
100.000000, 7.718395
100.000000, 2.571616
100.000000, 357.424838
100.000000, 352.278060
100.000000, 347.131282
100.000000, 341.984504
100.000000, 336.837726
100.000000, 331.690947
100.000000, 326.544169
100.000000, 321.397391
100.000000, 316.250613
100.000000, 311.103835
100.000000, 305.957057
100.000000, 300.810279
100.000000, 295.663500
100.000000, 290.516722
100.000000, 285.369944
100.000000, 280.223166
100.000000, 275.076388
100.000000, 269.929610
100.000000, 264.782831
100.000000, 259.636053
100.000000, 254.489275
100.000000, 249.342497
100.000000, 244.195719
100.000000, 239.048941
100.000000, 233.902162
100.000000, 228.755384
100.000000, 223.608606
100.000000, 218.461828
100.000000, 213.315050
100.000000, 208.168272
100.000000, 203.021493
100.000000, 197.874715
100.000000, 192.727937
100.000000, 187.581159
100.000000, 182.434381
100.000000, 177.287603
100.000000, 172.140825
100.000000, 166.994046
100.000000, 161.847268
100.000000, 156.700490
100.000000, 151.553712
100.000000, 146.406934
100.000000, 141.260156
100.000000, 136.113377
100.000000, 130.966599
100.000000, 125.819821
100.000000, 120.673043
100.000000, 115.526265
100.000000, 110.379487
100.000000, 105.232708
100.000000, 100.085930
100.000000, 94.939152
100.000000, 89.792374
100.000000, 84.645596
100.000000, 79.498818
100.000000, 74.352039
100.000000, 69.205261
100.000000, 64.058483
100.000000, 58.911705
100.000000, 53.764927
100.000000, 48.618149
100.000000, 43.471371
100.000000, 38.324592
100.000000, 33.177814
100.000000, 28.031036
100.000000, 22.884258
100.000000, 17.737480
100.000000, 12.590702
100.000000, 7.443923
100.000000, 2.297145
100.000000, 357.150367
100.000000, 352.003589
100.000000, 346.856811
100.000000, 341.710033
100.000000, 336.563254
100.000000, 331.416476
100.000000, 326.269698
100.000000, 321.122920
100.000000, 315.976142
100.000000, 310.829364
100.000000, 305.682585
100.000000, 300.535807
100.000000, 295.389029
100.000000, 290.242251
100.000000, 285.095473
100.000000, 279.948695
100.000000, 274.801917
100.000000, 269.655138
100.000000, 264.508360
100.000000, 259.361582
100.000000, 254.214804
100.000000, 249.068026
100.000000, 243.921248
100.000000, 238.774469
100.000000, 233.627691
100.000000, 228.480913
100.000000, 223.334135
100.000000, 218.187357
100.000000, 213.040579
100.000000, 207.893800
100.000000, 202.747022
100.000000, 197.600244
100.000000, 192.453466
100.000000, 187.306688
100.000000, 182.159910
100.000000, 177.013131
100.000000, 171.866353
100.000000, 166.719575
100.000000, 161.572797
100.000000, 156.426019
100.000000, 151.279241
100.000000, 146.132463
100.000000, 140.985684
100.000000, 135.838906
100.000000, 130.692128
100.000000, 125.545350
100.000000, 120.398572
100.000000, 115.251794
100.000000, 110.105015
100.000000, 104.958237
100.000000, 99.811459
100.000000, 94.664681
100.000000, 89.517903
100.000000, 84.371125
100.000000, 79.224346
100.000000, 74.077568
100.000000, 68.930790
100.000000, 63.784012
100.000000, 58.637234
100.000000, 53.490456
100.000000, 48.343677
100.000000, 43.196899
100.000000, 38.050121
100.000000, 32.903343
100.000000, 27.756565
100.000000, 22.609787
100.000000, 17.463009
100.000000, 12.316230
100.000000, 7.169452
100.000000, 2.022674
100.000000, 356.875896
100.000000, 351.729118
100.000000, 346.582340
100.000000, 341.435561
100.000000, 336.288783
100.000000, 331.142005
100.000000, 325.995227
100.000000, 320.848449
100.000000, 315.701671
100.000000, 310.554892
100.000000, 305.408114
100.000000, 300.261336
100.000000, 295.114558
100.000000, 289.967780
100.000000, 284.821002
100.000000, 279.674223
100.000000, 274.527445
100.000000, 269.380667
100.000000, 264.233889
100.000000, 259.087111
100.000000, 253.940333
100.000000, 248.793555
100.000000, 243.646776
100.000000, 238.499998
100.000000, 233.353220
100.000000, 228.206442
100.000000, 223.059664
100.000000, 217.912886
100.000000, 212.766107
100.000000, 207.619329
100.000000, 202.472551
100.000000, 197.325773
100.000000, 192.178995
100.000000, 187.032217
100.000000, 181.885438
100.000000, 176.738660
100.000000, 171.591882
100.000000, 166.445104
100.000000, 161.298326
100.000000, 156.151548
100.000000, 151.004769
100.000000, 145.857991
100.000000, 140.711213
100.000000, 135.564435
100.000000, 130.417657
100.000000, 125.270879
100.000000, 120.124101
100.000000, 114.977322
100.000000, 109.830544
100.000000, 104.683766
100.000000, 99.536988
100.000000, 94.390210
100.000000, 89.243432
100.000000, 84.096653
100.000000, 78.949875
100.000000, 73.803097
100.000000, 68.656319
100.000000, 63.509541
100.000000, 58.362763
100.000000, 53.215984
100.000000, 48.069206
100.000000, 42.922428
100.000000, 37.775650
100.000000, 32.628872
100.000000, 27.482094
100.000000, 22.335315
100.000000, 17.188537
100.000000, 12.041759
100.000000, 6.894981
100.000000, 1.748203
100.000000, 356.601425
100.000000, 351.454647
100.000000, 346.307868
100.000000, 341.161090
100.000000, 336.014312
100.000000, 330.867534
100.000000, 325.720756
100.000000, 320.573978
100.000000, 315.427199
100.000000, 310.280421
100.000000, 305.133643
100.000000, 299.986865
100.000000, 294.840087
100.000000, 289.693309
100.000000, 284.546530
100.000000, 279.399752
100.000000, 274.252974
100.000000, 269.106196
100.000000, 263.959418
100.000000, 258.812640
100.000000, 253.665861
100.000000, 248.519083
100.000000, 243.372305
100.000000, 238.225527
100.000000, 233.078749
100.000000, 227.931971
100.000000, 222.785193
100.000000, 217.638414
100.000000, 212.491636
100.000000, 207.344858
100.000000, 202.198080
100.000000, 197.051302
100.000000, 191.904524
100.000000, 186.757745
100.000000, 181.610967
100.000000, 176.464189
100.000000, 171.317411
100.000000, 166.170633
100.000000, 161.023855
100.000000, 155.877076
100.000000, 150.730298
100.000000, 145.583520
100.000000, 140.436742
100.000000, 135.289964
100.000000, 130.143186
100.000000, 124.996407
100.000000, 119.849629
100.000000, 114.702851
100.000000, 109.556073
100.000000, 104.409295
100.000000, 99.262517
100.000000, 94.115739
100.000000, 88.968960
100.000000, 83.822182
100.000000, 78.675404
100.000000, 73.528626
100.000000, 68.381848
100.000000, 63.235070
100.000000, 58.088291
100.000000, 52.941513
100.000000, 47.794735
100.000000, 42.647957
100.000000, 37.501179
100.000000, 32.354401
100.000000, 27.207622
100.000000, 22.060844
100.000000, 16.914066
100.000000, 11.767288
100.000000, 6.620510
100.000000, 1.473732
100.000000, 356.326953
100.000000, 351.180175
100.000000, 346.033397
100.000000, 340.886619
100.000000, 335.739841
100.000000, 330.593063
100.000000, 325.446285
100.000000, 320.299506
100.000000, 315.152728
100.000000, 310.005950
100.000000, 304.859172
100.000000, 299.712394
100.000000, 294.565616
100.000000, 289.418837
100.000000, 284.272059
100.000000, 279.125281
100.000000, 273.978503
100.000000, 268.831725
100.000000, 263.684947
100.000000, 258.538168
100.000000, 253.391390
100.000000, 248.244612
100.000000, 243.097834
100.000000, 237.951056
100.000000, 232.804278
100.000000, 227.657499
100.000000, 222.510721
100.000000, 217.363943
100.000000, 212.217165
100.000000, 207.070387
100.000000, 201.923609
100.000000, 196.776831
100.000000, 191.630052
100.000000, 186.483274
100.000000, 181.336496
100.000000, 176.189718
100.000000, 171.042940
100.000000, 165.896162
100.000000, 160.749383
100.000000, 155.602605
100.000000, 150.455827
100.000000, 145.309049
100.000000, 140.162271
100.000000, 135.015493
100.000000, 129.868714
100.000000, 124.721936
100.000000, 119.575158
100.000000, 114.428380
100.000000, 109.281602
100.000000, 104.134824
100.000000, 98.988045
100.000000, 93.841267
100.000000, 88.694489
100.000000, 83.547711
100.000000, 78.400933
100.000000, 73.254155
100.000000, 68.107377
100.000000, 62.960598
100.000000, 57.813820
100.000000, 52.667042
100.000000, 47.520264
100.000000, 42.373486
100.000000, 37.226708
100.000000, 32.079929
100.000000, 26.933151
100.000000, 21.786373
100.000000, 16.639595
100.000000, 11.492817
100.000000, 6.346039
100.000000, 1.199260
100.000000, 356.052482
100.000000, 350.905704
100.000000, 345.758926
100.000000, 340.612148
100.000000, 335.465370
100.000000, 330.318591
100.000000, 325.171813
100.000000, 320.025035
100.000000, 314.878257
100.000000, 309.731479
100.000000, 304.584701
100.000000, 299.437923
100.000000, 294.291144
100.000000, 289.144366
100.000000, 283.997588
100.000000, 278.850810
100.000000, 273.704032
100.000000, 268.557254
100.000000, 263.410475
100.000000, 258.263697
100.000000, 253.116919
100.000000, 247.970141
100.000000, 242.823363
100.000000, 237.676585
100.000000, 232.529806
100.000000, 227.383028
100.000000, 222.236250
100.000000, 217.089472
100.000000, 211.942694
100.000000, 206.795916
100.000000, 201.649137
100.000000, 196.502359
100.000000, 191.355581
100.000000, 186.208803
100.000000, 181.062025
100.000000, 175.915247
100.000000, 170.768469
100.000000, 165.621690
100.000000, 160.474912
100.000000, 155.328134
100.000000, 150.181356
100.000000, 145.034578
100.000000, 139.887800
100.000000, 134.741021
100.000000, 129.594243
100.000000, 124.447465
100.000000, 119.300687
100.000000, 114.153909
100.000000, 109.007131
100.000000, 103.860352
100.000000, 98.713574
100.000000, 93.566796
100.000000, 88.420018
100.000000, 83.273240
100.000000, 78.126462
100.000000, 72.979683
100.000000, 67.832905
100.000000, 62.686127
100.000000, 57.539349
100.000000, 52.392571
100.000000, 47.245793
100.000000, 42.099015
100.000000, 36.952236
100.000000, 31.805458
100.000000, 26.658680
100.000000, 21.511902
100.000000, 16.365124
100.000000, 11.218346
100.000000, 6.071567
100.000000, 0.924789
100.000000, 355.778011
100.000000, 350.631233
100.000000, 345.484455
100.000000, 340.337677
100.000000, 335.190898
100.000000, 330.044120
100.000000, 324.897342
100.000000, 319.750564
100.000000, 314.603786
100.000000, 309.457008
100.000000, 304.310229
100.000000, 299.163451
100.000000, 294.016673
100.000000, 288.869895
100.000000, 283.723117
100.000000, 278.576339
100.000000, 273.429561
100.000000, 268.282782
100.000000, 263.136004
100.000000, 257.989226
100.000000, 252.842448
100.000000, 247.695670
100.000000, 242.548892
100.000000, 237.402113
100.000000, 232.255335
100.000000, 227.108557
100.000000, 221.961779
100.000000, 216.815001
100.000000, 211.668223
100.000000, 206.521444
100.000000, 201.374666
100.000000, 196.227888
100.000000, 191.081110
100.000000, 185.934332
100.000000, 180.787554
100.000000, 175.640775
100.000000, 170.493997
100.000000, 165.347219
100.000000, 160.200441
100.000000, 155.053663
100.000000, 149.906885
100.000000, 144.760107
100.000000, 139.613328
100.000000, 134.466550
100.000000, 129.319772
100.000000, 124.172994
100.000000, 119.026216
100.000000, 113.879438
100.000000, 108.732659
100.000000, 103.585881
100.000000, 98.439103
100.000000, 93.292325
100.000000, 88.145547
100.000000, 82.998769
100.000000, 77.851990
100.000000, 72.705212
100.000000, 67.558434
100.000000, 62.411656
100.000000, 57.264878
100.000000, 52.118100
100.000000, 46.971321
100.000000, 41.824543
100.000000, 36.677765
100.000000, 31.530987
100.000000, 26.384209
100.000000, 21.237431
100.000000, 16.090653
100.000000, 10.943874
100.000000, 5.797096
100.000000, 0.650318
100.000000, 355.503540
100.000000, 350.356762
100.000000, 345.209984
100.000000, 340.063205
100.000000, 334.916427
100.000000, 329.769649
100.000000, 324.622871
100.000000, 319.476093
100.000000, 314.329315
100.000000, 309.182536
100.000000, 304.035758
100.000000, 298.888980
100.000000, 293.742202
100.000000, 288.595424
100.000000, 283.448646
100.000000, 278.301867
100.000000, 273.155089
100.000000, 268.008311
100.000000, 262.861533
100.000000, 257.714755
100.000000, 252.567977
100.000000, 247.421199
100.000000, 242.274420
100.000000, 237.127642
100.000000, 231.980864
100.000000, 226.834086
100.000000, 221.687308
100.000000, 216.540530
100.000000, 211.393751
100.000000, 206.246973
100.000000, 201.100195
100.000000, 195.953417
100.000000, 190.806639
100.000000, 185.659861
100.000000, 180.513082
100.000000, 175.366304
100.000000, 170.219526
100.000000, 165.072748
100.000000, 159.925970
100.000000, 154.779192
100.000000, 149.632413
100.000000, 144.485635
100.000000, 139.338857
100.000000, 134.192079
100.000000, 129.045301
100.000000, 123.898523
100.000000, 118.751745
100.000000, 113.604966
100.000000, 108.458188
100.000000, 103.311410
100.000000, 98.164632
100.000000, 93.017854
100.000000, 87.871076
100.000000, 82.724297
100.000000, 77.577519
100.000000, 72.430741
100.000000, 67.283963
100.000000, 62.137185
100.000000, 56.990407
100.000000, 51.843628
100.000000, 46.696850
100.000000, 41.550072
100.000000, 36.403294
100.000000, 31.256516
100.000000, 26.109738
100.000000, 20.962959
100.000000, 15.816181
100.000000, 10.669403
100.000000, 5.522625
100.000000, 0.375847
100.000000, 355.229069
100.000000, 350.082291
100.000000, 344.935512
100.000000, 339.788734
100.000000, 334.641956
100.000000, 329.495178
100.000000, 324.348400
100.000000, 319.201622
100.000000, 314.054843
100.000000, 308.908065
100.000000, 303.761287
100.000000, 298.614509
100.000000, 293.467731
100.000000, 288.320953
100.000000, 283.174174
100.000000, 278.027396
100.000000, 272.880618
100.000000, 267.733840
100.000000, 262.587062
100.000000, 257.440284
100.000000, 252.293505
100.000000, 247.146727
100.000000, 241.999949
100.000000, 236.853171
100.000000, 231.706393
100.000000, 226.559615
100.000000, 221.412837
100.000000, 216.266058
100.000000, 211.119280
100.000000, 205.972502
100.000000, 200.825724
100.000000, 195.678946
100.000000, 190.532168
100.000000, 185.385389
100.000000, 180.238611
100.000000, 175.091833
100.000000, 169.945055
100.000000, 164.798277
100.000000, 159.651499
100.000000, 154.504720
100.000000, 149.357942
100.000000, 144.211164
100.000000, 139.064386
100.000000, 133.917608
100.000000, 128.770830
100.000000, 123.624051
100.000000, 118.477273
100.000000, 113.330495
100.000000, 108.183717
100.000000, 103.036939
100.000000, 97.890161
100.000000, 92.743383
100.000000, 87.596604
100.000000, 82.449826
100.000000, 77.303048
100.000000, 72.156270
100.000000, 67.009492
100.000000, 61.862714
100.000000, 56.715935
100.000000, 51.569157
100.000000, 46.422379
100.000000, 41.275601
100.000000, 36.128823
100.000000, 30.982045
100.000000, 25.835266
100.000000, 20.688488
100.000000, 15.541710
100.000000, 10.394932
100.000000, 5.248154
100.000000, 0.101376
100.000000, 354.954597
100.000000, 349.807819
100.000000, 344.661041
100.000000, 339.514263
100.000000, 334.367485
100.000000, 329.220707
100.000000, 324.073929
100.000000, 318.927150
100.000000, 313.780372
100.000000, 308.633594
100.000000, 303.486816
100.000000, 298.340038
100.000000, 293.193260
100.000000, 288.046481
100.000000, 282.899703
100.000000, 277.752925
100.000000, 272.606147
100.000000, 267.459369
100.000000, 262.312591
100.000000, 257.165812
100.000000, 252.019034
100.000000, 246.872256
100.000000, 241.725478
100.000000, 236.578700
100.000000, 231.431922
100.000000, 226.285143
100.000000, 221.138365
100.000000, 215.991587
100.000000, 210.844809
100.000000, 205.698031
100.000000, 200.551253
100.000000, 195.404475
100.000000, 190.257696
100.000000, 185.110918
100.000000, 179.964140
100.000000, 174.817362
100.000000, 169.670584
100.000000, 164.523806
100.000000, 159.377027
100.000000, 154.230249
100.000000, 149.083471
100.000000, 143.936693
100.000000, 138.789915
100.000000, 133.643137
100.000000, 128.496358
100.000000, 123.349580
100.000000, 118.202802
100.000000, 113.056024
100.000000, 107.909246
100.000000, 102.762468
100.000000, 97.615689
100.000000, 92.468911
100.000000, 87.322133
100.000000, 82.175355
100.000000, 77.028577
100.000000, 71.881799
100.000000, 66.735021
100.000000, 61.588242
100.000000, 56.441464
100.000000, 51.294686
100.000000, 46.147908
100.000000, 41.001130
100.000000, 35.854352
100.000000, 30.707573
100.000000, 25.560795
100.000000, 20.414017
100.000000, 15.267239
100.000000, 10.120461
100.000000, 4.973683
100.000000, 359.826904
100.000000, 354.680126
100.000000, 349.533348
100.000000, 344.386570
100.000000, 339.239792
100.000000, 334.093014
100.000000, 328.946235
100.000000, 323.799457
100.000000, 318.652679
100.000000, 313.505901
100.000000, 308.359123
100.000000, 303.212345
100.000000, 298.065567
100.000000, 292.918788
100.000000, 287.772010
100.000000, 282.625232
100.000000, 277.478454
100.000000, 272.331676
100.000000, 267.184898
100.000000, 262.038119
100.000000, 256.891341
100.000000, 251.744563
100.000000, 246.597785
100.000000, 241.451007
100.000000, 236.304229
100.000000, 231.157450
100.000000, 226.010672
100.000000, 220.863894
100.000000, 215.717116
100.000000, 210.570338
100.000000, 205.423560
100.000000, 200.276781
100.000000, 195.130003
100.000000, 189.983225
100.000000, 184.836447
100.000000, 179.689669
100.000000, 174.542891
100.000000, 169.396113
100.000000, 164.249334
100.000000, 159.102556
100.000000, 153.955778
100.000000, 148.809000
100.000000, 143.662222
100.000000, 138.515444
100.000000, 133.368665
100.000000, 128.221887
100.000000, 123.075109
100.000000, 117.928331
100.000000, 112.781553
100.000000, 107.634775
100.000000, 102.487996
100.000000, 97.341218
100.000000, 92.194440
100.000000, 87.047662
100.000000, 81.900884
100.000000, 76.754106
100.000000, 71.607327
100.000000, 66.460549
100.000000, 61.313771
100.000000, 56.166993
100.000000, 51.020215
100.000000, 45.873437
100.000000, 40.726659
100.000000, 35.579880
100.000000, 30.433102
100.000000, 25.286324
100.000000, 20.139546
100.000000, 14.992768
100.000000, 9.845990
100.000000, 4.699211
100.000000, 359.552433
100.000000, 354.405655
100.000000, 349.258877
100.000000, 344.112099
100.000000, 338.965321
100.000000, 333.818542
100.000000, 328.671764
100.000000, 323.524986
100.000000, 318.378208
100.000000, 313.231430
100.000000, 308.084652
100.000000, 302.937873
100.000000, 297.791095
100.000000, 292.644317
100.000000, 287.497539
100.000000, 282.350761
100.000000, 277.203983
100.000000, 272.057205
100.000000, 266.910426
100.000000, 261.763648
100.000000, 256.616870
100.000000, 251.470092
100.000000, 246.323314
100.000000, 241.176536
100.000000, 236.029757
100.000000, 230.882979
100.000000, 225.736201
100.000000, 220.589423
100.000000, 215.442645
100.000000, 210.295867
100.000000, 205.149088
100.000000, 200.002310
100.000000, 194.855532
100.000000, 189.708754
100.000000, 184.561976
100.000000, 179.415198
100.000000, 174.268419
100.000000, 169.121641
100.000000, 163.974863
100.000000, 158.828085
100.000000, 153.681307
100.000000, 148.534529
100.000000, 143.387751
100.000000, 138.240972
100.000000, 133.094194
100.000000, 127.947416
100.000000, 122.800638
100.000000, 117.653860
100.000000, 112.507082
100.000000, 107.360303
100.000000, 102.213525
100.000000, 97.066747
100.000000, 91.919969
100.000000, 86.773191
100.000000, 81.626413
100.000000, 76.479634
100.000000, 71.332856
100.000000, 66.186078
100.000000, 61.039300
100.000000, 55.892522
100.000000, 50.745744
100.000000, 45.598965
100.000000, 40.452187
100.000000, 35.305409
100.000000, 30.158631
100.000000, 25.011853
100.000000, 19.865075
100.000000, 14.718297
100.000000, 9.571518
100.000000, 4.424740
100.000000, 359.277962
100.000000, 354.131184
100.000000, 348.984406
100.000000, 343.837628
100.000000, 338.690849
100.000000, 333.544071
100.000000, 328.397293
100.000000, 323.250515
100.000000, 318.103737
100.000000, 312.956959
100.000000, 307.810180
100.000000, 302.663402
100.000000, 297.516624
100.000000, 292.369846
100.000000, 287.223068
100.000000, 282.076290
100.000000, 276.929511
100.000000, 271.782733
100.000000, 266.635955
100.000000, 261.489177
100.000000, 256.342399
100.000000, 251.195621
100.000000, 246.048843
100.000000, 240.902064
100.000000, 235.755286
100.000000, 230.608508
100.000000, 225.461730
100.000000, 220.314952
100.000000, 215.168174
100.000000, 210.021395
100.000000, 204.874617
100.000000, 199.727839
100.000000, 194.581061
100.000000, 189.434283
100.000000, 184.287505
100.000000, 179.140726
100.000000, 173.993948
100.000000, 168.847170
100.000000, 163.700392
100.000000, 158.553614
100.000000, 153.406836
100.000000, 148.260057
100.000000, 143.113279
100.000000, 137.966501
100.000000, 132.819723
100.000000, 127.672945
100.000000, 122.526167
100.000000, 117.379389
100.000000, 112.232610
100.000000, 107.085832
100.000000, 101.939054
100.000000, 96.792276
100.000000, 91.645498
100.000000, 86.498720
100.000000, 81.351941
100.000000, 76.205163
100.000000, 71.058385
100.000000, 65.911607
100.000000, 60.764829
100.000000, 55.618051
100.000000, 50.471272
100.000000, 45.324494
100.000000, 40.177716
100.000000, 35.030938
100.000000, 29.884160
100.000000, 24.737382
100.000000, 19.590603
100.000000, 14.443825
100.000000, 9.297047
100.000000, 4.150269
100.000000, 359.003491
100.000000, 353.856713
100.000000, 348.709935
100.000000, 343.563156
100.000000, 338.416378
100.000000, 333.269600
100.000000, 328.122822
100.000000, 322.976044
100.000000, 317.829266
100.000000, 312.682487
100.000000, 307.535709
100.000000, 302.388931
100.000000, 297.242153
100.000000, 292.095375
100.000000, 286.948597
100.000000, 281.801818
100.000000, 276.655040
100.000000, 271.508262
100.000000, 266.361484
100.000000, 261.214706
100.000000, 256.067928
100.000000, 250.921149
100.000000, 245.774371
100.000000, 240.627593
100.000000, 235.480815
100.000000, 230.334037
100.000000, 225.187259
100.000000, 220.040481
100.000000, 214.893702
100.000000, 209.746924
100.000000, 204.600146
100.000000, 199.453368
100.000000, 194.306590
100.000000, 189.159812
100.000000, 184.013033
100.000000, 178.866255
100.000000, 173.719477
100.000000, 168.572699
100.000000, 163.425921
100.000000, 158.279143
100.000000, 153.132364
100.000000, 147.985586
100.000000, 142.838808
100.000000, 137.692030
100.000000, 132.545252
100.000000, 127.398474
100.000000, 122.251695
100.000000, 117.104917
100.000000, 111.958139
100.000000, 106.811361
100.000000, 101.664583
100.000000, 96.517805
100.000000, 91.371027
100.000000, 86.224248
100.000000, 81.077470
100.000000, 75.930692
100.000000, 70.783914
100.000000, 65.637136
100.000000, 60.490358
100.000000, 55.343579
100.000000, 50.196801
100.000000, 45.050023
100.000000, 39.903245
100.000000, 34.756467
100.000000, 29.609689
100.000000, 24.462910
100.000000, 19.316132
100.000000, 14.169354
100.000000, 9.022576
100.000000, 3.875798
100.000000, 358.729020
100.000000, 353.582241
100.000000, 348.435463
100.000000, 343.288685
100.000000, 338.141907
100.000000, 332.995129
100.000000, 327.848351
100.000000, 322.701573
100.000000, 317.554794
100.000000, 312.408016
100.000000, 307.261238
100.000000, 302.114460
100.000000, 296.967682
100.000000, 291.820904
100.000000, 286.674125
100.000000, 281.527347
100.000000, 276.380569
100.000000, 271.233791
100.000000, 266.087013
100.000000, 260.940235
100.000000, 255.793456
100.000000, 250.646678
100.000000, 245.499900
100.000000, 240.353122
100.000000, 235.206344
100.000000, 230.059566
100.000000, 224.912787
100.000000, 219.766009
100.000000, 214.619231
100.000000, 209.472453
100.000000, 204.325675
100.000000, 199.178897
100.000000, 194.032119
100.000000, 188.885340
100.000000, 183.738562
100.000000, 178.591784
100.000000, 173.445006
100.000000, 168.298228
100.000000, 163.151450
100.000000, 158.004671
100.000000, 152.857893
100.000000, 147.711115
100.000000, 142.564337
100.000000, 137.417559
100.000000, 132.270781
100.000000, 127.124002
100.000000, 121.977224
100.000000, 116.830446
100.000000, 111.683668
100.000000, 106.536890
100.000000, 101.390112
100.000000, 96.243333
100.000000, 91.096555
100.000000, 85.949777
100.000000, 80.802999
100.000000, 75.656221
100.000000, 70.509443
100.000000, 65.362665
100.000000, 60.215886
100.000000, 55.069108
100.000000, 49.922330
100.000000, 44.775552
100.000000, 39.628774
100.000000, 34.481996
100.000000, 29.335217
100.000000, 24.188439
100.000000, 19.041661
100.000000, 13.894883
100.000000, 8.748105
100.000000, 3.601327
100.000000, 358.454548
100.000000, 353.307770
100.000000, 348.160992
100.000000, 343.014214
100.000000, 337.867436
100.000000, 332.720658
100.000000, 327.573879
100.000000, 322.427101
100.000000, 317.280323
100.000000, 312.133545
100.000000, 306.986767
100.000000, 301.839989
100.000000, 296.693211
100.000000, 291.546432
100.000000, 286.399654
100.000000, 281.252876
100.000000, 276.106098
100.000000, 270.959320
100.000000, 265.812542
100.000000, 260.665763
100.000000, 255.518985
100.000000, 250.372207
100.000000, 245.225429
100.000000, 240.078651
100.000000, 234.931873
100.000000, 229.785094
100.000000, 224.638316
100.000000, 219.491538
100.000000, 214.344760
100.000000, 209.197982
100.000000, 204.051204
100.000000, 198.904425
100.000000, 193.757647
100.000000, 188.610869
100.000000, 183.464091
100.000000, 178.317313
100.000000, 173.170535
100.000000, 168.023757
100.000000, 162.876978
100.000000, 157.730200
100.000000, 152.583422
100.000000, 147.436644
100.000000, 142.289866
100.000000, 137.143088
100.000000, 131.996309
100.000000, 126.849531
100.000000, 121.702753
100.000000, 116.555975
100.000000, 111.409197
100.000000, 106.262419
100.000000, 101.115640
100.000000, 95.968862
100.000000, 90.822084
100.000000, 85.675306
100.000000, 80.528528
100.000000, 75.381750
100.000000, 70.234971
100.000000, 65.088193
100.000000, 59.941415
100.000000, 54.794637
100.000000, 49.647859
100.000000, 44.501081
100.000000, 39.354303
100.000000, 34.207524
100.000000, 29.060746
100.000000, 23.913968
100.000000, 18.767190
100.000000, 13.620412
100.000000, 8.473634
100.000000, 3.326855
100.000000, 358.180077
100.000000, 353.033299
100.000000, 347.886521
100.000000, 342.739743
100.000000, 337.592965
100.000000, 332.446186
100.000000, 327.299408
100.000000, 322.152630
100.000000, 317.005852
100.000000, 311.859074
100.000000, 306.712296
100.000000, 301.565517
100.000000, 296.418739
100.000000, 291.271961
100.000000, 286.125183
100.000000, 280.978405
100.000000, 275.831627
100.000000, 270.684849
100.000000, 265.538070
100.000000, 260.391292
100.000000, 255.244514
100.000000, 250.097736
100.000000, 244.950958
100.000000, 239.804180
100.000000, 234.657401
100.000000, 229.510623
100.000000, 224.363845
100.000000, 219.217067
100.000000, 214.070289
100.000000, 208.923511
100.000000, 203.776732
100.000000, 198.629954
100.000000, 193.483176
100.000000, 188.336398
100.000000, 183.189620
100.000000, 178.042842
100.000000, 172.896063
100.000000, 167.749285
100.000000, 162.602507
100.000000, 157.455729
100.000000, 152.308951
100.000000, 147.162173
100.000000, 142.015395
100.000000, 136.868616
100.000000, 131.721838
100.000000, 126.575060
100.000000, 121.428282
100.000000, 116.281504
100.000000, 111.134726
100.000000, 105.987947
100.000000, 100.841169
100.000000, 95.694391
100.000000, 90.547613
100.000000, 85.400835
100.000000, 80.254057
100.000000, 75.107278
100.000000, 69.960500
100.000000, 64.813722
100.000000, 59.666944
100.000000, 54.520166
100.000000, 49.373388
100.000000, 44.226609
100.000000, 39.079831
100.000000, 33.933053
100.000000, 28.786275
100.000000, 23.639497
100.000000, 18.492719
100.000000, 13.345941
100.000000, 8.199162
100.000000, 3.052384
100.000000, 357.905606
100.000000, 352.758828
100.000000, 347.612050
100.000000, 342.465272
100.000000, 337.318493
100.000000, 332.171715
100.000000, 327.024937
100.000000, 321.878159
100.000000, 316.731381
100.000000, 311.584603
100.000000, 306.437824
100.000000, 301.291046
100.000000, 296.144268
100.000000, 290.997490
100.000000, 285.850712
100.000000, 280.703934
100.000000, 275.557155
100.000000, 270.410377
100.000000, 265.263599
100.000000, 260.116821
100.000000, 254.970043
100.000000, 249.823265
100.000000, 244.676487
100.000000, 239.529708
100.000000, 234.382930
100.000000, 229.236152
100.000000, 224.089374
100.000000, 218.942596
100.000000, 213.795818
100.000000, 208.649039
100.000000, 203.502261
100.000000, 198.355483
100.000000, 193.208705
100.000000, 188.061927
100.000000, 182.915149
100.000000, 177.768370
100.000000, 172.621592
100.000000, 167.474814
100.000000, 162.328036
100.000000, 157.181258
100.000000, 152.034480
100.000000, 146.887701
100.000000, 141.740923
100.000000, 136.594145
100.000000, 131.447367
100.000000, 126.300589
100.000000, 121.153811
100.000000, 116.007033
100.000000, 110.860254
100.000000, 105.713476
100.000000, 100.566698
100.000000, 95.419920
100.000000, 90.273142
100.000000, 85.126364
100.000000, 79.979585
100.000000, 74.832807
100.000000, 69.686029
100.000000, 64.539251
100.000000, 59.392473
100.000000, 54.245695
100.000000, 49.098916
100.000000, 43.952138
100.000000, 38.805360
100.000000, 33.658582
100.000000, 28.511804
100.000000, 23.365026
100.000000, 18.218247
100.000000, 13.071469
100.000000, 7.924691
100.000000, 2.777913
100.000000, 357.631135
100.000000, 352.484357
100.000000, 347.337579
100.000000, 342.190800
100.000000, 337.044022
100.000000, 331.897244
100.000000, 326.750466
100.000000, 321.603688
100.000000, 316.456910
100.000000, 311.310131
100.000000, 306.163353
100.000000, 301.016575
100.000000, 295.869797
100.000000, 290.723019
100.000000, 285.576241
100.000000, 280.429462
100.000000, 275.282684
100.000000, 270.135906
100.000000, 264.989128
100.000000, 259.842350
100.000000, 254.695572
100.000000, 249.548793
100.000000, 244.402015
100.000000, 239.255237
100.000000, 234.108459
100.000000, 228.961681
100.000000, 223.814903
100.000000, 218.668125
100.000000, 213.521346
100.000000, 208.374568
100.000000, 203.227790
100.000000, 198.081012
100.000000, 192.934234
100.000000, 187.787456
100.000000, 182.640677
100.000000, 177.493899
100.000000, 172.347121
100.000000, 167.200343
100.000000, 162.053565
100.000000, 156.906787
100.000000, 151.760008
100.000000, 146.613230
100.000000, 141.466452
100.000000, 136.319674
100.000000, 131.172896
100.000000, 126.026118
100.000000, 120.879339
100.000000, 115.732561
100.000000, 110.585783
100.000000, 105.439005
100.000000, 100.292227
100.000000, 95.145449
100.000000, 89.998671
100.000000, 84.851892
100.000000, 79.705114
100.000000, 74.558336
100.000000, 69.411558
100.000000, 64.264780
100.000000, 59.118002
100.000000, 53.971223
100.000000, 48.824445
100.000000, 43.677667
100.000000, 38.530889
100.000000, 33.384111
100.000000, 28.237333
100.000000, 23.090554
100.000000, 17.943776
100.000000, 12.796998
100.000000, 7.650220
100.000000, 2.503442
100.000000, 357.356664
100.000000, 352.209885
100.000000, 347.063107
100.000000, 341.916329
100.000000, 336.769551
100.000000, 331.622773
100.000000, 326.475995
100.000000, 321.329217
100.000000, 316.182438
100.000000, 311.035660
100.000000, 305.888882
100.000000, 300.742104
100.000000, 295.595326
100.000000, 290.448548
100.000000, 285.301769
100.000000, 280.154991
100.000000, 275.008213
100.000000, 269.861435
100.000000, 264.714657
100.000000, 259.567879
100.000000, 254.421100
100.000000, 249.274322
100.000000, 244.127544
100.000000, 238.980766
100.000000, 233.833988
100.000000, 228.687210
100.000000, 223.540431
100.000000, 218.393653
100.000000, 213.246875
100.000000, 208.100097
100.000000, 202.953319
100.000000, 197.806541
100.000000, 192.659763
100.000000, 187.512984
100.000000, 182.366206
100.000000, 177.219428
100.000000, 172.072650
100.000000, 166.925872
100.000000, 161.779094
100.000000, 156.632315
100.000000, 151.485537
100.000000, 146.338759
100.000000, 141.191981
100.000000, 136.045203
100.000000, 130.898425
100.000000, 125.751646
100.000000, 120.604868
100.000000, 115.458090
100.000000, 110.311312
100.000000, 105.164534
100.000000, 100.017756
100.000000, 94.870977
100.000000, 89.724199
100.000000, 84.577421
100.000000, 79.430643
100.000000, 74.283865
100.000000, 69.137087
100.000000, 63.990309
100.000000, 58.843530
100.000000, 53.696752
100.000000, 48.549974
100.000000, 43.403196
100.000000, 38.256418
100.000000, 33.109640
100.000000, 27.962861
100.000000, 22.816083
100.000000, 17.669305
100.000000, 12.522527
100.000000, 7.375749
100.000000, 2.228971
100.000000, 357.082192
100.000000, 351.935414
100.000000, 346.788636
100.000000, 341.641858
100.000000, 336.495080
100.000000, 331.348302
100.000000, 326.201523
100.000000, 321.054745
100.000000, 315.907967
100.000000, 310.761189
100.000000, 305.614411
100.000000, 300.467633
100.000000, 295.320855
100.000000, 290.174076
100.000000, 285.027298
100.000000, 279.880520
100.000000, 274.733742
100.000000, 269.586964
100.000000, 264.440186
100.000000, 259.293407
100.000000, 254.146629
100.000000, 248.999851
100.000000, 243.853073
100.000000, 238.706295
100.000000, 233.559517
100.000000, 228.412738
100.000000, 223.265960
100.000000, 218.119182
100.000000, 212.972404
100.000000, 207.825626
100.000000, 202.678848
100.000000, 197.532069
100.000000, 192.385291
100.000000, 187.238513
100.000000, 182.091735
100.000000, 176.944957
100.000000, 171.798179
100.000000, 166.651401
100.000000, 161.504622
100.000000, 156.357844
100.000000, 151.211066
100.000000, 146.064288
100.000000, 140.917510
100.000000, 135.770732
100.000000, 130.623953
100.000000, 125.477175
100.000000, 120.330397
100.000000, 115.183619
100.000000, 110.036841
100.000000, 104.890063
100.000000, 99.743284
100.000000, 94.596506
100.000000, 89.449728
100.000000, 84.302950
100.000000, 79.156172
100.000000, 74.009394
100.000000, 68.862615
100.000000, 63.715837
100.000000, 58.569059
100.000000, 53.422281
100.000000, 48.275503
100.000000, 43.128725
100.000000, 37.981947
100.000000, 32.835168
100.000000, 27.688390
100.000000, 22.541612
100.000000, 17.394834
100.000000, 12.248056
100.000000, 7.101278
100.000000, 1.954499
100.000000, 356.807721
100.000000, 351.660943
100.000000, 346.514165
100.000000, 341.367387
100.000000, 336.220609
100.000000, 331.073830
100.000000, 325.927052
100.000000, 320.780274
100.000000, 315.633496
100.000000, 310.486718
100.000000, 305.339940
100.000000, 300.193161
100.000000, 295.046383
100.000000, 289.899605
100.000000, 284.752827
100.000000, 279.606049
100.000000, 274.459271
100.000000, 269.312493
100.000000, 264.165714
100.000000, 259.018936
100.000000, 253.872158
100.000000, 248.725380
100.000000, 243.578602
100.000000, 238.431824
100.000000, 233.285045
100.000000, 228.138267
100.000000, 222.991489
100.000000, 217.844711
100.000000, 212.697933
100.000000, 207.551155
100.000000, 202.404376
100.000000, 197.257598
100.000000, 192.110820
100.000000, 186.964042
100.000000, 181.817264
100.000000, 176.670486
100.000000, 171.523707
100.000000, 166.376929
100.000000, 161.230151
100.000000, 156.083373
100.000000, 150.936595
100.000000, 145.789817
100.000000, 140.643039
100.000000, 135.496260
100.000000, 130.349482
100.000000, 125.202704
100.000000, 120.055926
100.000000, 114.909148
100.000000, 109.762370
100.000000, 104.615591
100.000000, 99.468813
100.000000, 94.322035
100.000000, 89.175257
100.000000, 84.028479
100.000000, 78.881701
100.000000, 73.734922
100.000000, 68.588144
100.000000, 63.441366
100.000000, 58.294588
100.000000, 53.147810
100.000000, 48.001032
100.000000, 42.854253
100.000000, 37.707475
100.000000, 32.560697
100.000000, 27.413919
100.000000, 22.267141
100.000000, 17.120363
100.000000, 11.973585
100.000000, 6.826806
100.000000, 1.680028
100.000000, 356.533250
100.000000, 351.386472
100.000000, 346.239694
100.000000, 341.092916
100.000000, 335.946137
100.000000, 330.799359
100.000000, 325.652581
100.000000, 320.505803
100.000000, 315.359025
100.000000, 310.212247
100.000000, 305.065468
100.000000, 299.918690
100.000000, 294.771912
100.000000, 289.625134
100.000000, 284.478356
100.000000, 279.331578
100.000000, 274.184799
100.000000, 269.038021
100.000000, 263.891243
100.000000, 258.744465
100.000000, 253.597687
100.000000, 248.450909
100.000000, 243.304131
100.000000, 238.157352
100.000000, 233.010574
100.000000, 227.863796
100.000000, 222.717018
100.000000, 217.570240
100.000000, 212.423462
100.000000, 207.276683
100.000000, 202.129905
100.000000, 196.983127
100.000000, 191.836349
100.000000, 186.689571
100.000000, 181.542793
100.000000, 176.396014
100.000000, 171.249236
100.000000, 166.102458
100.000000, 160.955680
100.000000, 155.808902
100.000000, 150.662124
100.000000, 145.515345
100.000000, 140.368567
100.000000, 135.221789
100.000000, 130.075011
100.000000, 124.928233
100.000000, 119.781455
100.000000, 114.634677
100.000000, 109.487898
100.000000, 104.341120
100.000000, 99.194342
100.000000, 94.047564
100.000000, 88.900786
100.000000, 83.754008
100.000000, 78.607229
100.000000, 73.460451
100.000000, 68.313673
100.000000, 63.166895
100.000000, 58.020117
100.000000, 52.873339
100.000000, 47.726560
100.000000, 42.579782
100.000000, 37.433004
100.000000, 32.286226
100.000000, 27.139448
100.000000, 21.992670
100.000000, 16.845891
100.000000, 11.699113
100.000000, 6.552335
100.000000, 1.405557
100.000000, 356.258779
100.000000, 351.112001
100.000000, 345.965223
100.000000, 340.818444
100.000000, 335.671666
100.000000, 330.524888
100.000000, 325.378110
100.000000, 320.231332
100.000000, 315.084554
100.000000, 309.937775
100.000000, 304.790997
100.000000, 299.644219
100.000000, 294.497441
100.000000, 289.350663
100.000000, 284.203885
100.000000, 279.057106
100.000000, 273.910328
100.000000, 268.763550
100.000000, 263.616772
100.000000, 258.469994
100.000000, 253.323216
100.000000, 248.176437
100.000000, 243.029659
100.000000, 237.882881
100.000000, 232.736103
100.000000, 227.589325
100.000000, 222.442547
100.000000, 217.295769
100.000000, 212.148990
100.000000, 207.002212
100.000000, 201.855434
100.000000, 196.708656
100.000000, 191.561878
100.000000, 186.415100
100.000000, 181.268321
100.000000, 176.121543
100.000000, 170.974765
100.000000, 165.827987
100.000000, 160.681209
100.000000, 155.534431
100.000000, 150.387652
100.000000, 145.240874
100.000000, 140.094096
100.000000, 134.947318
100.000000, 129.800540
100.000000, 124.653762
100.000000, 119.506983
100.000000, 114.360205
100.000000, 109.213427
100.000000, 104.066649
100.000000, 98.919871
100.000000, 93.773093
100.000000, 88.626315
100.000000, 83.479536
100.000000, 78.332758
100.000000, 73.185980
100.000000, 68.039202
100.000000, 62.892424
100.000000, 57.745646
100.000000, 52.598867
100.000000, 47.452089
100.000000, 42.305311
100.000000, 37.158533
100.000000, 32.011755
100.000000, 26.864977
100.000000, 21.718198
100.000000, 16.571420
100.000000, 11.424642
100.000000, 6.277864
100.000000, 1.131086
100.000000, 355.984308
100.000000, 350.837529
100.000000, 345.690751
100.000000, 340.543973
100.000000, 335.397195
100.000000, 330.250417
100.000000, 325.103639
100.000000, 319.956861
100.000000, 314.810082
100.000000, 309.663304
100.000000, 304.516526
100.000000, 299.369748
100.000000, 294.222970
100.000000, 289.076192
100.000000, 283.929413
100.000000, 278.782635
100.000000, 273.635857
100.000000, 268.489079
100.000000, 263.342301
100.000000, 258.195523
100.000000, 253.048744
100.000000, 247.901966
100.000000, 242.755188
100.000000, 237.608410
100.000000, 232.461632
100.000000, 227.314854
100.000000, 222.168075
100.000000, 217.021297
100.000000, 211.874519
100.000000, 206.727741
100.000000, 201.580963
100.000000, 196.434185
100.000000, 191.287407
100.000000, 186.140628
100.000000, 180.993850
100.000000, 175.847072
100.000000, 170.700294
100.000000, 165.553516
100.000000, 160.406738
100.000000, 155.259959
100.000000, 150.113181
100.000000, 144.966403
100.000000, 139.819625
100.000000, 134.672847
100.000000, 129.526069
100.000000, 124.379290
100.000000, 119.232512
100.000000, 114.085734
100.000000, 108.938956
100.000000, 103.792178
100.000000, 98.645400
100.000000, 93.498621
100.000000, 88.351843
100.000000, 83.205065
100.000000, 78.058287
100.000000, 72.911509
100.000000, 67.764731
100.000000, 62.617953
100.000000, 57.471174
100.000000, 52.324396
100.000000, 47.177618
100.000000, 42.030840
100.000000, 36.884062
100.000000, 31.737284
100.000000, 26.590505
100.000000, 21.443727
100.000000, 16.296949
100.000000, 11.150171
100.000000, 6.003393
100.000000, 0.856615
100.000000, 355.709836
100.000000, 350.563058
100.000000, 345.416280
100.000000, 340.269502
100.000000, 335.122724
100.000000, 329.975946
100.000000, 324.829167
100.000000, 319.682389
100.000000, 314.535611
100.000000, 309.388833
100.000000, 304.242055
100.000000, 299.095277
100.000000, 293.948499
100.000000, 288.801720
100.000000, 283.654942
100.000000, 278.508164
100.000000, 273.361386
100.000000, 268.214608
100.000000, 263.067830
100.000000, 257.921051
100.000000, 252.774273
100.000000, 247.627495
100.000000, 242.480717
100.000000, 237.333939
100.000000, 232.187161
100.000000, 227.040382
100.000000, 221.893604
100.000000, 216.746826
100.000000, 211.600048
100.000000, 206.453270
100.000000, 201.306492
100.000000, 196.159713
100.000000, 191.012935
100.000000, 185.866157
100.000000, 180.719379
100.000000, 175.572601
100.000000, 170.425823
100.000000, 165.279045
100.000000, 160.132266
100.000000, 154.985488
100.000000, 149.838710
100.000000, 144.691932
100.000000, 139.545154
100.000000, 134.398376
100.000000, 129.251597
100.000000, 124.104819
100.000000, 118.958041
100.000000, 113.811263
100.000000, 108.664485
100.000000, 103.517707
100.000000, 98.370928
100.000000, 93.224150
100.000000, 88.077372
100.000000, 82.930594
100.000000, 77.783816
100.000000, 72.637038
100.000000, 67.490259
100.000000, 62.343481
100.000000, 57.196703
100.000000, 52.049925
100.000000, 46.903147
100.000000, 41.756369
100.000000, 36.609591
100.000000, 31.462812
100.000000, 26.316034
100.000000, 21.169256
100.000000, 16.022478
100.000000, 10.875700
100.000000, 5.728922
100.000000, 0.582143
100.000000, 355.435365
100.000000, 350.288587
100.000000, 345.141809
100.000000, 339.995031
100.000000, 334.848253
100.000000, 329.701474
100.000000, 324.554696
100.000000, 319.407918
100.000000, 314.261140
100.000000, 309.114362
100.000000, 303.967584
100.000000, 298.820805
100.000000, 293.674027
100.000000, 288.527249
100.000000, 283.380471
100.000000, 278.233693
100.000000, 273.086915
100.000000, 267.940137
100.000000, 262.793358
100.000000, 257.646580
100.000000, 252.499802
100.000000, 247.353024
100.000000, 242.206246
100.000000, 237.059468
100.000000, 231.912689
100.000000, 226.765911
100.000000, 221.619133
100.000000, 216.472355
100.000000, 211.325577
100.000000, 206.178799
100.000000, 201.032020
100.000000, 195.885242
100.000000, 190.738464
100.000000, 185.591686
100.000000, 180.444908
100.000000, 175.298130
100.000000, 170.151351
100.000000, 165.004573
100.000000, 159.857795
100.000000, 154.711017
100.000000, 149.564239
100.000000, 144.417461
100.000000, 139.270683
100.000000, 134.123904
100.000000, 128.977126
100.000000, 123.830348
100.000000, 118.683570
100.000000, 113.536792
100.000000, 108.390014
100.000000, 103.243235
100.000000, 98.096457
100.000000, 92.949679
100.000000, 87.802901
100.000000, 82.656123
100.000000, 77.509345
100.000000, 72.362566
100.000000, 67.215788
100.000000, 62.069010
100.000000, 56.922232
100.000000, 51.775454
100.000000, 46.628676
100.000000, 41.481897
100.000000, 36.335119
100.000000, 31.188341
100.000000, 26.041563
100.000000, 20.894785
100.000000, 15.748007
100.000000, 10.601229
100.000000, 5.454450
100.000000, 0.307672
100.000000, 355.160894
100.000000, 350.014116
100.000000, 344.867338
100.000000, 339.720560
100.000000, 334.573781
100.000000, 329.427003
100.000000, 324.280225
100.000000, 319.133447
100.000000, 313.986669
100.000000, 308.839891
100.000000, 303.693112
100.000000, 298.546334
100.000000, 293.399556
100.000000, 288.252778
100.000000, 283.106000
100.000000, 277.959222
100.000000, 272.812443
100.000000, 267.665665
100.000000, 262.518887
100.000000, 257.372109
100.000000, 252.225331
100.000000, 247.078553
100.000000, 241.931775
100.000000, 236.784996
100.000000, 231.638218
100.000000, 226.491440
100.000000, 221.344662
100.000000, 216.197884
100.000000, 211.051106
100.000000, 205.904327
100.000000, 200.757549
100.000000, 195.610771
100.000000, 190.463993
100.000000, 185.317215
100.000000, 180.170437
100.000000, 175.023658
100.000000, 169.876880
100.000000, 164.730102
100.000000, 159.583324
100.000000, 154.436546
100.000000, 149.289768
100.000000, 144.142989
100.000000, 138.996211
100.000000, 133.849433
100.000000, 128.702655
100.000000, 123.555877
100.000000, 118.409099
100.000000, 113.262321
100.000000, 108.115542
100.000000, 102.968764
100.000000, 97.821986
100.000000, 92.675208
100.000000, 87.528430
100.000000, 82.381652
100.000000, 77.234873
100.000000, 72.088095
100.000000, 66.941317
100.000000, 61.794539
100.000000, 56.647761
100.000000, 51.500983
100.000000, 46.354204
100.000000, 41.207426
100.000000, 36.060648
100.000000, 30.913870
100.000000, 25.767092
100.000000, 20.620314
100.000000, 15.473535
100.000000, 10.326757
100.000000, 5.179979
100.000000, 0.033201
100.000000, 354.886423
100.000000, 349.739645
100.000000, 344.592867
100.000000, 339.446088
100.000000, 334.299310
100.000000, 329.152532
100.000000, 324.005754
100.000000, 318.858976
100.000000, 313.712198
100.000000, 308.565419
100.000000, 303.418641
100.000000, 298.271863
100.000000, 293.125085
100.000000, 287.978307
100.000000, 282.831529
100.000000, 277.684750
100.000000, 272.537972
100.000000, 267.391194
100.000000, 262.244416
100.000000, 257.097638
100.000000, 251.950860
100.000000, 246.804081
100.000000, 241.657303
100.000000, 236.510525
100.000000, 231.363747
100.000000, 226.216969
100.000000, 221.070191
100.000000, 215.923413
100.000000, 210.776634
100.000000, 205.629856
100.000000, 200.483078
100.000000, 195.336300
100.000000, 190.189522
100.000000, 185.042744
100.000000, 179.895965
100.000000, 174.749187
100.000000, 169.602409
100.000000, 164.455631
100.000000, 159.308853
100.000000, 154.162075
100.000000, 149.015296
100.000000, 143.868518
100.000000, 138.721740
100.000000, 133.574962
100.000000, 128.428184
100.000000, 123.281406
100.000000, 118.134627
100.000000, 112.987849
100.000000, 107.841071
100.000000, 102.694293
100.000000, 97.547515
100.000000, 92.400737
100.000000, 87.253959
100.000000, 82.107180
100.000000, 76.960402
100.000000, 71.813624
100.000000, 66.666846
100.000000, 61.520068
100.000000, 56.373290
100.000000, 51.226511
100.000000, 46.079733
100.000000, 40.932955
100.000000, 35.786177
100.000000, 30.639399
100.000000, 25.492621
100.000000, 20.345842
100.000000, 15.199064
100.000000, 10.052286
100.000000, 4.905508
100.000000, 359.758730
100.000000, 354.611952
100.000000, 349.465173
100.000000, 344.318395
100.000000, 339.171617
100.000000, 334.024839
100.000000, 328.878061
100.000000, 323.731283
100.000000, 318.584505
100.000000, 313.437726
100.000000, 308.290948
100.000000, 303.144170
100.000000, 297.997392
100.000000, 292.850614
100.000000, 287.703836
100.000000, 282.557057
100.000000, 277.410279
100.000000, 272.263501
100.000000, 267.116723
100.000000, 261.969945
100.000000, 256.823167
100.000000, 251.676388
100.000000, 246.529610
100.000000, 241.382832
100.000000, 236.236054
100.000000, 231.089276
100.000000, 225.942498
100.000000, 220.795719
100.000000, 215.648941
100.000000, 210.502163
100.000000, 205.355385
100.000000, 200.208607
100.000000, 195.061829
100.000000, 189.915051
100.000000, 184.768272
100.000000, 179.621494
100.000000, 174.474716
100.000000, 169.327938
100.000000, 164.181160
100.000000, 159.034382
100.000000, 153.887603
100.000000, 148.740825
100.000000, 143.594047
100.000000, 138.447269
100.000000, 133.300491
100.000000, 128.153713
100.000000, 123.006934
100.000000, 117.860156
100.000000, 112.713378
100.000000, 107.566600
100.000000, 102.419822
100.000000, 97.273044
100.000000, 92.126265
100.000000, 86.979487
100.000000, 81.832709
100.000000, 76.685931
100.000000, 71.539153
100.000000, 66.392375
100.000000, 61.245597
100.000000, 56.098818
100.000000, 50.952040
100.000000, 45.805262
100.000000, 40.658484
100.000000, 35.511706
100.000000, 30.364928
100.000000, 25.218149
100.000000, 20.071371
100.000000, 14.924593
100.000000, 9.777815
100.000000, 4.631037
100.000000, 359.484259
100.000000, 354.337480
100.000000, 349.190702
100.000000, 344.043924
100.000000, 338.897146
100.000000, 333.750368
100.000000, 328.603590
100.000000, 323.456811
100.000000, 318.310033
100.000000, 313.163255
100.000000, 308.016477
100.000000, 302.869699
100.000000, 297.722921
100.000000, 292.576143
100.000000, 287.429364
100.000000, 282.282586
100.000000, 277.135808
100.000000, 271.989030
100.000000, 266.842252
100.000000, 261.695474
100.000000, 256.548695
100.000000, 251.401917
100.000000, 246.255139
100.000000, 241.108361
100.000000, 235.961583
100.000000, 230.814805
100.000000, 225.668026
100.000000, 220.521248
100.000000, 215.374470
100.000000, 210.227692
100.000000, 205.080914
100.000000, 199.934136
100.000000, 194.787357
100.000000, 189.640579
100.000000, 184.493801
100.000000, 179.347023
100.000000, 174.200245
100.000000, 169.053467
100.000000, 163.906689
100.000000, 158.759910
100.000000, 153.613132
100.000000, 148.466354
100.000000, 143.319576
100.000000, 138.172798
100.000000, 133.026020
100.000000, 127.879241
100.000000, 122.732463
100.000000, 117.585685
100.000000, 112.438907
100.000000, 107.292129
100.000000, 102.145351
100.000000, 96.998572
100.000000, 91.851794
100.000000, 86.705016
100.000000, 81.558238
100.000000, 76.411460
100.000000, 71.264682
100.000000, 66.117903
100.000000, 60.971125
100.000000, 55.824347
100.000000, 50.677569
100.000000, 45.530791
100.000000, 40.384013
100.000000, 35.237235
100.000000, 30.090456
100.000000, 24.943678
100.000000, 19.796900
100.000000, 14.650122
100.000000, 9.503344
100.000000, 4.356566
100.000000, 359.209787
100.000000, 354.063009
100.000000, 348.916231
100.000000, 343.769453
100.000000, 338.622675
100.000000, 333.475897
100.000000, 328.329118
100.000000, 323.182340
100.000000, 318.035562
100.000000, 312.888784
100.000000, 307.742006
100.000000, 302.595228
100.000000, 297.448449
100.000000, 292.301671
100.000000, 287.154893
100.000000, 282.008115
100.000000, 276.861337
100.000000, 271.714559
100.000000, 266.567781
100.000000, 261.421002
100.000000, 256.274224
100.000000, 251.127446
100.000000, 245.980668
100.000000, 240.833890
100.000000, 235.687112
100.000000, 230.540333
100.000000, 225.393555
100.000000, 220.246777
100.000000, 215.099999
100.000000, 209.953221
100.000000, 204.806443
100.000000, 199.659664
100.000000, 194.512886
100.000000, 189.366108
100.000000, 184.219330
100.000000, 179.072552
100.000000, 173.925774
100.000000, 168.778995
100.000000, 163.632217
100.000000, 158.485439
100.000000, 153.338661
100.000000, 148.191883
100.000000, 143.045105
100.000000, 137.898327
100.000000, 132.751548
100.000000, 127.604770
100.000000, 122.457992
100.000000, 117.311214
100.000000, 112.164436
100.000000, 107.017658
100.000000, 101.870879
100.000000, 96.724101
100.000000, 91.577323
100.000000, 86.430545
100.000000, 81.283767
100.000000, 76.136989
100.000000, 70.990210
100.000000, 65.843432
100.000000, 60.696654
100.000000, 55.549876
100.000000, 50.403098
100.000000, 45.256320
100.000000, 40.109541
100.000000, 34.962763
100.000000, 29.815985
100.000000, 24.669207
100.000000, 19.522429
100.000000, 14.375651
100.000000, 9.228873
100.000000, 4.082094
100.000000, 358.935316
100.000000, 353.788538
100.000000, 348.641760
100.000000, 343.494982
100.000000, 338.348204
100.000000, 333.201425
100.000000, 328.054647
100.000000, 322.907869
100.000000, 317.761091
100.000000, 312.614313
100.000000, 307.467535
100.000000, 302.320756
100.000000, 297.173978
100.000000, 292.027200
100.000000, 286.880422
100.000000, 281.733644
100.000000, 276.586866
100.000000, 271.440087
100.000000, 266.293309
100.000000, 261.146531
100.000000, 255.999753
100.000000, 250.852975
100.000000, 245.706197
100.000000, 240.559419
100.000000, 235.412640
100.000000, 230.265862
100.000000, 225.119084
100.000000, 219.972306
100.000000, 214.825528
100.000000, 209.678750
100.000000, 204.531971
100.000000, 199.385193
100.000000, 194.238415
100.000000, 189.091637
100.000000, 183.944859
100.000000, 178.798081
100.000000, 173.651302
100.000000, 168.504524
100.000000, 163.357746
100.000000, 158.210968
100.000000, 153.064190
100.000000, 147.917412
100.000000, 142.770633
100.000000, 137.623855
100.000000, 132.477077
100.000000, 127.330299
100.000000, 122.183521
100.000000, 117.036743
100.000000, 111.889965
100.000000, 106.743186
100.000000, 101.596408
100.000000, 96.449630
100.000000, 91.302852
100.000000, 86.156074
100.000000, 81.009296
100.000000, 75.862517
100.000000, 70.715739
100.000000, 65.568961
100.000000, 60.422183
100.000000, 55.275405
100.000000, 50.128627
100.000000, 44.981848
100.000000, 39.835070
100.000000, 34.688292
100.000000, 29.541514
100.000000, 24.394736
100.000000, 19.247958
100.000000, 14.101179
100.000000, 8.954401
100.000000, 3.807623
100.000000, 358.660845
100.000000, 353.514067
100.000000, 348.367289
100.000000, 343.220511
100.000000, 338.073732
100.000000, 332.926954
100.000000, 327.780176
100.000000, 322.633398
100.000000, 317.486620
100.000000, 312.339842
100.000000, 307.193063
100.000000, 302.046285
100.000000, 296.899507
100.000000, 291.752729
100.000000, 286.605951
100.000000, 281.459173
100.000000, 276.312394
100.000000, 271.165616
100.000000, 266.018838
100.000000, 260.872060
100.000000, 255.725282
100.000000, 250.578504
100.000000, 245.431725
100.000000, 240.284947
100.000000, 235.138169
100.000000, 229.991391
100.000000, 224.844613
100.000000, 219.697835
100.000000, 214.551057
100.000000, 209.404278
100.000000, 204.257500
100.000000, 199.110722
100.000000, 193.963944
100.000000, 188.817166
100.000000, 183.670388
100.000000, 178.523609
100.000000, 173.376831
100.000000, 168.230053
100.000000, 163.083275
100.000000, 157.936497
100.000000, 152.789719
100.000000, 147.642940
100.000000, 142.496162
100.000000, 137.349384
100.000000, 132.202606
100.000000, 127.055828
100.000000, 121.909050
100.000000, 116.762271
100.000000, 111.615493
100.000000, 106.468715
100.000000, 101.321937
100.000000, 96.175159
100.000000, 91.028381
100.000000, 85.881603
100.000000, 80.734824
100.000000, 75.588046
100.000000, 70.441268
100.000000, 65.294490
100.000000, 60.147712
100.000000, 55.000934
100.000000, 49.854155
100.000000, 44.707377
100.000000, 39.560599
100.000000, 34.413821
100.000000, 29.267043
100.000000, 24.120265
100.000000, 18.973486
100.000000, 13.826708
100.000000, 8.679930
100.000000, 3.533152
100.000000, 358.386374
100.000000, 353.239596
100.000000, 348.092817
100.000000, 342.946039
100.000000, 337.799261
100.000000, 332.652483
100.000000, 327.505705
100.000000, 322.358927
100.000000, 317.212149
100.000000, 312.065370
100.000000, 306.918592
100.000000, 301.771814
100.000000, 296.625036
100.000000, 291.478258
100.000000, 286.331480
100.000000, 281.184701
100.000000, 276.037923
100.000000, 270.891145
100.000000, 265.744367
100.000000, 260.597589
100.000000, 255.450811
100.000000, 250.304032
100.000000, 245.157254
100.000000, 240.010476
100.000000, 234.863698
100.000000, 229.716920
100.000000, 224.570142
100.000000, 219.423363
100.000000, 214.276585
100.000000, 209.129807
100.000000, 203.983029
100.000000, 198.836251
100.000000, 193.689473
100.000000, 188.542695
100.000000, 183.395916
100.000000, 178.249138
100.000000, 173.102360
100.000000, 167.955582
100.000000, 162.808804
100.000000, 157.662026
100.000000, 152.515247
100.000000, 147.368469
100.000000, 142.221691
100.000000, 137.074913
100.000000, 131.928135
100.000000, 126.781357
100.000000, 121.634578
100.000000, 116.487800
100.000000, 111.341022
100.000000, 106.194244
100.000000, 101.047466
100.000000, 95.900688
100.000000, 90.753909
100.000000, 85.607131
100.000000, 80.460353
100.000000, 75.313575
100.000000, 70.166797
100.000000, 65.020019
100.000000, 59.873241
100.000000, 54.726462
100.000000, 49.579684
100.000000, 44.432906
100.000000, 39.286128
100.000000, 34.139350
100.000000, 28.992572
100.000000, 23.845793
100.000000, 18.699015
100.000000, 13.552237
100.000000, 8.405459
100.000000, 3.258681
100.000000, 358.111903
100.000000, 352.965124
100.000000, 347.818346
100.000000, 342.671568
100.000000, 337.524790
100.000000, 332.378012
100.000000, 327.231234
100.000000, 322.084455
100.000000, 316.937677
100.000000, 311.790899
100.000000, 306.644121
100.000000, 301.497343
100.000000, 296.350565
100.000000, 291.203787
100.000000, 286.057008
100.000000, 280.910230
100.000000, 275.763452
100.000000, 270.616674
100.000000, 265.469896
100.000000, 260.323118
100.000000, 255.176339
100.000000, 250.029561
100.000000, 244.882783
100.000000, 239.736005
100.000000, 234.589227
100.000000, 229.442449
100.000000, 224.295670
100.000000, 219.148892
100.000000, 214.002114
100.000000, 208.855336
100.000000, 203.708558
100.000000, 198.561780
100.000000, 193.415001
100.000000, 188.268223
100.000000, 183.121445
100.000000, 177.974667
100.000000, 172.827889
100.000000, 167.681111
100.000000, 162.534333
100.000000, 157.387554
100.000000, 152.240776
100.000000, 147.093998
100.000000, 141.947220
100.000000, 136.800442
100.000000, 131.653664
100.000000, 126.506885
100.000000, 121.360107
100.000000, 116.213329
100.000000, 111.066551
100.000000, 105.919773
100.000000, 100.772995
100.000000, 95.626216
100.000000, 90.479438
100.000000, 85.332660
100.000000, 80.185882
100.000000, 75.039104
100.000000, 69.892326
100.000000, 64.745547
100.000000, 59.598769
100.000000, 54.451991
100.000000, 49.305213
100.000000, 44.158435
100.000000, 39.011657
100.000000, 33.864879
100.000000, 28.718100
100.000000, 23.571322
100.000000, 18.424544
100.000000, 13.277766
100.000000, 8.130988
100.000000, 2.984210
100.000000, 357.837431
100.000000, 352.690653
100.000000, 347.543875
100.000000, 342.397097
100.000000, 337.250319
100.000000, 332.103541
100.000000, 326.956762
100.000000, 321.809984
100.000000, 316.663206
100.000000, 311.516428
100.000000, 306.369650
100.000000, 301.222872
100.000000, 296.076093
100.000000, 290.929315
100.000000, 285.782537
100.000000, 280.635759
100.000000, 275.488981
100.000000, 270.342203
100.000000, 265.195425
100.000000, 260.048646
100.000000, 254.901868
100.000000, 249.755090
100.000000, 244.608312
100.000000, 239.461534
100.000000, 234.314756
100.000000, 229.167977
100.000000, 224.021199
100.000000, 218.874421
100.000000, 213.727643
100.000000, 208.580865
100.000000, 203.434087
100.000000, 198.287308
100.000000, 193.140530
100.000000, 187.993752
100.000000, 182.846974
100.000000, 177.700196
100.000000, 172.553418
100.000000, 167.406639
100.000000, 162.259861
100.000000, 157.113083
100.000000, 151.966305
100.000000, 146.819527
100.000000, 141.672749
100.000000, 136.525971
100.000000, 131.379192
100.000000, 126.232414
100.000000, 121.085636
100.000000, 115.938858
100.000000, 110.792080
100.000000, 105.645302
100.000000, 100.498523
100.000000, 95.351745
100.000000, 90.204967
100.000000, 85.058189
100.000000, 79.911411
100.000000, 74.764633
100.000000, 69.617854
100.000000, 64.471076
100.000000, 59.324298
100.000000, 54.177520
100.000000, 49.030742
100.000000, 43.883964
100.000000, 38.737185
100.000000, 33.590407
100.000000, 28.443629
100.000000, 23.296851
100.000000, 18.150073
100.000000, 13.003295
100.000000, 7.856517
100.000000, 2.709738
100.000000, 357.562960
100.000000, 352.416182
100.000000, 347.269404
100.000000, 342.122626
100.000000, 336.975848
100.000000, 331.829069
100.000000, 326.682291
100.000000, 321.535513
100.000000, 316.388735
100.000000, 311.241957
100.000000, 306.095179
100.000000, 300.948400
100.000000, 295.801622
100.000000, 290.654844
100.000000, 285.508066
100.000000, 280.361288
100.000000, 275.214510
100.000000, 270.067731
100.000000, 264.920953
100.000000, 259.774175
100.000000, 254.627397
100.000000, 249.480619
100.000000, 244.333841
100.000000, 239.187063
100.000000, 234.040284
100.000000, 228.893506
100.000000, 223.746728
100.000000, 218.599950
100.000000, 213.453172
100.000000, 208.306394
100.000000, 203.159615
100.000000, 198.012837
100.000000, 192.866059
100.000000, 187.719281
100.000000, 182.572503
100.000000, 177.425725
100.000000, 172.278946
100.000000, 167.132168
100.000000, 161.985390
100.000000, 156.838612
100.000000, 151.691834
100.000000, 146.545056
100.000000, 141.398277
100.000000, 136.251499
100.000000, 131.104721
100.000000, 125.957943
100.000000, 120.811165
100.000000, 115.664387
100.000000, 110.517609
100.000000, 105.370830
100.000000, 100.224052
100.000000, 95.077274
100.000000, 89.930496
100.000000, 84.783718
100.000000, 79.636940
100.000000, 74.490161
100.000000, 69.343383
100.000000, 64.196605
100.000000, 59.049827
100.000000, 53.903049
100.000000, 48.756271
100.000000, 43.609492
100.000000, 38.462714
100.000000, 33.315936
100.000000, 28.169158
100.000000, 23.022380
100.000000, 17.875602
100.000000, 12.728823
100.000000, 7.582045
100.000000, 2.435267
100.000000, 357.288489
100.000000, 352.141711
100.000000, 346.994933
100.000000, 341.848155
100.000000, 336.701376
100.000000, 331.554598
100.000000, 326.407820
100.000000, 321.261042
100.000000, 316.114264
100.000000, 310.967486
100.000000, 305.820707
100.000000, 300.673929
100.000000, 295.527151
100.000000, 290.380373
100.000000, 285.233595
100.000000, 280.086817
100.000000, 274.940038
100.000000, 269.793260
100.000000, 264.646482
100.000000, 259.499704
100.000000, 254.352926
100.000000, 249.206148
100.000000, 244.059369
100.000000, 238.912591
100.000000, 233.765813
100.000000, 228.619035
100.000000, 223.472257
100.000000, 218.325479
100.000000, 213.178701
100.000000, 208.031922
100.000000, 202.885144
100.000000, 197.738366
100.000000, 192.591588
100.000000, 187.444810
100.000000, 182.298032
100.000000, 177.151253
100.000000, 172.004475
100.000000, 166.857697
100.000000, 161.710919
100.000000, 156.564141
100.000000, 151.417363
100.000000, 146.270584
100.000000, 141.123806
100.000000, 135.977028
100.000000, 130.830250
100.000000, 125.683472
100.000000, 120.536694
100.000000, 115.389915
100.000000, 110.243137
100.000000, 105.096359
100.000000, 99.949581
100.000000, 94.802803
100.000000, 89.656025
100.000000, 84.509247
100.000000, 79.362468
100.000000, 74.215690
100.000000, 69.068912
100.000000, 63.922134
100.000000, 58.775356
100.000000, 53.628578
100.000000, 48.481799
100.000000, 43.335021
100.000000, 38.188243
100.000000, 33.041465
100.000000, 27.894687
100.000000, 22.747909
100.000000, 17.601130
100.000000, 12.454352
100.000000, 7.307574
100.000000, 2.160796
100.000000, 357.014018
100.000000, 351.867240
100.000000, 346.720461
100.000000, 341.573683
100.000000, 336.426905
100.000000, 331.280127
100.000000, 326.133349
100.000000, 320.986571
100.000000, 315.839793
100.000000, 310.693014
100.000000, 305.546236
100.000000, 300.399458
100.000000, 295.252680
100.000000, 290.105902
100.000000, 284.959124
100.000000, 279.812345
100.000000, 274.665567
100.000000, 269.518789
100.000000, 264.372011
100.000000, 259.225233
100.000000, 254.078455
100.000000, 248.931676
100.000000, 243.784898
100.000000, 238.638120
100.000000, 233.491342
100.000000, 228.344564
100.000000, 223.197786
100.000000, 218.051007
100.000000, 212.904229
100.000000, 207.757451
100.000000, 202.610673
100.000000, 197.463895
100.000000, 192.317117
100.000000, 187.170339
100.000000, 182.023560
100.000000, 176.876782
100.000000, 171.730004
100.000000, 166.583226
100.000000, 161.436448
100.000000, 156.289670
100.000000, 151.142891
100.000000, 145.996113
100.000000, 140.849335
100.000000, 135.702557
100.000000, 130.555779
100.000000, 125.409001
100.000000, 120.262222
100.000000, 115.115444
100.000000, 109.968666
100.000000, 104.821888
100.000000, 99.675110
100.000000, 94.528332
100.000000, 89.381553
100.000000, 84.234775
100.000000, 79.087997
100.000000, 73.941219
100.000000, 68.794441
100.000000, 63.647663
100.000000, 58.500885
100.000000, 53.354106
100.000000, 48.207328
100.000000, 43.060550
100.000000, 37.913772
100.000000, 32.766994
100.000000, 27.620216
100.000000, 22.473437
100.000000, 17.326659
100.000000, 12.179881
100.000000, 7.033103
100.000000, 1.886325
100.000000, 356.739547
100.000000, 351.592768
100.000000, 346.445990
100.000000, 341.299212
100.000000, 336.152434
100.000000, 331.005656
100.000000, 325.858878
100.000000, 320.712099
100.000000, 315.565321
100.000000, 310.418543
100.000000, 305.271765
100.000000, 300.124987
100.000000, 294.978209
100.000000, 289.831431
100.000000, 284.684652
100.000000, 279.537874
100.000000, 274.391096
100.000000, 269.244318
100.000000, 264.097540
100.000000, 258.950762
100.000000, 253.803983
100.000000, 248.657205
100.000000, 243.510427
100.000000, 238.363649
100.000000, 233.216871
100.000000, 228.070093
100.000000, 222.923314
100.000000, 217.776536
100.000000, 212.629758
100.000000, 207.482980
100.000000, 202.336202
100.000000, 197.189424
100.000000, 192.042645
100.000000, 186.895867
100.000000, 181.749089
100.000000, 176.602311
100.000000, 171.455533
100.000000, 166.308755
100.000000, 161.161977
100.000000, 156.015198
100.000000, 150.868420
100.000000, 145.721642
100.000000, 140.574864
100.000000, 135.428086
100.000000, 130.281308
100.000000, 125.134529
100.000000, 119.987751
100.000000, 114.840973
100.000000, 109.694195
100.000000, 104.547417
100.000000, 99.400639
100.000000, 94.253860
100.000000, 89.107082
100.000000, 83.960304
100.000000, 78.813526
100.000000, 73.666748
100.000000, 68.519970
100.000000, 63.373191
100.000000, 58.226413
100.000000, 53.079635
100.000000, 47.932857
100.000000, 42.786079
100.000000, 37.639301
100.000000, 32.492523
100.000000, 27.345744
100.000000, 22.198966
100.000000, 17.052188
100.000000, 11.905410
100.000000, 6.758632
100.000000, 1.611854
100.000000, 356.465075
100.000000, 351.318297
100.000000, 346.171519
100.000000, 341.024741
100.000000, 335.877963
100.000000, 330.731185
100.000000, 325.584406
100.000000, 320.437628
100.000000, 315.290850
100.000000, 310.144072
100.000000, 304.997294
100.000000, 299.850516
100.000000, 294.703737
100.000000, 289.556959
100.000000, 284.410181
100.000000, 279.263403
100.000000, 274.116625
100.000000, 268.969847
100.000000, 263.823069
100.000000, 258.676290
100.000000, 253.529512
100.000000, 248.382734
100.000000, 243.235956
100.000000, 238.089178
100.000000, 232.942400
100.000000, 227.795621
100.000000, 222.648843
100.000000, 217.502065
100.000000, 212.355287
100.000000, 207.208509
100.000000, 202.061731
100.000000, 196.914952
100.000000, 191.768174
100.000000, 186.621396
100.000000, 181.474618
100.000000, 176.327840
100.000000, 171.181062
100.000000, 166.034283
100.000000, 160.887505
100.000000, 155.740727
100.000000, 150.593949
100.000000, 145.447171
100.000000, 140.300393
100.000000, 135.153615
100.000000, 130.006836
100.000000, 124.860058
100.000000, 119.713280
100.000000, 114.566502
100.000000, 109.419724
100.000000, 104.272946
100.000000, 99.126167
100.000000, 93.979389
100.000000, 88.832611
100.000000, 83.685833
100.000000, 78.539055
100.000000, 73.392277
100.000000, 68.245498
100.000000, 63.098720
100.000000, 57.951942
100.000000, 52.805164
100.000000, 47.658386
100.000000, 42.511608
100.000000, 37.364829
100.000000, 32.218051
100.000000, 27.071273
100.000000, 21.924495
100.000000, 16.777717
100.000000, 11.630939
100.000000, 6.484161
100.000000, 1.337382
100.000000, 356.190604
100.000000, 351.043826
100.000000, 345.897048
100.000000, 340.750270
100.000000, 335.603492
100.000000, 330.456713
100.000000, 325.309935
100.000000, 320.163157
100.000000, 315.016379
100.000000, 309.869601
100.000000, 304.722823
100.000000, 299.576044
100.000000, 294.429266
100.000000, 289.282488
100.000000, 284.135710
100.000000, 278.988932
100.000000, 273.842154
100.000000, 268.695375
100.000000, 263.548597
100.000000, 258.401819
100.000000, 253.255041
100.000000, 248.108263
100.000000, 242.961485
100.000000, 237.814707
100.000000, 232.667928
100.000000, 227.521150
100.000000, 222.374372
100.000000, 217.227594
100.000000, 212.080816
100.000000, 206.934038
100.000000, 201.787259
100.000000, 196.640481
100.000000, 191.493703
100.000000, 186.346925
100.000000, 181.200147
100.000000, 176.053369
100.000000, 170.906590
100.000000, 165.759812
100.000000, 160.613034
100.000000, 155.466256
100.000000, 150.319478
100.000000, 145.172700
100.000000, 140.025921
100.000000, 134.879143
100.000000, 129.732365
100.000000, 124.585587
100.000000, 119.438809
100.000000, 114.292031
100.000000, 109.145253
100.000000, 103.998474
100.000000, 98.851696
100.000000, 93.704918
100.000000, 88.558140
100.000000, 83.411362
100.000000, 78.264584
100.000000, 73.117805
100.000000, 67.971027
100.000000, 62.824249
100.000000, 57.677471
100.000000, 52.530693
100.000000, 47.383915
100.000000, 42.237136
100.000000, 37.090358
100.000000, 31.943580
100.000000, 26.796802
100.000000, 21.650024
100.000000, 16.503246
100.000000, 11.356467
100.000000, 6.209689
100.000000, 1.062911
100.000000, 355.916133
100.000000, 350.769355
100.000000, 345.622577
100.000000, 340.475799
100.000000, 335.329020
100.000000, 330.182242
100.000000, 325.035464
100.000000, 319.888686
100.000000, 314.741908
100.000000, 309.595130
100.000000, 304.448351
100.000000, 299.301573
100.000000, 294.154795
100.000000, 289.008017
100.000000, 283.861239
100.000000, 278.714461
100.000000, 273.567682
100.000000, 268.420904
100.000000, 263.274126
100.000000, 258.127348
100.000000, 252.980570
100.000000, 247.833792
100.000000, 242.687013
100.000000, 237.540235
100.000000, 232.393457
100.000000, 227.246679
100.000000, 222.099901
100.000000, 216.953123
100.000000, 211.806345
100.000000, 206.659566
100.000000, 201.512788
100.000000, 196.366010
100.000000, 191.219232
100.000000, 186.072454
100.000000, 180.925676
100.000000, 175.778897
100.000000, 170.632119
100.000000, 165.485341
100.000000, 160.338563
100.000000, 155.191785
100.000000, 150.045007
100.000000, 144.898228
100.000000, 139.751450
100.000000, 134.604672
100.000000, 129.457894
100.000000, 124.311116
100.000000, 119.164338
100.000000, 114.017559
100.000000, 108.870781
100.000000, 103.724003
100.000000, 98.577225
100.000000, 93.430447
100.000000, 88.283669
100.000000, 83.136891
100.000000, 77.990112
100.000000, 72.843334
100.000000, 67.696556
100.000000, 62.549778
100.000000, 57.403000
100.000000, 52.256222
100.000000, 47.109443
100.000000, 41.962665
100.000000, 36.815887
100.000000, 31.669109
100.000000, 26.522331
100.000000, 21.375553
100.000000, 16.228774
100.000000, 11.081996
100.000000, 5.935218
100.000000, 0.788440
100.000000, 355.641662
100.000000, 350.494884
100.000000, 345.348105
100.000000, 340.201327
100.000000, 335.054549
100.000000, 329.907771
100.000000, 324.760993
100.000000, 319.614215
100.000000, 314.467437
100.000000, 309.320658
100.000000, 304.173880
100.000000, 299.027102
100.000000, 293.880324
100.000000, 288.733546
100.000000, 283.586768
100.000000, 278.439989
100.000000, 273.293211
100.000000, 268.146433
100.000000, 262.999655
100.000000, 257.852877
100.000000, 252.706099
100.000000, 247.559320
100.000000, 242.412542
100.000000, 237.265764
100.000000, 232.118986
100.000000, 226.972208
100.000000, 221.825430
100.000000, 216.678651
100.000000, 211.531873
100.000000, 206.385095
100.000000, 201.238317
100.000000, 196.091539
100.000000, 190.944761
100.000000, 185.797983
100.000000, 180.651204
100.000000, 175.504426
100.000000, 170.357648
100.000000, 165.210870
100.000000, 160.064092
100.000000, 154.917314
100.000000, 149.770535
100.000000, 144.623757
100.000000, 139.476979
100.000000, 134.330201
100.000000, 129.183423
100.000000, 124.036645
100.000000, 118.889866
100.000000, 113.743088
100.000000, 108.596310
100.000000, 103.449532
100.000000, 98.302754
100.000000, 93.155976
100.000000, 88.009197
100.000000, 82.862419
100.000000, 77.715641
100.000000, 72.568863
100.000000, 67.422085
100.000000, 62.275307
100.000000, 57.128529
100.000000, 51.981750
100.000000, 46.834972
100.000000, 41.688194
100.000000, 36.541416
100.000000, 31.394638
100.000000, 26.247860
100.000000, 21.101081
100.000000, 15.954303
100.000000, 10.807525
100.000000, 5.660747
100.000000, 0.513969
100.000000, 355.367191
100.000000, 350.220412
100.000000, 345.073634
100.000000, 339.926856
100.000000, 334.780078
100.000000, 329.633300
100.000000, 324.486522
100.000000, 319.339743
100.000000, 314.192965
100.000000, 309.046187
100.000000, 303.899409
100.000000, 298.752631
100.000000, 293.605853
100.000000, 288.459075
100.000000, 283.312296
100.000000, 278.165518
100.000000, 273.018740
100.000000, 267.871962
100.000000, 262.725184
100.000000, 257.578406
100.000000, 252.431627
100.000000, 247.284849
100.000000, 242.138071
100.000000, 236.991293
100.000000, 231.844515
100.000000, 226.697737
100.000000, 221.550958
100.000000, 216.404180
100.000000, 211.257402
100.000000, 206.110624
100.000000, 200.963846
100.000000, 195.817068
100.000000, 190.670289
100.000000, 185.523511
100.000000, 180.376733
100.000000, 175.229955
100.000000, 170.083177
100.000000, 164.936399
100.000000, 159.789621
100.000000, 154.642842
100.000000, 149.496064
100.000000, 144.349286
100.000000, 139.202508
100.000000, 134.055730
100.000000, 128.908952
100.000000, 123.762173
100.000000, 118.615395
100.000000, 113.468617
100.000000, 108.321839
100.000000, 103.175061
100.000000, 98.028283
100.000000, 92.881504
100.000000, 87.734726
100.000000, 82.587948
100.000000, 77.441170
100.000000, 72.294392
100.000000, 67.147614
100.000000, 62.000835
100.000000, 56.854057
100.000000, 51.707279
100.000000, 46.560501
100.000000, 41.413723
100.000000, 36.266945
100.000000, 31.120167
100.000000, 25.973388
100.000000, 20.826610
100.000000, 15.679832
100.000000, 10.533054
100.000000, 5.386276
100.000000, 0.239498
100.000000, 355.092719
100.000000, 349.945941
100.000000, 344.799163
100.000000, 339.652385
100.000000, 334.505607
100.000000, 329.358829
100.000000, 324.212050
100.000000, 319.065272
100.000000, 313.918494
100.000000, 308.771716
100.000000, 303.624938
100.000000, 298.478160
100.000000, 293.331381
100.000000, 288.184603
100.000000, 283.037825
100.000000, 277.891047
100.000000, 272.744269
100.000000, 267.597491
100.000000, 262.450713
100.000000, 257.303934
100.000000, 252.157156
100.000000, 247.010378
100.000000, 241.863600
100.000000, 236.716822
100.000000, 231.570044
100.000000, 226.423265
100.000000, 221.276487
100.000000, 216.129709
100.000000, 210.982931
100.000000, 205.836153
100.000000, 200.689375
100.000000, 195.542596
100.000000, 190.395818
100.000000, 185.249040
100.000000, 180.102262
100.000000, 174.955484
100.000000, 169.808706
100.000000, 164.661927
100.000000, 159.515149
100.000000, 154.368371
100.000000, 149.221593
100.000000, 144.074815
100.000000, 138.928037
100.000000, 133.781259
100.000000, 128.634480
100.000000, 123.487702
100.000000, 118.340924
100.000000, 113.194146
100.000000, 108.047368
100.000000, 102.900590
100.000000, 97.753811
100.000000, 92.607033
100.000000, 87.460255
100.000000, 82.313477
100.000000, 77.166699
100.000000, 72.019921
100.000000, 66.873142
100.000000, 61.726364
100.000000, 56.579586
100.000000, 51.432808
100.000000, 46.286030
100.000000, 41.139252
100.000000, 35.992473
100.000000, 30.845695
100.000000, 25.698917
100.000000, 20.552139
100.000000, 15.405361
100.000000, 10.258583
100.000000, 5.111805
100.000000, 359.965026
100.000000, 354.818248
100.000000, 349.671470
100.000000, 344.524692
100.000000, 339.377914
100.000000, 334.231136
100.000000, 329.084357
100.000000, 323.937579
100.000000, 318.790801
100.000000, 313.644023
100.000000, 308.497245
100.000000, 303.350467
100.000000, 298.203688
100.000000, 293.056910
100.000000, 287.910132
100.000000, 282.763354
100.000000, 277.616576
100.000000, 272.469798
100.000000, 267.323019
100.000000, 262.176241
100.000000, 257.029463
100.000000, 251.882685
100.000000, 246.735907
100.000000, 241.589129
100.000000, 236.442351
100.000000, 231.295572
100.000000, 226.148794
100.000000, 221.002016
100.000000, 215.855238
100.000000, 210.708460
100.000000, 205.561682
100.000000, 200.414903
100.000000, 195.268125
100.000000, 190.121347
100.000000, 184.974569
100.000000, 179.827791
100.000000, 174.681013
100.000000, 169.534234
100.000000, 164.387456
100.000000, 159.240678
100.000000, 154.093900
100.000000, 148.947122
100.000000, 143.800344
100.000000, 138.653565
100.000000, 133.506787
100.000000, 128.360009
100.000000, 123.213231
100.000000, 118.066453
100.000000, 112.919675
100.000000, 107.772897
100.000000, 102.626118
100.000000, 97.479340
100.000000, 92.332562
100.000000, 87.185784
100.000000, 82.039006
100.000000, 76.892228
100.000000, 71.745449
100.000000, 66.598671
100.000000, 61.451893
100.000000, 56.305115
100.000000, 51.158337
100.000000, 46.011559
100.000000, 40.864780
100.000000, 35.718002
100.000000, 30.571224
100.000000, 25.424446
100.000000, 20.277668
100.000000, 15.130890
100.000000, 9.984111
100.000000, 4.837333
100.000000, 359.690555
100.000000, 354.543777
100.000000, 349.396999
100.000000, 344.250221
100.000000, 339.103443
100.000000, 333.956664
100.000000, 328.809886
100.000000, 323.663108
100.000000, 318.516330
100.000000, 313.369552
100.000000, 308.222774
100.000000, 303.075995
100.000000, 297.929217
100.000000, 292.782439
100.000000, 287.635661
100.000000, 282.488883
100.000000, 277.342105
100.000000, 272.195326
100.000000, 267.048548
100.000000, 261.901770
100.000000, 256.754992
100.000000, 251.608214
100.000000, 246.461436
100.000000, 241.314657
100.000000, 236.167879
100.000000, 231.021101
100.000000, 225.874323
100.000000, 220.727545
100.000000, 215.580767
100.000000, 210.433989
100.000000, 205.287210
100.000000, 200.140432
100.000000, 194.993654
100.000000, 189.846876
100.000000, 184.700098
100.000000, 179.553320
100.000000, 174.406541
100.000000, 169.259763
100.000000, 164.112985
100.000000, 158.966207
100.000000, 153.819429
100.000000, 148.672651
100.000000, 143.525872
100.000000, 138.379094
100.000000, 133.232316
100.000000, 128.085538
100.000000, 122.938760
100.000000, 117.791982
100.000000, 112.645203
100.000000, 107.498425
100.000000, 102.351647
100.000000, 97.204869
100.000000, 92.058091
100.000000, 86.911313
100.000000, 81.764535
100.000000, 76.617756
100.000000, 71.470978
100.000000, 66.324200
100.000000, 61.177422
100.000000, 56.030644
100.000000, 50.883866
100.000000, 45.737087
100.000000, 40.590309
100.000000, 35.443531
100.000000, 30.296753
100.000000, 25.149975
100.000000, 20.003197
100.000000, 14.856418
100.000000, 9.709640
100.000000, 4.562862
100.000000, 359.416084
100.000000, 354.269306
100.000000, 349.122528
100.000000, 343.975749
100.000000, 338.828971
100.000000, 333.682193
100.000000, 328.535415
100.000000, 323.388637
100.000000, 318.241859
100.000000, 313.095081
100.000000, 307.948302
100.000000, 302.801524
100.000000, 297.654746
100.000000, 292.507968
100.000000, 287.361190
100.000000, 282.214412
100.000000, 277.067633
100.000000, 271.920855
100.000000, 266.774077
100.000000, 261.627299
100.000000, 256.480521
100.000000, 251.333743
100.000000, 246.186964
100.000000, 241.040186
100.000000, 235.893408
100.000000, 230.746630
100.000000, 225.599852
100.000000, 220.453074
100.000000, 215.306295
100.000000, 210.159517
100.000000, 205.012739
100.000000, 199.865961
100.000000, 194.719183
100.000000, 189.572405
100.000000, 184.425627
100.000000, 179.278848
100.000000, 174.132070
100.000000, 168.985292
100.000000, 163.838514
100.000000, 158.691736
100.000000, 153.544958
100.000000, 148.398179
100.000000, 143.251401
100.000000, 138.104623
100.000000, 132.957845
100.000000, 127.811067
100.000000, 122.664289
100.000000, 117.517510
100.000000, 112.370732
100.000000, 107.223954
100.000000, 102.077176
100.000000, 96.930398
100.000000, 91.783620
100.000000, 86.636841
100.000000, 81.490063
100.000000, 76.343285
100.000000, 71.196507
100.000000, 66.049729
100.000000, 60.902951
100.000000, 55.756173
100.000000, 50.609394
100.000000, 45.462616
100.000000, 40.315838
100.000000, 35.169060
100.000000, 30.022282
100.000000, 24.875504
100.000000, 19.728725
100.000000, 14.581947
100.000000, 9.435169
100.000000, 4.288391
100.000000, 359.141613
100.000000, 353.994835
100.000000, 348.848056
100.000000, 343.701278
100.000000, 338.554500
100.000000, 333.407722
100.000000, 328.260944
100.000000, 323.114166
100.000000, 317.967387
100.000000, 312.820609
100.000000, 307.673831
100.000000, 302.527053
100.000000, 297.380275
100.000000, 292.233497
100.000000, 287.086719
100.000000, 281.939940
100.000000, 276.793162
100.000000, 271.646384
100.000000, 266.499606
100.000000, 261.352828
100.000000, 256.206050
100.000000, 251.059271
100.000000, 245.912493
100.000000, 240.765715
100.000000, 235.618937
100.000000, 230.472159
100.000000, 225.325381
100.000000, 220.178602
100.000000, 215.031824
100.000000, 209.885046
100.000000, 204.738268
100.000000, 199.591490
100.000000, 194.444712
100.000000, 189.297933
100.000000, 184.151155
100.000000, 179.004377
100.000000, 173.857599
100.000000, 168.710821
100.000000, 163.564043
100.000000, 158.417265
100.000000, 153.270486
100.000000, 148.123708
100.000000, 142.976930
100.000000, 137.830152
100.000000, 132.683374
100.000000, 127.536596
100.000000, 122.389817
100.000000, 117.243039
100.000000, 112.096261
100.000000, 106.949483
100.000000, 101.802705
100.000000, 96.655927
100.000000, 91.509148
100.000000, 86.362370
100.000000, 81.215592
100.000000, 76.068814
100.000000, 70.922036
100.000000, 65.775258
100.000000, 60.628479
100.000000, 55.481701
100.000000, 50.334923
100.000000, 45.188145
100.000000, 40.041367
100.000000, 34.894589
100.000000, 29.747811
100.000000, 24.601032
100.000000, 19.454254
100.000000, 14.307476
100.000000, 9.160698
100.000000, 4.013920
100.000000, 358.867142
100.000000, 353.720363
100.000000, 348.573585
100.000000, 343.426807
100.000000, 338.280029
100.000000, 333.133251
100.000000, 327.986473
100.000000, 322.839694
100.000000, 317.692916
100.000000, 312.546138
100.000000, 307.399360
100.000000, 302.252582
100.000000, 297.105804
100.000000, 291.959025
100.000000, 286.812247
100.000000, 281.665469
100.000000, 276.518691
100.000000, 271.371913
100.000000, 266.225135
100.000000, 261.078357
100.000000, 255.931578
100.000000, 250.784800
100.000000, 245.638022
100.000000, 240.491244
100.000000, 235.344466
100.000000, 230.197688
100.000000, 225.050909
100.000000, 219.904131
100.000000, 214.757353
100.000000, 209.610575
100.000000, 204.463797
100.000000, 199.317019
100.000000, 194.170240
100.000000, 189.023462
100.000000, 183.876684
100.000000, 178.729906
100.000000, 173.583128
100.000000, 168.436350
100.000000, 163.289571
100.000000, 158.142793
100.000000, 152.996015
100.000000, 147.849237
100.000000, 142.702459
100.000000, 137.555681
100.000000, 132.408903
100.000000, 127.262124
100.000000, 122.115346
100.000000, 116.968568
100.000000, 111.821790
100.000000, 106.675012
100.000000, 101.528234
100.000000, 96.381455
100.000000, 91.234677
100.000000, 86.087899
100.000000, 80.941121
100.000000, 75.794343
100.000000, 70.647565
100.000000, 65.500786
100.000000, 60.354008
100.000000, 55.207230
100.000000, 50.060452
100.000000, 44.913674
100.000000, 39.766896
100.000000, 34.620117
100.000000, 29.473339
100.000000, 24.326561
100.000000, 19.179783
100.000000, 14.033005
100.000000, 8.886227
100.000000, 3.739449
100.000000, 358.592670
100.000000, 353.445892
100.000000, 348.299114
100.000000, 343.152336
100.000000, 338.005558
100.000000, 332.858780
100.000000, 327.712001
100.000000, 322.565223
100.000000, 317.418445
100.000000, 312.271667
100.000000, 307.124889
100.000000, 301.978111
100.000000, 296.831332
100.000000, 291.684554
100.000000, 286.537776
100.000000, 281.390998
100.000000, 276.244220
100.000000, 271.097442
100.000000, 265.950663
100.000000, 260.803885
100.000000, 255.657107
100.000000, 250.510329
100.000000, 245.363551
100.000000, 240.216773
100.000000, 235.069995
100.000000, 229.923216
100.000000, 224.776438
100.000000, 219.629660
100.000000, 214.482882
100.000000, 209.336104
100.000000, 204.189326
100.000000, 199.042547
100.000000, 193.895769
100.000000, 188.748991
100.000000, 183.602213
100.000000, 178.455435
100.000000, 173.308657
100.000000, 168.161878
100.000000, 163.015100
100.000000, 157.868322
100.000000, 152.721544
100.000000, 147.574766
100.000000, 142.427988
100.000000, 137.281209
100.000000, 132.134431
100.000000, 126.987653
100.000000, 121.840875
100.000000, 116.694097
100.000000, 111.547319
100.000000, 106.400541
100.000000, 101.253762
100.000000, 96.106984
100.000000, 90.960206
100.000000, 85.813428
100.000000, 80.666650
100.000000, 75.519872
100.000000, 70.373093
100.000000, 65.226315
100.000000, 60.079537
100.000000, 54.932759
100.000000, 49.785981
100.000000, 44.639203
100.000000, 39.492424
100.000000, 34.345646
100.000000, 29.198868
100.000000, 24.052090
100.000000, 18.905312
100.000000, 13.758534
100.000000, 8.611755
100.000000, 3.464977
100.000000, 358.318199
100.000000, 353.171421
100.000000, 348.024643
100.000000, 342.877865
100.000000, 337.731087
100.000000, 332.584308
100.000000, 327.437530
100.000000, 322.290752
100.000000, 317.143974
100.000000, 311.997196
100.000000, 306.850418
100.000000, 301.703639
100.000000, 296.556861
100.000000, 291.410083
100.000000, 286.263305
100.000000, 281.116527
100.000000, 275.969749
100.000000, 270.822970
100.000000, 265.676192
100.000000, 260.529414
100.000000, 255.382636
100.000000, 250.235858
100.000000, 245.089080
100.000000, 239.942301
100.000000, 234.795523
100.000000, 229.648745
100.000000, 224.501967
100.000000, 219.355189
100.000000, 214.208411
100.000000, 209.061633
100.000000, 203.914854
100.000000, 198.768076
100.000000, 193.621298
100.000000, 188.474520
100.000000, 183.327742
100.000000, 178.180964
100.000000, 173.034185
100.000000, 167.887407
100.000000, 162.740629
100.000000, 157.593851
100.000000, 152.447073
100.000000, 147.300295
100.000000, 142.153516
100.000000, 137.006738
100.000000, 131.859960
100.000000, 126.713182
100.000000, 121.566404
100.000000, 116.419626
100.000000, 111.272847
100.000000, 106.126069
100.000000, 100.979291
100.000000, 95.832513
100.000000, 90.685735
100.000000, 85.538957
100.000000, 80.392179
100.000000, 75.245400
100.000000, 70.098622
100.000000, 64.951844
100.000000, 59.805066
100.000000, 54.658288
100.000000, 49.511510
100.000000, 44.364731
100.000000, 39.217953
100.000000, 34.071175
100.000000, 28.924397
100.000000, 23.777619
100.000000, 18.630841
100.000000, 13.484062
100.000000, 8.337284
100.000000, 3.190506
100.000000, 358.043728
100.000000, 352.896950
100.000000, 347.750172
100.000000, 342.603393
100.000000, 337.456615
100.000000, 332.309837
100.000000, 327.163059
100.000000, 322.016281
100.000000, 316.869503
100.000000, 311.722725
100.000000, 306.575946
100.000000, 301.429168
100.000000, 296.282390
100.000000, 291.135612
100.000000, 285.988834
100.000000, 280.842056
100.000000, 275.695277
100.000000, 270.548499
100.000000, 265.401721
100.000000, 260.254943
100.000000, 255.108165
100.000000, 249.961387
100.000000, 244.814608
100.000000, 239.667830
100.000000, 234.521052
100.000000, 229.374274
100.000000, 224.227496
100.000000, 219.080718
100.000000, 213.933939
100.000000, 208.787161
100.000000, 203.640383
100.000000, 198.493605
100.000000, 193.346827
100.000000, 188.200049
100.000000, 183.053271
100.000000, 177.906492
100.000000, 172.759714
100.000000, 167.612936
100.000000, 162.466158
100.000000, 157.319380
100.000000, 152.172602
100.000000, 147.025823
100.000000, 141.879045
100.000000, 136.732267
100.000000, 131.585489
100.000000, 126.438711
100.000000, 121.291933
100.000000, 116.145154
100.000000, 110.998376
100.000000, 105.851598
100.000000, 100.704820
100.000000, 95.558042
100.000000, 90.411264
100.000000, 85.264485
100.000000, 80.117707
100.000000, 74.970929
100.000000, 69.824151
100.000000, 64.677373
100.000000, 59.530595
100.000000, 54.383817
100.000000, 49.237038
100.000000, 44.090260
100.000000, 38.943482
100.000000, 33.796704
100.000000, 28.649926
100.000000, 23.503148
100.000000, 18.356369
100.000000, 13.209591
100.000000, 8.062813
100.000000, 2.916035
100.000000, 357.769257
100.000000, 352.622479
100.000000, 347.475700
100.000000, 342.328922
100.000000, 337.182144
100.000000, 332.035366
100.000000, 326.888588
100.000000, 321.741810
100.000000, 316.595031
100.000000, 311.448253
100.000000, 306.301475
100.000000, 301.154697
100.000000, 296.007919
100.000000, 290.861141
100.000000, 285.714363
100.000000, 280.567584
100.000000, 275.420806
100.000000, 270.274028
100.000000, 265.127250
100.000000, 259.980472
100.000000, 254.833694
100.000000, 249.686915
100.000000, 244.540137
100.000000, 239.393359
100.000000, 234.246581
100.000000, 229.099803
100.000000, 223.953025
100.000000, 218.806246
100.000000, 213.659468
100.000000, 208.512690
100.000000, 203.365912
100.000000, 198.219134
100.000000, 193.072356
100.000000, 187.925577
100.000000, 182.778799
100.000000, 177.632021
100.000000, 172.485243
100.000000, 167.338465
100.000000, 162.191687
100.000000, 157.044909
100.000000, 151.898130
100.000000, 146.751352
100.000000, 141.604574
100.000000, 136.457796
100.000000, 131.311018
100.000000, 126.164240
100.000000, 121.017461
100.000000, 115.870683
100.000000, 110.723905
100.000000, 105.577127
100.000000, 100.430349
100.000000, 95.283571
100.000000, 90.136792
100.000000, 84.990014
100.000000, 79.843236
100.000000, 74.696458
100.000000, 69.549680
100.000000, 64.402902
100.000000, 59.256123
100.000000, 54.109345
100.000000, 48.962567
100.000000, 43.815789
100.000000, 38.669011
100.000000, 33.522233
100.000000, 28.375455
100.000000, 23.228676
100.000000, 18.081898
100.000000, 12.935120
100.000000, 7.788342
100.000000, 2.641564
100.000000, 357.494786
100.000000, 352.348007
100.000000, 347.201229
100.000000, 342.054451
100.000000, 336.907673
100.000000, 331.760895
100.000000, 326.614117
100.000000, 321.467338
100.000000, 316.320560
100.000000, 311.173782
100.000000, 306.027004
100.000000, 300.880226
100.000000, 295.733448
100.000000, 290.586669
100.000000, 285.439891
100.000000, 280.293113
100.000000, 275.146335
100.000000, 269.999557
100.000000, 264.852779
100.000000, 259.706001
100.000000, 254.559222
100.000000, 249.412444
100.000000, 244.265666
100.000000, 239.118888
100.000000, 233.972110
100.000000, 228.825332
100.000000, 223.678553
100.000000, 218.531775
100.000000, 213.384997
100.000000, 208.238219
100.000000, 203.091441
100.000000, 197.944663
100.000000, 192.797884
100.000000, 187.651106
100.000000, 182.504328
100.000000, 177.357550
100.000000, 172.210772
100.000000, 167.063994
100.000000, 161.917215
100.000000, 156.770437
100.000000, 151.623659
100.000000, 146.476881
100.000000, 141.330103
100.000000, 136.183325
100.000000, 131.036547
100.000000, 125.889768
100.000000, 120.742990
100.000000, 115.596212
100.000000, 110.449434
100.000000, 105.302656
100.000000, 100.155878
100.000000, 95.009099
100.000000, 89.862321
100.000000, 84.715543
100.000000, 79.568765
100.000000, 74.421987
100.000000, 69.275209
100.000000, 64.128430
100.000000, 58.981652
100.000000, 53.834874
100.000000, 48.688096
100.000000, 43.541318
100.000000, 38.394540
100.000000, 33.247761
100.000000, 28.100983
100.000000, 22.954205
100.000000, 17.807427
100.000000, 12.660649
100.000000, 7.513871
100.000000, 2.367093
100.000000, 357.220314
100.000000, 352.073536
100.000000, 346.926758
100.000000, 341.779980
100.000000, 336.633202
100.000000, 331.486424
100.000000, 326.339645
100.000000, 321.192867
100.000000, 316.046089
100.000000, 310.899311
100.000000, 305.752533
100.000000, 300.605755
100.000000, 295.458976
100.000000, 290.312198
100.000000, 285.165420
100.000000, 280.018642
100.000000, 274.871864
100.000000, 269.725086
100.000000, 264.578307
100.000000, 259.431529
100.000000, 254.284751
100.000000, 249.137973
100.000000, 243.991195
100.000000, 238.844417
100.000000, 233.697639
100.000000, 228.550860
100.000000, 223.404082
100.000000, 218.257304
100.000000, 213.110526
100.000000, 207.963748
100.000000, 202.816970
100.000000, 197.670191
100.000000, 192.523413
100.000000, 187.376635
100.000000, 182.229857
100.000000, 177.083079
100.000000, 171.936301
100.000000, 166.789522
100.000000, 161.642744
100.000000, 156.495966
100.000000, 151.349188
100.000000, 146.202410
100.000000, 141.055632
100.000000, 135.908853
100.000000, 130.762075
100.000000, 125.615297
100.000000, 120.468519
100.000000, 115.321741
100.000000, 110.174963
100.000000, 105.028185
100.000000, 99.881406
100.000000, 94.734628
100.000000, 89.587850
100.000000, 84.441072
100.000000, 79.294294
100.000000, 74.147516
100.000000, 69.000737
100.000000, 63.853959
100.000000, 58.707181
100.000000, 53.560403
100.000000, 48.413625
100.000000, 43.266847
100.000000, 38.120068
100.000000, 32.973290
100.000000, 27.826512
100.000000, 22.679734
100.000000, 17.532956
100.000000, 12.386178
100.000000, 7.239399
100.000000, 2.092621
100.000000, 356.945843
100.000000, 351.799065
100.000000, 346.652287
100.000000, 341.505509
100.000000, 336.358731
100.000000, 331.211952
100.000000, 326.065174
100.000000, 320.918396
100.000000, 315.771618
100.000000, 310.624840
100.000000, 305.478062
100.000000, 300.331283
100.000000, 295.184505
100.000000, 290.037727
100.000000, 284.890949
100.000000, 279.744171
100.000000, 274.597393
100.000000, 269.450614
100.000000, 264.303836
100.000000, 259.157058
100.000000, 254.010280
100.000000, 248.863502
100.000000, 243.716724
100.000000, 238.569945
100.000000, 233.423167
100.000000, 228.276389
100.000000, 223.129611
100.000000, 217.982833
100.000000, 212.836055
100.000000, 207.689277
100.000000, 202.542498
100.000000, 197.395720
100.000000, 192.248942
100.000000, 187.102164
100.000000, 181.955386
100.000000, 176.808608
100.000000, 171.661829
100.000000, 166.515051
100.000000, 161.368273
100.000000, 156.221495
100.000000, 151.074717
100.000000, 145.927939
100.000000, 140.781160
100.000000, 135.634382
100.000000, 130.487604
100.000000, 125.340826
100.000000, 120.194048
100.000000, 115.047270
100.000000, 109.900491
100.000000, 104.753713
100.000000, 99.606935
100.000000, 94.460157
100.000000, 89.313379
100.000000, 84.166601
100.000000, 79.019823
100.000000, 73.873044
100.000000, 68.726266
100.000000, 63.579488
100.000000, 58.432710
100.000000, 53.285932
100.000000, 48.139154
100.000000, 42.992375
100.000000, 37.845597
100.000000, 32.698819
100.000000, 27.552041
100.000000, 22.405263
100.000000, 17.258485
100.000000, 12.111706
100.000000, 6.964928
100.000000, 1.818150
100.000000, 356.671372
100.000000, 351.524594
100.000000, 346.377816
100.000000, 341.231037
100.000000, 336.084259
100.000000, 330.937481
100.000000, 325.790703
100.000000, 320.643925
100.000000, 315.497147
100.000000, 310.350369
100.000000, 305.203590
100.000000, 300.056812
100.000000, 294.910034
100.000000, 289.763256
100.000000, 284.616478
100.000000, 279.469700
100.000000, 274.322921
100.000000, 269.176143
100.000000, 264.029365
100.000000, 258.882587
100.000000, 253.735809
100.000000, 248.589031
100.000000, 243.442252
100.000000, 238.295474
100.000000, 233.148696
100.000000, 228.001918
100.000000, 222.855140
100.000000, 217.708362
100.000000, 212.561583
100.000000, 207.414805
100.000000, 202.268027
100.000000, 197.121249
100.000000, 191.974471
100.000000, 186.827693
100.000000, 181.680915
100.000000, 176.534136
100.000000, 171.387358
100.000000, 166.240580
100.000000, 161.093802
100.000000, 155.947024
100.000000, 150.800246
100.000000, 145.653467
100.000000, 140.506689
100.000000, 135.359911
100.000000, 130.213133
100.000000, 125.066355
100.000000, 119.919577
100.000000, 114.772798
100.000000, 109.626020
100.000000, 104.479242
100.000000, 99.332464
100.000000, 94.185686
100.000000, 89.038908
100.000000, 83.892129
100.000000, 78.745351
100.000000, 73.598573
100.000000, 68.451795
100.000000, 63.305017
100.000000, 58.158239
100.000000, 53.011461
100.000000, 47.864682
100.000000, 42.717904
100.000000, 37.571126
100.000000, 32.424348
100.000000, 27.277570
100.000000, 22.130792
100.000000, 16.984013
100.000000, 11.837235
100.000000, 6.690457
100.000000, 1.543679
100.000000, 356.396901
100.000000, 351.250123
100.000000, 346.103344
100.000000, 340.956566
100.000000, 335.809788
100.000000, 330.663010
100.000000, 325.516232
100.000000, 320.369454
100.000000, 315.222675
100.000000, 310.075897
100.000000, 304.929119
100.000000, 299.782341
100.000000, 294.635563
100.000000, 289.488785
100.000000, 284.342007
100.000000, 279.195228
100.000000, 274.048450
100.000000, 268.901672
100.000000, 263.754894
100.000000, 258.608116
100.000000, 253.461338
100.000000, 248.314559
100.000000, 243.167781
100.000000, 238.021003
100.000000, 232.874225
100.000000, 227.727447
100.000000, 222.580669
100.000000, 217.433890
100.000000, 212.287112
100.000000, 207.140334
100.000000, 201.993556
100.000000, 196.846778
100.000000, 191.700000
100.000000, 186.553221
100.000000, 181.406443
100.000000, 176.259665
100.000000, 171.112887
100.000000, 165.966109
100.000000, 160.819331
100.000000, 155.672553
100.000000, 150.525774
100.000000, 145.378996
100.000000, 140.232218
100.000000, 135.085440
100.000000, 129.938662
100.000000, 124.791884
100.000000, 119.645105
100.000000, 114.498327
100.000000, 109.351549
100.000000, 104.204771
100.000000, 99.057993
100.000000, 93.911215
100.000000, 88.764436
100.000000, 83.617658
100.000000, 78.470880
100.000000, 73.324102
100.000000, 68.177324
100.000000, 63.030546
100.000000, 57.883767
100.000000, 52.736989
100.000000, 47.590211
100.000000, 42.443433
100.000000, 37.296655
100.000000, 32.149877
100.000000, 27.003099
100.000000, 21.856320
100.000000, 16.709542
100.000000, 11.562764
100.000000, 6.415986
100.000000, 1.269208
100.000000, 356.122430
100.000000, 350.975651
100.000000, 345.828873
100.000000, 340.682095
100.000000, 335.535317
100.000000, 330.388539
100.000000, 325.241761
100.000000, 320.094982
100.000000, 314.948204
100.000000, 309.801426
100.000000, 304.654648
100.000000, 299.507870
100.000000, 294.361092
100.000000, 289.214313
100.000000, 284.067535
100.000000, 278.920757
100.000000, 273.773979
100.000000, 268.627201
100.000000, 263.480423
100.000000, 258.333645
100.000000, 253.186866
100.000000, 248.040088
100.000000, 242.893310
100.000000, 237.746532
100.000000, 232.599754
100.000000, 227.452976
100.000000, 222.306197
100.000000, 217.159419
100.000000, 212.012641
100.000000, 206.865863
100.000000, 201.719085
100.000000, 196.572307
100.000000, 191.425528
100.000000, 186.278750
100.000000, 181.131972
100.000000, 175.985194
100.000000, 170.838416
100.000000, 165.691638
100.000000, 160.544859
100.000000, 155.398081
100.000000, 150.251303
100.000000, 145.104525
100.000000, 139.957747
100.000000, 134.810969
100.000000, 129.664191
100.000000, 124.517412
100.000000, 119.370634
100.000000, 114.223856
100.000000, 109.077078
100.000000, 103.930300
100.000000, 98.783522
100.000000, 93.636743
100.000000, 88.489965
100.000000, 83.343187
100.000000, 78.196409
100.000000, 73.049631
100.000000, 67.902853
100.000000, 62.756074
100.000000, 57.609296
100.000000, 52.462518
100.000000, 47.315740
100.000000, 42.168962
100.000000, 37.022184
100.000000, 31.875405
100.000000, 26.728627
100.000000, 21.581849
100.000000, 16.435071
100.000000, 11.288293
100.000000, 6.141515
100.000000, 0.994737
100.000000, 355.847958
100.000000, 350.701180
100.000000, 345.554402
100.000000, 340.407624
100.000000, 335.260846
100.000000, 330.114068
100.000000, 324.967289
100.000000, 319.820511
100.000000, 314.673733
100.000000, 309.526955
100.000000, 304.380177
100.000000, 299.233399
100.000000, 294.086620
100.000000, 288.939842
100.000000, 283.793064
100.000000, 278.646286
100.000000, 273.499508
100.000000, 268.352730
100.000000, 263.205951
100.000000, 258.059173
100.000000, 252.912395
100.000000, 247.765617
100.000000, 242.618839
100.000000, 237.472061
100.000000, 232.325283
100.000000, 227.178504
100.000000, 222.031726
100.000000, 216.884948
100.000000, 211.738170
100.000000, 206.591392
100.000000, 201.444614
100.000000, 196.297835
100.000000, 191.151057
100.000000, 186.004279
100.000000, 180.857501
100.000000, 175.710723
100.000000, 170.563945
100.000000, 165.417166
100.000000, 160.270388
100.000000, 155.123610
100.000000, 149.976832
100.000000, 144.830054
100.000000, 139.683276
100.000000, 134.536497
100.000000, 129.389719
100.000000, 124.242941
100.000000, 119.096163
100.000000, 113.949385
100.000000, 108.802607
100.000000, 103.655829
100.000000, 98.509050
100.000000, 93.362272
100.000000, 88.215494
100.000000, 83.068716
100.000000, 77.921938
100.000000, 72.775160
100.000000, 67.628381
100.000000, 62.481603
100.000000, 57.334825
100.000000, 52.188047
100.000000, 47.041269
100.000000, 41.894491
100.000000, 36.747712
100.000000, 31.600934
100.000000, 26.454156
100.000000, 21.307378
100.000000, 16.160600
100.000000, 11.013822
100.000000, 5.867043
100.000000, 0.720265
100.000000, 355.573487
100.000000, 350.426709
100.000000, 345.279931
100.000000, 340.133153
100.000000, 334.986375
100.000000, 329.839596
100.000000, 324.692818
100.000000, 319.546040
100.000000, 314.399262
100.000000, 309.252484
100.000000, 304.105706
100.000000, 298.958927
100.000000, 293.812149
100.000000, 288.665371
100.000000, 283.518593
100.000000, 278.371815
100.000000, 273.225037
100.000000, 268.078258
100.000000, 262.931480
100.000000, 257.784702
100.000000, 252.637924
100.000000, 247.491146
100.000000, 242.344368
100.000000, 237.197589
100.000000, 232.050811
100.000000, 226.904033
100.000000, 221.757255
100.000000, 216.610477
100.000000, 211.463699
100.000000, 206.316921
100.000000, 201.170142
100.000000, 196.023364
100.000000, 190.876586
100.000000, 185.729808
100.000000, 180.583030
100.000000, 175.436252
100.000000, 170.289473
100.000000, 165.142695
100.000000, 159.995917
100.000000, 154.849139
100.000000, 149.702361
100.000000, 144.555583
100.000000, 139.408804
100.000000, 134.262026
100.000000, 129.115248
100.000000, 123.968470
100.000000, 118.821692
100.000000, 113.674914
100.000000, 108.528135
100.000000, 103.381357
100.000000, 98.234579
100.000000, 93.087801
100.000000, 87.941023
100.000000, 82.794245
100.000000, 77.647467
100.000000, 72.500688
100.000000, 67.353910
100.000000, 62.207132
100.000000, 57.060354
100.000000, 51.913576
100.000000, 46.766798
100.000000, 41.620019
100.000000, 36.473241
100.000000, 31.326463
100.000000, 26.179685
100.000000, 21.032907
100.000000, 15.886129
100.000000, 10.739350
100.000000, 5.592572
100.000000, 0.445794
100.000000, 355.299016
100.000000, 350.152238
100.000000, 345.005460
100.000000, 339.858681
100.000000, 334.711903
100.000000, 329.565125
100.000000, 324.418347
100.000000, 319.271569
100.000000, 314.124791
100.000000, 308.978013
100.000000, 303.831234
100.000000, 298.684456
100.000000, 293.537678
100.000000, 288.390900
100.000000, 283.244122
100.000000, 278.097344
100.000000, 272.950565
100.000000, 267.803787
100.000000, 262.657009
100.000000, 257.510231
100.000000, 252.363453
100.000000, 247.216675
100.000000, 242.069896
100.000000, 236.923118
100.000000, 231.776340
100.000000, 226.629562
100.000000, 221.482784
100.000000, 216.336006
100.000000, 211.189227
100.000000, 206.042449
100.000000, 200.895671
100.000000, 195.748893
100.000000, 190.602115
100.000000, 185.455337
100.000000, 180.308559
100.000000, 175.161780
100.000000, 170.015002
100.000000, 164.868224
100.000000, 159.721446
100.000000, 154.574668
100.000000, 149.427890
100.000000, 144.281111
100.000000, 139.134333
100.000000, 133.987555
100.000000, 128.840777
100.000000, 123.693999
100.000000, 118.547221
100.000000, 113.400442
100.000000, 108.253664
100.000000, 103.106886
100.000000, 97.960108
100.000000, 92.813330
100.000000, 87.666552
100.000000, 82.519773
100.000000, 77.372995
100.000000, 72.226217
100.000000, 67.079439
100.000000, 61.932661
100.000000, 56.785883
100.000000, 51.639105
100.000000, 46.492326
100.000000, 41.345548
100.000000, 36.198770
100.000000, 31.051992
100.000000, 25.905214
100.000000, 20.758436
100.000000, 15.611657
100.000000, 10.464879
100.000000, 5.318101
100.000000, 0.171323
100.000000, 355.024545
100.000000, 349.877767
100.000000, 344.730988
100.000000, 339.584210
100.000000, 334.437432
100.000000, 329.290654
100.000000, 324.143876
100.000000, 318.997098
100.000000, 313.850319
100.000000, 308.703541
100.000000, 303.556763
100.000000, 298.409985
100.000000, 293.263207
100.000000, 288.116429
100.000000, 282.969651
100.000000, 277.822872
100.000000, 272.676094
100.000000, 267.529316
100.000000, 262.382538
100.000000, 257.235760
100.000000, 252.088982
100.000000, 246.942203
100.000000, 241.795425
100.000000, 236.648647
100.000000, 231.501869
100.000000, 226.355091
100.000000, 221.208313
100.000000, 216.061534
100.000000, 210.914756
100.000000, 205.767978
100.000000, 200.621200
100.000000, 195.474422
100.000000, 190.327644
100.000000, 185.180865
100.000000, 180.034087
100.000000, 174.887309
100.000000, 169.740531
100.000000, 164.593753
100.000000, 159.446975
100.000000, 154.300197
100.000000, 149.153418
100.000000, 144.006640
100.000000, 138.859862
100.000000, 133.713084
100.000000, 128.566306
100.000000, 123.419528
100.000000, 118.272749
100.000000, 113.125971
100.000000, 107.979193
100.000000, 102.832415
100.000000, 97.685637
100.000000, 92.538859
100.000000, 87.392080
100.000000, 82.245302
100.000000, 77.098524
100.000000, 71.951746
100.000000, 66.804968
100.000000, 61.658190
100.000000, 56.511411
100.000000, 51.364633
100.000000, 46.217855
100.000000, 41.071077
100.000000, 35.924299
100.000000, 30.777521
100.000000, 25.630743
100.000000, 20.483964
100.000000, 15.337186
100.000000, 10.190408
100.000000, 5.043630
100.000000, 359.896852
100.000000, 354.750074
100.000000, 349.603295
100.000000, 344.456517
100.000000, 339.309739
100.000000, 334.162961
100.000000, 329.016183
100.000000, 323.869405
100.000000, 318.722626
100.000000, 313.575848
100.000000, 308.429070
100.000000, 303.282292
100.000000, 298.135514
100.000000, 292.988736
100.000000, 287.841957
100.000000, 282.695179
100.000000, 277.548401
100.000000, 272.401623
100.000000, 267.254845
100.000000, 262.108067
100.000000, 256.961289
100.000000, 251.814510
100.000000, 246.667732
100.000000, 241.520954
100.000000, 236.374176
100.000000, 231.227398
100.000000, 226.080620
100.000000, 220.933841
100.000000, 215.787063
100.000000, 210.640285
100.000000, 205.493507
100.000000, 200.346729
100.000000, 195.199951
100.000000, 190.053172
100.000000, 184.906394
100.000000, 179.759616
100.000000, 174.612838
100.000000, 169.466060
100.000000, 164.319282
100.000000, 159.172503
100.000000, 154.025725
100.000000, 148.878947
100.000000, 143.732169
100.000000, 138.585391
100.000000, 133.438613
100.000000, 128.291835
100.000000, 123.145056
100.000000, 117.998278
100.000000, 112.851500
100.000000, 107.704722
100.000000, 102.557944
100.000000, 97.411166
100.000000, 92.264387
100.000000, 87.117609
100.000000, 81.970831
100.000000, 76.824053
100.000000, 71.677275
100.000000, 66.530497
100.000000, 61.383718
100.000000, 56.236940
100.000000, 51.090162
100.000000, 45.943384
100.000000, 40.796606
100.000000, 35.649828
100.000000, 30.503049
100.000000, 25.356271
100.000000, 20.209493
100.000000, 15.062715
100.000000, 9.915937
100.000000, 4.769159
100.000000, 359.622381
100.000000, 354.475602
100.000000, 349.328824
100.000000, 344.182046
100.000000, 339.035268
100.000000, 333.888490
100.000000, 328.741712
100.000000, 323.594933
100.000000, 318.448155
100.000000, 313.301377
100.000000, 308.154599
100.000000, 303.007821
100.000000, 297.861043
100.000000, 292.714264
100.000000, 287.567486
100.000000, 282.420708
100.000000, 277.273930
100.000000, 272.127152
100.000000, 266.980374
100.000000, 261.833595
100.000000, 256.686817
100.000000, 251.540039
100.000000, 246.393261
100.000000, 241.246483
100.000000, 236.099705
100.000000, 230.952927
100.000000, 225.806148
100.000000, 220.659370
100.000000, 215.512592
100.000000, 210.365814
100.000000, 205.219036
100.000000, 200.072258
100.000000, 194.925479
100.000000, 189.778701
100.000000, 184.631923
100.000000, 179.485145
100.000000, 174.338367
100.000000, 169.191589
100.000000, 164.044810
100.000000, 158.898032
100.000000, 153.751254
100.000000, 148.604476
100.000000, 143.457698
100.000000, 138.310920
100.000000, 133.164141
100.000000, 128.017363
100.000000, 122.870585
100.000000, 117.723807
100.000000, 112.577029
100.000000, 107.430251
100.000000, 102.283473
100.000000, 97.136694
100.000000, 91.989916
100.000000, 86.843138
100.000000, 81.696360
100.000000, 76.549582
100.000000, 71.402804
100.000000, 66.256025
100.000000, 61.109247
100.000000, 55.962469
100.000000, 50.815691
100.000000, 45.668913
100.000000, 40.522135
100.000000, 35.375356
100.000000, 30.228578
100.000000, 25.081800
100.000000, 19.935022
100.000000, 14.788244
100.000000, 9.641466
100.000000, 4.494687
100.000000, 359.347909
100.000000, 354.201131
100.000000, 349.054353
100.000000, 343.907575
100.000000, 338.760797
100.000000, 333.614019
100.000000, 328.467240
100.000000, 323.320462
100.000000, 318.173684
100.000000, 313.026906
100.000000, 307.880128
100.000000, 302.733350
100.000000, 297.586571
100.000000, 292.439793
100.000000, 287.293015
100.000000, 282.146237
100.000000, 276.999459
100.000000, 271.852681
100.000000, 266.705902
100.000000, 261.559124
100.000000, 256.412346
100.000000, 251.265568
100.000000, 246.118790
100.000000, 240.972012
100.000000, 235.825233
100.000000, 230.678455
100.000000, 225.531677
100.000000, 220.384899
100.000000, 215.238121
100.000000, 210.091343
100.000000, 204.944565
100.000000, 199.797786
100.000000, 194.651008
100.000000, 189.504230
100.000000, 184.357452
100.000000, 179.210674
100.000000, 174.063896
100.000000, 168.917117
100.000000, 163.770339
100.000000, 158.623561
100.000000, 153.476783
100.000000, 148.330005
100.000000, 143.183227
100.000000, 138.036448
100.000000, 132.889670
100.000000, 127.742892
100.000000, 122.596114
100.000000, 117.449336
100.000000, 112.302558
100.000000, 107.155779
100.000000, 102.009001
100.000000, 96.862223
100.000000, 91.715445
100.000000, 86.568667
100.000000, 81.421889
100.000000, 76.275111
100.000000, 71.128332
100.000000, 65.981554
100.000000, 60.834776
100.000000, 55.687998
100.000000, 50.541220
100.000000, 45.394442
100.000000, 40.247663
100.000000, 35.100885
100.000000, 29.954107
100.000000, 24.807329
100.000000, 19.660551
100.000000, 14.513773
100.000000, 9.366994
100.000000, 4.220216
100.000000, 359.073438
100.000000, 353.926660
100.000000, 348.779882
100.000000, 343.633104
100.000000, 338.486325
100.000000, 333.339547
100.000000, 328.192769
100.000000, 323.045991
100.000000, 317.899213
100.000000, 312.752435
100.000000, 307.605657
100.000000, 302.458878
100.000000, 297.312100
100.000000, 292.165322
100.000000, 287.018544
100.000000, 281.871766
100.000000, 276.724988
100.000000, 271.578209
100.000000, 266.431431
100.000000, 261.284653
100.000000, 256.137875
100.000000, 250.991097
100.000000, 245.844319
100.000000, 240.697540
100.000000, 235.550762
100.000000, 230.403984
100.000000, 225.257206
100.000000, 220.110428
100.000000, 214.963650
100.000000, 209.816871
100.000000, 204.670093
100.000000, 199.523315
100.000000, 194.376537
100.000000, 189.229759
100.000000, 184.082981
100.000000, 178.936203
100.000000, 173.789424
100.000000, 168.642646
100.000000, 163.495868
100.000000, 158.349090
100.000000, 153.202312
100.000000, 148.055534
100.000000, 142.908755
100.000000, 137.761977
100.000000, 132.615199
100.000000, 127.468421
100.000000, 122.321643
100.000000, 117.174865
100.000000, 112.028086
100.000000, 106.881308
100.000000, 101.734530
100.000000, 96.587752
100.000000, 91.440974
100.000000, 86.294196
100.000000, 81.147417
100.000000, 76.000639
100.000000, 70.853861
100.000000, 65.707083
100.000000, 60.560305
100.000000, 55.413527
100.000000, 50.266749
100.000000, 45.119970
100.000000, 39.973192
100.000000, 34.826414
100.000000, 29.679636
100.000000, 24.532858
100.000000, 19.386080
100.000000, 14.239301
100.000000, 9.092523
100.000000, 3.945745
100.000000, 358.798967
100.000000, 353.652189
100.000000, 348.505411
100.000000, 343.358632
100.000000, 338.211854
100.000000, 333.065076
100.000000, 327.918298
100.000000, 322.771520
100.000000, 317.624742
100.000000, 312.477963
100.000000, 307.331185
100.000000, 302.184407
100.000000, 297.037629
100.000000, 291.890851
100.000000, 286.744073
100.000000, 281.597295
100.000000, 276.450516
100.000000, 271.303738
100.000000, 266.156960
100.000000, 261.010182
100.000000, 255.863404
100.000000, 250.716626
100.000000, 245.569847
100.000000, 240.423069
100.000000, 235.276291
100.000000, 230.129513
100.000000, 224.982735
100.000000, 219.835957
100.000000, 214.689178
100.000000, 209.542400
100.000000, 204.395622
100.000000, 199.248844
100.000000, 194.102066
100.000000, 188.955288
100.000000, 183.808509
100.000000, 178.661731
100.000000, 173.514953
100.000000, 168.368175
100.000000, 163.221397
100.000000, 158.074619
100.000000, 152.927841
100.000000, 147.781062
100.000000, 142.634284
100.000000, 137.487506
100.000000, 132.340728
100.000000, 127.193950
100.000000, 122.047172
100.000000, 116.900393
100.000000, 111.753615
100.000000, 106.606837
100.000000, 101.460059
100.000000, 96.313281
100.000000, 91.166503
100.000000, 86.019724
100.000000, 80.872946
100.000000, 75.726168
100.000000, 70.579390
100.000000, 65.432612
100.000000, 60.285834
100.000000, 55.139055
100.000000, 49.992277
100.000000, 44.845499
100.000000, 39.698721
100.000000, 34.551943
100.000000, 29.405165
100.000000, 24.258387
100.000000, 19.111608
100.000000, 13.964830
100.000000, 8.818052
100.000000, 3.671274
100.000000, 358.524496
100.000000, 353.377718
100.000000, 348.230939
100.000000, 343.084161
100.000000, 337.937383
100.000000, 332.790605
100.000000, 327.643827
100.000000, 322.497049
100.000000, 317.350270
100.000000, 312.203492
100.000000, 307.056714
100.000000, 301.909936
100.000000, 296.763158
100.000000, 291.616380
100.000000, 286.469601
100.000000, 281.322823
100.000000, 276.176045
100.000000, 271.029267
100.000000, 265.882489
100.000000, 260.735711
100.000000, 255.588933
100.000000, 250.442154
100.000000, 245.295376
100.000000, 240.148598
100.000000, 235.001820
100.000000, 229.855042
100.000000, 224.708264
100.000000, 219.561485
100.000000, 214.414707
100.000000, 209.267929
100.000000, 204.121151
100.000000, 198.974373
100.000000, 193.827595
100.000000, 188.680816
100.000000, 183.534038
100.000000, 178.387260
100.000000, 173.240482
100.000000, 168.093704
100.000000, 162.946926
100.000000, 157.800147
100.000000, 152.653369
100.000000, 147.506591
100.000000, 142.359813
100.000000, 137.213035
100.000000, 132.066257
100.000000, 126.919479
100.000000, 121.772700
100.000000, 116.625922
100.000000, 111.479144
100.000000, 106.332366
100.000000, 101.185588
100.000000, 96.038810
100.000000, 90.892031
100.000000, 85.745253
100.000000, 80.598475
100.000000, 75.451697
100.000000, 70.304919
100.000000, 65.158141
100.000000, 60.011362
100.000000, 54.864584
100.000000, 49.717806
100.000000, 44.571028
100.000000, 39.424250
100.000000, 34.277472
100.000000, 29.130693
100.000000, 23.983915
100.000000, 18.837137
100.000000, 13.690359
100.000000, 8.543581
100.000000, 3.396803
100.000000, 358.250025
100.000000, 353.103246
100.000000, 347.956468
100.000000, 342.809690
100.000000, 337.662912
100.000000, 332.516134
100.000000, 327.369356
100.000000, 322.222577
100.000000, 317.075799
100.000000, 311.929021
100.000000, 306.782243
100.000000, 301.635465
100.000000, 296.488687
100.000000, 291.341908
100.000000, 286.195130
100.000000, 281.048352
100.000000, 275.901574
100.000000, 270.754796
100.000000, 265.608018
100.000000, 260.461239
100.000000, 255.314461
100.000000, 250.167683
100.000000, 245.020905
100.000000, 239.874127
100.000000, 234.727349
100.000000, 229.580571
100.000000, 224.433792
100.000000, 219.287014
100.000000, 214.140236
100.000000, 208.993458
100.000000, 203.846680
100.000000, 198.699902
100.000000, 193.553123
100.000000, 188.406345
100.000000, 183.259567
100.000000, 178.112789
100.000000, 172.966011
100.000000, 167.819233
100.000000, 162.672454
100.000000, 157.525676
100.000000, 152.378898
100.000000, 147.232120
100.000000, 142.085342
100.000000, 136.938564
100.000000, 131.791785
100.000000, 126.645007
100.000000, 121.498229
100.000000, 116.351451
100.000000, 111.204673
100.000000, 106.057895
100.000000, 100.911117
100.000000, 95.764338
100.000000, 90.617560
100.000000, 85.470782
100.000000, 80.324004
100.000000, 75.177226
100.000000, 70.030448
100.000000, 64.883669
100.000000, 59.736891
100.000000, 54.590113
100.000000, 49.443335
100.000000, 44.296557
100.000000, 39.149779
100.000000, 34.003000
100.000000, 28.856222
100.000000, 23.709444
100.000000, 18.562666
100.000000, 13.415888
100.000000, 8.269110
100.000000, 3.122331
100.000000, 357.975553
100.000000, 352.828775
100.000000, 347.681997
100.000000, 342.535219
100.000000, 337.388441
100.000000, 332.241663
100.000000, 327.094884
100.000000, 321.948106
100.000000, 316.801328
100.000000, 311.654550
100.000000, 306.507772
100.000000, 301.360994
100.000000, 296.214215
100.000000, 291.067437
100.000000, 285.920659
100.000000, 280.773881
100.000000, 275.627103
100.000000, 270.480325
100.000000, 265.333546
100.000000, 260.186768
100.000000, 255.039990
100.000000, 249.893212
100.000000, 244.746434
100.000000, 239.599656
100.000000, 234.452877
100.000000, 229.306099
100.000000, 224.159321
100.000000, 219.012543
100.000000, 213.865765
100.000000, 208.718987
100.000000, 203.572209
100.000000, 198.425430
100.000000, 193.278652
100.000000, 188.131874
100.000000, 182.985096
100.000000, 177.838318
100.000000, 172.691540
100.000000, 167.544761
100.000000, 162.397983
100.000000, 157.251205
100.000000, 152.104427
100.000000, 146.957649
100.000000, 141.810871
100.000000, 136.664092
100.000000, 131.517314
100.000000, 126.370536
100.000000, 121.223758
100.000000, 116.076980
100.000000, 110.930202
100.000000, 105.783423
100.000000, 100.636645
100.000000, 95.489867
100.000000, 90.343089
100.000000, 85.196311
100.000000, 80.049533
100.000000, 74.902755
100.000000, 69.755976
100.000000, 64.609198
100.000000, 59.462420
100.000000, 54.315642
100.000000, 49.168864
100.000000, 44.022086
100.000000, 38.875307
100.000000, 33.728529
100.000000, 28.581751
100.000000, 23.434973
100.000000, 18.288195
100.000000, 13.141417
100.000000, 7.994638
100.000000, 2.847860
100.000000, 357.701082
100.000000, 352.554304
100.000000, 347.407526
100.000000, 342.260748
100.000000, 337.113969
100.000000, 331.967191
100.000000, 326.820413
100.000000, 321.673635
100.000000, 316.526857
100.000000, 311.380079
100.000000, 306.233301
100.000000, 301.086522
100.000000, 295.939744
100.000000, 290.792966
100.000000, 285.646188
100.000000, 280.499410
100.000000, 275.352632
100.000000, 270.205853
100.000000, 265.059075
100.000000, 259.912297
100.000000, 254.765519
100.000000, 249.618741
100.000000, 244.471963
100.000000, 239.325184
100.000000, 234.178406
100.000000, 229.031628
100.000000, 223.884850
100.000000, 218.738072
100.000000, 213.591294
100.000000, 208.444515
100.000000, 203.297737
100.000000, 198.150959
100.000000, 193.004181
100.000000, 187.857403
100.000000, 182.710625
100.000000, 177.563847
100.000000, 172.417068
100.000000, 167.270290
100.000000, 162.123512
100.000000, 156.976734
100.000000, 151.829956
100.000000, 146.683178
100.000000, 141.536399
100.000000, 136.389621
100.000000, 131.242843
100.000000, 126.096065
100.000000, 120.949287
100.000000, 115.802509
100.000000, 110.655730
100.000000, 105.508952
100.000000, 100.362174
100.000000, 95.215396
100.000000, 90.068618
100.000000, 84.921840
100.000000, 79.775061
100.000000, 74.628283
100.000000, 69.481505
100.000000, 64.334727
100.000000, 59.187949
100.000000, 54.041171
100.000000, 48.894393
100.000000, 43.747614
100.000000, 38.600836
100.000000, 33.454058
100.000000, 28.307280
100.000000, 23.160502
100.000000, 18.013724
100.000000, 12.866945
100.000000, 7.720167
100.000000, 2.573389
100.000000, 357.426611
100.000000, 352.279833
100.000000, 347.133055
100.000000, 341.986276
100.000000, 336.839498
100.000000, 331.692720
100.000000, 326.545942
100.000000, 321.399164
100.000000, 316.252386
100.000000, 311.105607
100.000000, 305.958829
100.000000, 300.812051
100.000000, 295.665273
100.000000, 290.518495
100.000000, 285.371717
100.000000, 280.224939
100.000000, 275.078160
100.000000, 269.931382
100.000000, 264.784604
100.000000, 259.637826
100.000000, 254.491048
100.000000, 249.344270
100.000000, 244.197491
100.000000, 239.050713
100.000000, 233.903935
100.000000, 228.757157
100.000000, 223.610379
100.000000, 218.463601
100.000000, 213.316822
100.000000, 208.170044
100.000000, 203.023266
100.000000, 197.876488
100.000000, 192.729710
100.000000, 187.582932
100.000000, 182.436153
100.000000, 177.289375
100.000000, 172.142597
100.000000, 166.995819
100.000000, 161.849041
100.000000, 156.702263
100.000000, 151.555485
100.000000, 146.408706
100.000000, 141.261928
100.000000, 136.115150
100.000000, 130.968372
100.000000, 125.821594
100.000000, 120.674816
100.000000, 115.528037
100.000000, 110.381259
100.000000, 105.234481
100.000000, 100.087703
100.000000, 94.940925
100.000000, 89.794147
100.000000, 84.647368
100.000000, 79.500590
100.000000, 74.353812
100.000000, 69.207034
100.000000, 64.060256
100.000000, 58.913478
100.000000, 53.766699
100.000000, 48.619921
100.000000, 43.473143
100.000000, 38.326365
100.000000, 33.179587
100.000000, 28.032809
100.000000, 22.886031
100.000000, 17.739252
100.000000, 12.592474
100.000000, 7.445696
100.000000, 2.298918
100.000000, 357.152140
100.000000, 352.005362
100.000000, 346.858583
100.000000, 341.711805
100.000000, 336.565027
100.000000, 331.418249
100.000000, 326.271471
100.000000, 321.124693
100.000000, 315.977914
100.000000, 310.831136
100.000000, 305.684358
100.000000, 300.537580
100.000000, 295.390802
100.000000, 290.244024
100.000000, 285.097245
100.000000, 279.950467
100.000000, 274.803689
100.000000, 269.656911
100.000000, 264.510133
100.000000, 259.363355
100.000000, 254.216577
100.000000, 249.069798
100.000000, 243.923020
100.000000, 238.776242
100.000000, 233.629464
100.000000, 228.482686
100.000000, 223.335908
100.000000, 218.189129
100.000000, 213.042351
100.000000, 207.895573
100.000000, 202.748795
100.000000, 197.602017
100.000000, 192.455239
100.000000, 187.308460
100.000000, 182.161682
100.000000, 177.014904
100.000000, 171.868126
100.000000, 166.721348
100.000000, 161.574570
100.000000, 156.427791
100.000000, 151.281013
100.000000, 146.134235
100.000000, 140.987457
100.000000, 135.840679
100.000000, 130.693901
100.000000, 125.547123
100.000000, 120.400344
100.000000, 115.253566
100.000000, 110.106788
100.000000, 104.960010
100.000000, 99.813232
100.000000, 94.666454
100.000000, 89.519675
100.000000, 84.372897
100.000000, 79.226119
100.000000, 74.079341
100.000000, 68.932563
100.000000, 63.785785
100.000000, 58.639006
100.000000, 53.492228
100.000000, 48.345450
100.000000, 43.198672
100.000000, 38.051894
100.000000, 32.905116
100.000000, 27.758337
100.000000, 22.611559
100.000000, 17.464781
100.000000, 12.318003
100.000000, 7.171225
100.000000, 2.024447
100.000000, 356.877669
100.000000, 351.730890
100.000000, 346.584112
100.000000, 341.437334
100.000000, 336.290556
100.000000, 331.143778
100.000000, 325.997000
100.000000, 320.850221
100.000000, 315.703443
100.000000, 310.556665
100.000000, 305.409887
100.000000, 300.263109
100.000000, 295.116331
100.000000, 289.969552
100.000000, 284.822774
100.000000, 279.675996
100.000000, 274.529218
100.000000, 269.382440
100.000000, 264.235662
100.000000, 259.088883
100.000000, 253.942105
100.000000, 248.795327
100.000000, 243.648549
100.000000, 238.501771
100.000000, 233.354993
100.000000, 228.208215
100.000000, 223.061436
100.000000, 217.914658
100.000000, 212.767880
100.000000, 207.621102
100.000000, 202.474324
100.000000, 197.327546
100.000000, 192.180767
100.000000, 187.033989
100.000000, 181.887211
100.000000, 176.740433
100.000000, 171.593655
100.000000, 166.446877
100.000000, 161.300098
100.000000, 156.153320
100.000000, 151.006542
100.000000, 145.859764
100.000000, 140.712986
100.000000, 135.566208
100.000000, 130.419429
100.000000, 125.272651
100.000000, 120.125873
100.000000, 114.979095
100.000000, 109.832317
100.000000, 104.685539
100.000000, 99.538761
100.000000, 94.391982
100.000000, 89.245204
100.000000, 84.098426
100.000000, 78.951648
100.000000, 73.804870
100.000000, 68.658092
100.000000, 63.511313
100.000000, 58.364535
100.000000, 53.217757
100.000000, 48.070979
100.000000, 42.924201
100.000000, 37.777423
100.000000, 32.630644
100.000000, 27.483866
100.000000, 22.337088
100.000000, 17.190310
100.000000, 12.043532
100.000000, 6.896754
100.000000, 1.749975
100.000000, 356.603197
100.000000, 351.456419
100.000000, 346.309641
100.000000, 341.162863
100.000000, 336.016085
100.000000, 330.869307
100.000000, 325.722528
100.000000, 320.575750
100.000000, 315.428972
100.000000, 310.282194
100.000000, 305.135416
100.000000, 299.988638
100.000000, 294.841859
100.000000, 289.695081
100.000000, 284.548303
100.000000, 279.401525
100.000000, 274.254747
100.000000, 269.107969
100.000000, 263.961190
100.000000, 258.814412
100.000000, 253.667634
100.000000, 248.520856
100.000000, 243.374078
100.000000, 238.227300
100.000000, 233.080521
100.000000, 227.933743
100.000000, 222.786965
100.000000, 217.640187
100.000000, 212.493409
100.000000, 207.346631
100.000000, 202.199853
100.000000, 197.053074
100.000000, 191.906296
100.000000, 186.759518
100.000000, 181.612740
100.000000, 176.465962
100.000000, 171.319184
100.000000, 166.172405
100.000000, 161.025627
100.000000, 155.878849
100.000000, 150.732071
100.000000, 145.585293
100.000000, 140.438515
100.000000, 135.291736
100.000000, 130.144958
100.000000, 124.998180
100.000000, 119.851402
100.000000, 114.704624
100.000000, 109.557846
100.000000, 104.411067
100.000000, 99.264289
100.000000, 94.117511
100.000000, 88.970733
100.000000, 83.823955
100.000000, 78.677177
100.000000, 73.530399
100.000000, 68.383620
100.000000, 63.236842
100.000000, 58.090064
100.000000, 52.943286
100.000000, 47.796508
100.000000, 42.649730
100.000000, 37.502951
100.000000, 32.356173
100.000000, 27.209395
100.000000, 22.062617
100.000000, 16.915839
100.000000, 11.769061
100.000000, 6.622282
100.000000, 1.475504
100.000000, 356.328726
100.000000, 351.181948
100.000000, 346.035170
100.000000, 340.888392
100.000000, 335.741613
100.000000, 330.594835
100.000000, 325.448057
100.000000, 320.301279
100.000000, 315.154501
100.000000, 310.007723
100.000000, 304.860945
100.000000, 299.714166
100.000000, 294.567388
100.000000, 289.420610
100.000000, 284.273832
100.000000, 279.127054
100.000000, 273.980276
100.000000, 268.833497
100.000000, 263.686719
100.000000, 258.539941
100.000000, 253.393163
100.000000, 248.246385
100.000000, 243.099607
100.000000, 237.952828
100.000000, 232.806050
100.000000, 227.659272
100.000000, 222.512494
100.000000, 217.365716
100.000000, 212.218938
100.000000, 207.072159
100.000000, 201.925381
100.000000, 196.778603
100.000000, 191.631825
100.000000, 186.485047
100.000000, 181.338269
100.000000, 176.191491
100.000000, 171.044712
100.000000, 165.897934
100.000000, 160.751156
100.000000, 155.604378
100.000000, 150.457600
100.000000, 145.310822
100.000000, 140.164043
100.000000, 135.017265
100.000000, 129.870487
100.000000, 124.723709
100.000000, 119.576931
100.000000, 114.430153
100.000000, 109.283374
100.000000, 104.136596
100.000000, 98.989818
100.000000, 93.843040
100.000000, 88.696262
100.000000, 83.549484
100.000000, 78.402705
100.000000, 73.255927
100.000000, 68.109149
100.000000, 62.962371
100.000000, 57.815593
100.000000, 52.668815
100.000000, 47.522037
100.000000, 42.375258
100.000000, 37.228480
100.000000, 32.081702
100.000000, 26.934924
100.000000, 21.788146
100.000000, 16.641368
100.000000, 11.494589
100.000000, 6.347811
100.000000, 1.201033
100.000000, 356.054255
100.000000, 350.907477
100.000000, 345.760699
100.000000, 340.613920
100.000000, 335.467142
100.000000, 330.320364
100.000000, 325.173586
100.000000, 320.026808
100.000000, 314.880030
100.000000, 309.733251
100.000000, 304.586473
100.000000, 299.439695
100.000000, 294.292917
100.000000, 289.146139
100.000000, 283.999361
100.000000, 278.852583
100.000000, 273.705804
100.000000, 268.559026
100.000000, 263.412248
100.000000, 258.265470
100.000000, 253.118692
100.000000, 247.971914
100.000000, 242.825135
100.000000, 237.678357
100.000000, 232.531579
100.000000, 227.384801
100.000000, 222.238023
100.000000, 217.091245
100.000000, 211.944466
100.000000, 206.797688
100.000000, 201.650910
100.000000, 196.504132
100.000000, 191.357354
100.000000, 186.210576
100.000000, 181.063797
100.000000, 175.917019
100.000000, 170.770241
100.000000, 165.623463
100.000000, 160.476685
100.000000, 155.329907
100.000000, 150.183129
100.000000, 145.036350
100.000000, 139.889572
100.000000, 134.742794
100.000000, 129.596016
100.000000, 124.449238
100.000000, 119.302460
100.000000, 114.155681
100.000000, 109.008903
100.000000, 103.862125
100.000000, 98.715347
100.000000, 93.568569
100.000000, 88.421791
100.000000, 83.275012
100.000000, 78.128234
100.000000, 72.981456
100.000000, 67.834678
100.000000, 62.687900
100.000000, 57.541122
100.000000, 52.394343
100.000000, 47.247565
100.000000, 42.100787
100.000000, 36.954009
100.000000, 31.807231
100.000000, 26.660453
100.000000, 21.513675
100.000000, 16.366896
100.000000, 11.220118
100.000000, 6.073340
100.000000, 0.926562
100.000000, 355.779784
100.000000, 350.633006
100.000000, 345.486227
100.000000, 340.339449
100.000000, 335.192671
100.000000, 330.045893
100.000000, 324.899115
100.000000, 319.752337
100.000000, 314.605558
100.000000, 309.458780
100.000000, 304.312002
100.000000, 299.165224
100.000000, 294.018446
100.000000, 288.871668
100.000000, 283.724889
100.000000, 278.578111
100.000000, 273.431333
100.000000, 268.284555
100.000000, 263.137777
100.000000, 257.990999
100.000000, 252.844221
100.000000, 247.697442
100.000000, 242.550664
100.000000, 237.403886
100.000000, 232.257108
100.000000, 227.110330
100.000000, 221.963552
100.000000, 216.816773
100.000000, 211.669995
100.000000, 206.523217
100.000000, 201.376439
100.000000, 196.229661
100.000000, 191.082883
100.000000, 185.936104
100.000000, 180.789326
100.000000, 175.642548
100.000000, 170.495770
100.000000, 165.348992
100.000000, 160.202214
100.000000, 155.055435
100.000000, 149.908657
100.000000, 144.761879
100.000000, 139.615101
100.000000, 134.468323
100.000000, 129.321545
100.000000, 124.174767
100.000000, 119.027988
100.000000, 113.881210
100.000000, 108.734432
100.000000, 103.587654
100.000000, 98.440876
100.000000, 93.294098
100.000000, 88.147319
100.000000, 83.000541
100.000000, 77.853763
100.000000, 72.706985
100.000000, 67.560207
100.000000, 62.413429
100.000000, 57.266650
100.000000, 52.119872
100.000000, 46.973094
100.000000, 41.826316
100.000000, 36.679538
100.000000, 31.532760
100.000000, 26.385981
100.000000, 21.239203
100.000000, 16.092425
100.000000, 10.945647
100.000000, 5.798869
100.000000, 0.652091
100.000000, 355.505313
100.000000, 350.358534
100.000000, 345.211756
100.000000, 340.064978
100.000000, 334.918200
100.000000, 329.771422
100.000000, 324.624644
100.000000, 319.477865
100.000000, 314.331087
100.000000, 309.184309
100.000000, 304.037531
100.000000, 298.890753
100.000000, 293.743975
100.000000, 288.597196
100.000000, 283.450418
100.000000, 278.303640
100.000000, 273.156862
100.000000, 268.010084
100.000000, 262.863306
100.000000, 257.716527
100.000000, 252.569749
100.000000, 247.422971
100.000000, 242.276193
100.000000, 237.129415
100.000000, 231.982637
100.000000, 226.835859
100.000000, 221.689080
100.000000, 216.542302
100.000000, 211.395524
100.000000, 206.248746
100.000000, 201.101968
100.000000, 195.955190
100.000000, 190.808411
100.000000, 185.661633
100.000000, 180.514855
100.000000, 175.368077
100.000000, 170.221299
100.000000, 165.074521
100.000000, 159.927742
100.000000, 154.780964
100.000000, 149.634186
100.000000, 144.487408
100.000000, 139.340630
100.000000, 134.193852
100.000000, 129.047073
100.000000, 123.900295
100.000000, 118.753517
100.000000, 113.606739
100.000000, 108.459961
100.000000, 103.313183
100.000000, 98.166405
100.000000, 93.019626
100.000000, 87.872848
100.000000, 82.726070
100.000000, 77.579292
100.000000, 72.432514
100.000000, 67.285736
100.000000, 62.138957
100.000000, 56.992179
100.000000, 51.845401
100.000000, 46.698623
100.000000, 41.551845
100.000000, 36.405067
100.000000, 31.258288
100.000000, 26.111510
100.000000, 20.964732
100.000000, 15.817954
100.000000, 10.671176
100.000000, 5.524398
100.000000, 0.377619
100.000000, 355.230841
100.000000, 350.084063
100.000000, 344.937285
100.000000, 339.790507
100.000000, 334.643729
100.000000, 329.496951
100.000000, 324.350172
100.000000, 319.203394
100.000000, 314.056616
100.000000, 308.909838
100.000000, 303.763060
100.000000, 298.616282
100.000000, 293.469503
100.000000, 288.322725
100.000000, 283.175947
100.000000, 278.029169
100.000000, 272.882391
100.000000, 267.735613
100.000000, 262.588834
100.000000, 257.442056
100.000000, 252.295278
100.000000, 247.148500
100.000000, 242.001722
100.000000, 236.854944
100.000000, 231.708165
100.000000, 226.561387
100.000000, 221.414609
100.000000, 216.267831
100.000000, 211.121053
100.000000, 205.974275
100.000000, 200.827497
100.000000, 195.680718
100.000000, 190.533940
100.000000, 185.387162
100.000000, 180.240384
100.000000, 175.093606
100.000000, 169.946828
100.000000, 164.800049
100.000000, 159.653271
100.000000, 154.506493
100.000000, 149.359715
100.000000, 144.212937
100.000000, 139.066159
100.000000, 133.919380
100.000000, 128.772602
100.000000, 123.625824
100.000000, 118.479046
100.000000, 113.332268
100.000000, 108.185490
100.000000, 103.038711
100.000000, 97.891933
100.000000, 92.745155
100.000000, 87.598377
100.000000, 82.451599
100.000000, 77.304821
100.000000, 72.158043
100.000000, 67.011264
100.000000, 61.864486
100.000000, 56.717708
100.000000, 51.570930
100.000000, 46.424152
100.000000, 41.277374
100.000000, 36.130595
100.000000, 30.983817
100.000000, 25.837039
100.000000, 20.690261
100.000000, 15.543483
100.000000, 10.396705
100.000000, 5.249926
100.000000, 0.103148
100.000000, 354.956370
100.000000, 349.809592
100.000000, 344.662814
100.000000, 339.516036
100.000000, 334.369257
100.000000, 329.222479
100.000000, 324.075701
100.000000, 318.928923
100.000000, 313.782145
100.000000, 308.635367
100.000000, 303.488589
100.000000, 298.341810
100.000000, 293.195032
100.000000, 288.048254
100.000000, 282.901476
100.000000, 277.754698
100.000000, 272.607920
100.000000, 267.461141
100.000000, 262.314363
100.000000, 257.167585
100.000000, 252.020807
100.000000, 246.874029
100.000000, 241.727251
100.000000, 236.580472
100.000000, 231.433694
100.000000, 226.286916
100.000000, 221.140138
100.000000, 215.993360
100.000000, 210.846582
100.000000, 205.699803
100.000000, 200.553025
100.000000, 195.406247
100.000000, 190.259469
100.000000, 185.112691
100.000000, 179.965913
100.000000, 174.819135
100.000000, 169.672356
100.000000, 164.525578
100.000000, 159.378800
100.000000, 154.232022
100.000000, 149.085244
100.000000, 143.938466
100.000000, 138.791687
100.000000, 133.644909
100.000000, 128.498131
100.000000, 123.351353
100.000000, 118.204575
100.000000, 113.057797
100.000000, 107.911018
100.000000, 102.764240
100.000000, 97.617462
100.000000, 92.470684
100.000000, 87.323906
100.000000, 82.177128
100.000000, 77.030349
100.000000, 71.883571
100.000000, 66.736793
100.000000, 61.590015
100.000000, 56.443237
100.000000, 51.296459
100.000000, 46.149681
100.000000, 41.002902
100.000000, 35.856124
100.000000, 30.709346
100.000000, 25.562568
100.000000, 20.415790
100.000000, 15.269012
100.000000, 10.122233
100.000000, 4.975455
100.000000, 359.828677
100.000000, 354.681899
100.000000, 349.535121
100.000000, 344.388343
100.000000, 339.241564
100.000000, 334.094786
100.000000, 328.948008
100.000000, 323.801230
100.000000, 318.654452
100.000000, 313.507674
100.000000, 308.360895
100.000000, 303.214117
100.000000, 298.067339
100.000000, 292.920561
100.000000, 287.773783
100.000000, 282.627005
100.000000, 277.480227
100.000000, 272.333448
100.000000, 267.186670
100.000000, 262.039892
100.000000, 256.893114
100.000000, 251.746336
100.000000, 246.599558
100.000000, 241.452779
100.000000, 236.306001
100.000000, 231.159223
100.000000, 226.012445
100.000000, 220.865667
100.000000, 215.718889
100.000000, 210.572110
100.000000, 205.425332
100.000000, 200.278554
100.000000, 195.131776
100.000000, 189.984998
100.000000, 184.838220
100.000000, 179.691441
100.000000, 174.544663
100.000000, 169.397885
100.000000, 164.251107
100.000000, 159.104329
100.000000, 153.957551
100.000000, 148.810773
100.000000, 143.663994
100.000000, 138.517216
100.000000, 133.370438
100.000000, 128.223660
100.000000, 123.076882
100.000000, 117.930104
100.000000, 112.783325
100.000000, 107.636547
100.000000, 102.489769
100.000000, 97.342991
100.000000, 92.196213
100.000000, 87.049435
100.000000, 81.902656
100.000000, 76.755878
100.000000, 71.609100
100.000000, 66.462322
100.000000, 61.315544
100.000000, 56.168766
100.000000, 51.021987
100.000000, 45.875209
100.000000, 40.728431
100.000000, 35.581653
100.000000, 30.434875
100.000000, 25.288097
100.000000, 20.141319
100.000000, 14.994540
100.000000, 9.847762
100.000000, 4.700984
100.000000, 359.554206
100.000000, 354.407428
100.000000, 349.260650
100.000000, 344.113871
100.000000, 338.967093
100.000000, 333.820315
100.000000, 328.673537
100.000000, 323.526759
100.000000, 318.379981
100.000000, 313.233202
100.000000, 308.086424
100.000000, 302.939646
100.000000, 297.792868
100.000000, 292.646090
100.000000, 287.499312
100.000000, 282.352533
100.000000, 277.205755
100.000000, 272.058977
100.000000, 266.912199
100.000000, 261.765421
100.000000, 256.618643
100.000000, 251.471865
100.000000, 246.325086
100.000000, 241.178308
100.000000, 236.031530
100.000000, 230.884752
100.000000, 225.737974
100.000000, 220.591196
100.000000, 215.444417
100.000000, 210.297639
100.000000, 205.150861
100.000000, 200.004083
100.000000, 194.857305
100.000000, 189.710527
100.000000, 184.563748
100.000000, 179.416970
100.000000, 174.270192
100.000000, 169.123414
100.000000, 163.976636
100.000000, 158.829858
100.000000, 153.683079
100.000000, 148.536301
100.000000, 143.389523
100.000000, 138.242745
100.000000, 133.095967
100.000000, 127.949189
100.000000, 122.802411
100.000000, 117.655632
100.000000, 112.508854
100.000000, 107.362076
100.000000, 102.215298
100.000000, 97.068520
100.000000, 91.921742
100.000000, 86.774963
100.000000, 81.628185
100.000000, 76.481407
100.000000, 71.334629
100.000000, 66.187851
100.000000, 61.041073
100.000000, 55.894294
100.000000, 50.747516
100.000000, 45.600738
100.000000, 40.453960
100.000000, 35.307182
100.000000, 30.160404
100.000000, 25.013625
100.000000, 19.866847
100.000000, 14.720069
100.000000, 9.573291
100.000000, 4.426513
100.000000, 359.279735
100.000000, 354.132957
100.000000, 348.986178
100.000000, 343.839400
100.000000, 338.692622
100.000000, 333.545844
100.000000, 328.399066
100.000000, 323.252288
100.000000, 318.105509
100.000000, 312.958731
100.000000, 307.811953
100.000000, 302.665175
100.000000, 297.518397
100.000000, 292.371619
100.000000, 287.224840
100.000000, 282.078062
100.000000, 276.931284
100.000000, 271.784506
100.000000, 266.637728
100.000000, 261.490950
100.000000, 256.344171
100.000000, 251.197393
100.000000, 246.050615
100.000000, 240.903837
100.000000, 235.757059
100.000000, 230.610281
100.000000, 225.463503
100.000000, 220.316724
100.000000, 215.169946
100.000000, 210.023168
100.000000, 204.876390
100.000000, 199.729612
100.000000, 194.582834
100.000000, 189.436055
100.000000, 184.289277
100.000000, 179.142499
100.000000, 173.995721
100.000000, 168.848943
100.000000, 163.702165
100.000000, 158.555386
100.000000, 153.408608
100.000000, 148.261830
100.000000, 143.115052
100.000000, 137.968274
100.000000, 132.821496
100.000000, 127.674717
100.000000, 122.527939
100.000000, 117.381161
100.000000, 112.234383
100.000000, 107.087605
100.000000, 101.940827
100.000000, 96.794049
100.000000, 91.647270
100.000000, 86.500492
100.000000, 81.353714
100.000000, 76.206936
100.000000, 71.060158
100.000000, 65.913380
100.000000, 60.766601
100.000000, 55.619823
100.000000, 50.473045
100.000000, 45.326267
100.000000, 40.179489
100.000000, 35.032711
100.000000, 29.885932
100.000000, 24.739154
100.000000, 19.592376
100.000000, 14.445598
100.000000, 9.298820
100.000000, 4.152042
100.000000, 359.005263
100.000000, 353.858485
100.000000, 348.711707
100.000000, 343.564929
100.000000, 338.418151
100.000000, 333.271373
100.000000, 328.124595
100.000000, 322.977816
100.000000, 317.831038
100.000000, 312.684260
100.000000, 307.537482
100.000000, 302.390704
100.000000, 297.243926
100.000000, 292.097147
100.000000, 286.950369
100.000000, 281.803591
100.000000, 276.656813
100.000000, 271.510035
100.000000, 266.363257
100.000000, 261.216478
100.000000, 256.069700
100.000000, 250.922922
100.000000, 245.776144
100.000000, 240.629366
100.000000, 235.482588
100.000000, 230.335809
100.000000, 225.189031
100.000000, 220.042253
100.000000, 214.895475
100.000000, 209.748697
100.000000, 204.601919
100.000000, 199.455141
100.000000, 194.308362
100.000000, 189.161584
100.000000, 184.014806
100.000000, 178.868028
100.000000, 173.721250
100.000000, 168.574472
100.000000, 163.427693
100.000000, 158.280915
100.000000, 153.134137
100.000000, 147.987359
100.000000, 142.840581
100.000000, 137.693803
100.000000, 132.547024
100.000000, 127.400246
100.000000, 122.253468
100.000000, 117.106690
100.000000, 111.959912
100.000000, 106.813134
100.000000, 101.666355
100.000000, 96.519577
100.000000, 91.372799
100.000000, 86.226021
100.000000, 81.079243
100.000000, 75.932465
100.000000, 70.785687
100.000000, 65.638908
100.000000, 60.492130
100.000000, 55.345352
100.000000, 50.198574
100.000000, 45.051796
100.000000, 39.905018
100.000000, 34.758239
100.000000, 29.611461
100.000000, 24.464683
100.000000, 19.317905
100.000000, 14.171127
100.000000, 9.024349
100.000000, 3.877570
100.000000, 358.730792
100.000000, 353.584014
100.000000, 348.437236
100.000000, 343.290458
100.000000, 338.143680
100.000000, 332.996901
100.000000, 327.850123
100.000000, 322.703345
100.000000, 317.556567
100.000000, 312.409789
100.000000, 307.263011
100.000000, 302.116233
100.000000, 296.969454
100.000000, 291.822676
100.000000, 286.675898
100.000000, 281.529120
100.000000, 276.382342
100.000000, 271.235564
100.000000, 266.088785
100.000000, 260.942007
100.000000, 255.795229
100.000000, 250.648451
100.000000, 245.501673
100.000000, 240.354895
100.000000, 235.208116
100.000000, 230.061338
100.000000, 224.914560
100.000000, 219.767782
100.000000, 214.621004
100.000000, 209.474226
100.000000, 204.327447
100.000000, 199.180669
100.000000, 194.033891
100.000000, 188.887113
100.000000, 183.740335
100.000000, 178.593557
100.000000, 173.446779
100.000000, 168.300000
100.000000, 163.153222
100.000000, 158.006444
100.000000, 152.859666
100.000000, 147.712888
100.000000, 142.566110
100.000000, 137.419331
100.000000, 132.272553
100.000000, 127.125775
100.000000, 121.978997
100.000000, 116.832219
100.000000, 111.685441
100.000000, 106.538662
100.000000, 101.391884
100.000000, 96.245106
100.000000, 91.098328
100.000000, 85.951550
100.000000, 80.804772
100.000000, 75.657993
100.000000, 70.511215
100.000000, 65.364437
100.000000, 60.217659
100.000000, 55.070881
100.000000, 49.924103
100.000000, 44.777325
100.000000, 39.630546
100.000000, 34.483768
100.000000, 29.336990
100.000000, 24.190212
100.000000, 19.043434
100.000000, 13.896656
100.000000, 8.749877
100.000000, 3.603099
100.000000, 358.456321
100.000000, 353.309543
100.000000, 348.162765
100.000000, 343.015987
100.000000, 337.869208
100.000000, 332.722430
100.000000, 327.575652
100.000000, 322.428874
100.000000, 317.282096
100.000000, 312.135318
100.000000, 306.988539
100.000000, 301.841761
100.000000, 296.694983
100.000000, 291.548205
100.000000, 286.401427
100.000000, 281.254649
100.000000, 276.107871
100.000000, 270.961092
100.000000, 265.814314
100.000000, 260.667536
100.000000, 255.520758
100.000000, 250.373980
100.000000, 245.227202
100.000000, 240.080423
100.000000, 234.933645
100.000000, 229.786867
100.000000, 224.640089
100.000000, 219.493311
100.000000, 214.346533
100.000000, 209.199754
100.000000, 204.052976
100.000000, 198.906198
100.000000, 193.759420
100.000000, 188.612642
100.000000, 183.465864
100.000000, 178.319085
100.000000, 173.172307
100.000000, 168.025529
100.000000, 162.878751
100.000000, 157.731973
100.000000, 152.585195
100.000000, 147.438417
100.000000, 142.291638
100.000000, 137.144860
100.000000, 131.998082
100.000000, 126.851304
100.000000, 121.704526
100.000000, 116.557748
100.000000, 111.410969
100.000000, 106.264191
100.000000, 101.117413
100.000000, 95.970635
100.000000, 90.823857
100.000000, 85.677079
100.000000, 80.530300
100.000000, 75.383522
100.000000, 70.236744
100.000000, 65.089966
100.000000, 59.943188
100.000000, 54.796410
100.000000, 49.649631
100.000000, 44.502853
100.000000, 39.356075
100.000000, 34.209297
100.000000, 29.062519
100.000000, 23.915741
100.000000, 18.768963
100.000000, 13.622184
100.000000, 8.475406
100.000000, 3.328628
100.000000, 358.181850
100.000000, 353.035072
100.000000, 347.888294
100.000000, 342.741515
100.000000, 337.594737
100.000000, 332.447959
100.000000, 327.301181
100.000000, 322.154403
100.000000, 317.007625
100.000000, 311.860846
100.000000, 306.714068
100.000000, 301.567290
100.000000, 296.420512
100.000000, 291.273734
100.000000, 286.126956
100.000000, 280.980177
100.000000, 275.833399
100.000000, 270.686621
100.000000, 265.539843
100.000000, 260.393065
100.000000, 255.246287
100.000000, 250.099509
100.000000, 244.952730
100.000000, 239.805952
100.000000, 234.659174
100.000000, 229.512396
100.000000, 224.365618
100.000000, 219.218840
100.000000, 214.072061
100.000000, 208.925283
100.000000, 203.778505
100.000000, 198.631727
100.000000, 193.484949
100.000000, 188.338171
100.000000, 183.191392
100.000000, 178.044614
100.000000, 172.897836
100.000000, 167.751058
100.000000, 162.604280
100.000000, 157.457502
100.000000, 152.310723
100.000000, 147.163945
100.000000, 142.017167
100.000000, 136.870389
100.000000, 131.723611
100.000000, 126.576833
100.000000, 121.430055
100.000000, 116.283276
100.000000, 111.136498
100.000000, 105.989720
100.000000, 100.842942
100.000000, 95.696164
100.000000, 90.549386
100.000000, 85.402607
100.000000, 80.255829
100.000000, 75.109051
100.000000, 69.962273
100.000000, 64.815495
100.000000, 59.668717
100.000000, 54.521938
100.000000, 49.375160
100.000000, 44.228382
100.000000, 39.081604
100.000000, 33.934826
100.000000, 28.788048
100.000000, 23.641269
100.000000, 18.494491
100.000000, 13.347713
100.000000, 8.200935
100.000000, 3.054157
100.000000, 357.907379
100.000000, 352.760601
100.000000, 347.613822
100.000000, 342.467044
100.000000, 337.320266
100.000000, 332.173488
100.000000, 327.026710
100.000000, 321.879932
100.000000, 316.733153
100.000000, 311.586375
100.000000, 306.439597
100.000000, 301.292819
100.000000, 296.146041
100.000000, 290.999263
100.000000, 285.852484
100.000000, 280.705706
100.000000, 275.558928
100.000000, 270.412150
100.000000, 265.265372
100.000000, 260.118594
100.000000, 254.971815
100.000000, 249.825037
100.000000, 244.678259
100.000000, 239.531481
100.000000, 234.384703
100.000000, 229.237925
100.000000, 224.091147
100.000000, 218.944368
100.000000, 213.797590
100.000000, 208.650812
100.000000, 203.504034
100.000000, 198.357256
100.000000, 193.210478
100.000000, 188.063699
100.000000, 182.916921
100.000000, 177.770143
100.000000, 172.623365
100.000000, 167.476587
100.000000, 162.329809
100.000000, 157.183030
100.000000, 152.036252
100.000000, 146.889474
100.000000, 141.742696
100.000000, 136.595918
100.000000, 131.449140
100.000000, 126.302361
100.000000, 121.155583
100.000000, 116.008805
100.000000, 110.862027
100.000000, 105.715249
100.000000, 100.568471
100.000000, 95.421693
100.000000, 90.274914
100.000000, 85.128136
100.000000, 79.981358
100.000000, 74.834580
100.000000, 69.687802
100.000000, 64.541024
100.000000, 59.394245
100.000000, 54.247467
100.000000, 49.100689
100.000000, 43.953911
100.000000, 38.807133
100.000000, 33.660355
100.000000, 28.513576
100.000000, 23.366798
100.000000, 18.220020
100.000000, 13.073242
100.000000, 7.926464
100.000000, 2.779686
100.000000, 357.632907
100.000000, 352.486129
100.000000, 347.339351
100.000000, 342.192573
100.000000, 337.045795
100.000000, 331.899017
100.000000, 326.752239
100.000000, 321.605460
100.000000, 316.458682
100.000000, 311.311904
100.000000, 306.165126
100.000000, 301.018348
100.000000, 295.871570
100.000000, 290.724791
100.000000, 285.578013
100.000000, 280.431235
100.000000, 275.284457
100.000000, 270.137679
100.000000, 264.990901
100.000000, 259.844122
100.000000, 254.697344
100.000000, 249.550566
100.000000, 244.403788
100.000000, 239.257010
100.000000, 234.110232
100.000000, 228.963453
100.000000, 223.816675
100.000000, 218.669897
100.000000, 213.523119
100.000000, 208.376341
100.000000, 203.229563
100.000000, 198.082785
100.000000, 192.936006
100.000000, 187.789228
100.000000, 182.642450
100.000000, 177.495672
100.000000, 172.348894
100.000000, 167.202116
100.000000, 162.055337
100.000000, 156.908559
100.000000, 151.761781
100.000000, 146.615003
100.000000, 141.468225
100.000000, 136.321447
100.000000, 131.174668
100.000000, 126.027890
100.000000, 120.881112
100.000000, 115.734334
100.000000, 110.587556
100.000000, 105.440778
100.000000, 100.293999
100.000000, 95.147221
100.000000, 90.000443
100.000000, 84.853665
100.000000, 79.706887
100.000000, 74.560109
100.000000, 69.413331
100.000000, 64.266552
100.000000, 59.119774
100.000000, 53.972996
100.000000, 48.826218
100.000000, 43.679440
100.000000, 38.532662
100.000000, 33.385883
100.000000, 28.239105
100.000000, 23.092327
100.000000, 17.945549
100.000000, 12.798771
100.000000, 7.651993
100.000000, 2.505214
100.000000, 357.358436
100.000000, 352.211658
100.000000, 347.064880
100.000000, 341.918102
100.000000, 336.771324
100.000000, 331.624545
100.000000, 326.477767
100.000000, 321.330989
100.000000, 316.184211
100.000000, 311.037433
100.000000, 305.890655
100.000000, 300.743877
100.000000, 295.597098
100.000000, 290.450320
100.000000, 285.303542
100.000000, 280.156764
100.000000, 275.009986
100.000000, 269.863208
100.000000, 264.716429
100.000000, 259.569651
100.000000, 254.422873
100.000000, 249.276095
100.000000, 244.129317
100.000000, 238.982539
100.000000, 233.835760
100.000000, 228.688982
100.000000, 223.542204
100.000000, 218.395426
100.000000, 213.248648
100.000000, 208.101870
100.000000, 202.955091
100.000000, 197.808313
100.000000, 192.661535
100.000000, 187.514757
100.000000, 182.367979
100.000000, 177.221201
100.000000, 172.074423
100.000000, 166.927644
100.000000, 161.780866
100.000000, 156.634088
100.000000, 151.487310
100.000000, 146.340532
100.000000, 141.193754
100.000000, 136.046975
100.000000, 130.900197
100.000000, 125.753419
100.000000, 120.606641
100.000000, 115.459863
100.000000, 110.313085
100.000000, 105.166306
100.000000, 100.019528
100.000000, 94.872750
100.000000, 89.725972
100.000000, 84.579194
100.000000, 79.432416
100.000000, 74.285637
100.000000, 69.138859
100.000000, 63.992081
100.000000, 58.845303
100.000000, 53.698525
100.000000, 48.551747
100.000000, 43.404969
100.000000, 38.258190
100.000000, 33.111412
100.000000, 27.964634
100.000000, 22.817856
100.000000, 17.671078
100.000000, 12.524300
100.000000, 7.377521
100.000000, 2.230743
100.000000, 357.083965
100.000000, 351.937187
100.000000, 346.790409
100.000000, 341.643631
100.000000, 336.496852
100.000000, 331.350074
100.000000, 326.203296
100.000000, 321.056518
100.000000, 315.909740
100.000000, 310.762962
100.000000, 305.616183
100.000000, 300.469405
100.000000, 295.322627
100.000000, 290.175849
100.000000, 285.029071
100.000000, 279.882293
100.000000, 274.735515
100.000000, 269.588736
100.000000, 264.441958
100.000000, 259.295180
100.000000, 254.148402
100.000000, 249.001624
100.000000, 243.854846
100.000000, 238.708067
100.000000, 233.561289
100.000000, 228.414511
100.000000, 223.267733
100.000000, 218.120955
100.000000, 212.974177
100.000000, 207.827398
100.000000, 202.680620
100.000000, 197.533842
100.000000, 192.387064
100.000000, 187.240286
100.000000, 182.093508
100.000000, 176.946729
100.000000, 171.799951
100.000000, 166.653173
100.000000, 161.506395
100.000000, 156.359617
100.000000, 151.212839
100.000000, 146.066061
100.000000, 140.919282
100.000000, 135.772504
100.000000, 130.625726
100.000000, 125.478948
100.000000, 120.332170
100.000000, 115.185392
100.000000, 110.038613
100.000000, 104.891835
100.000000, 99.745057
100.000000, 94.598279
100.000000, 89.451501
100.000000, 84.304723
100.000000, 79.157944
100.000000, 74.011166
100.000000, 68.864388
100.000000, 63.717610
100.000000, 58.570832
100.000000, 53.424054
100.000000, 48.277275
100.000000, 43.130497
100.000000, 37.983719
100.000000, 32.836941
100.000000, 27.690163
100.000000, 22.543385
100.000000, 17.396607
100.000000, 12.249828
100.000000, 7.103050
100.000000, 1.956272
100.000000, 356.809494
100.000000, 351.662716
100.000000, 346.515938
100.000000, 341.369159
100.000000, 336.222381
100.000000, 331.075603
100.000000, 325.928825
100.000000, 320.782047
100.000000, 315.635269
100.000000, 310.488490
100.000000, 305.341712
100.000000, 300.194934
100.000000, 295.048156
100.000000, 289.901378
100.000000, 284.754600
100.000000, 279.607821
100.000000, 274.461043
100.000000, 269.314265
100.000000, 264.167487
100.000000, 259.020709
100.000000, 253.873931
100.000000, 248.727153
100.000000, 243.580374
100.000000, 238.433596
100.000000, 233.286818
100.000000, 228.140040
100.000000, 222.993262
100.000000, 217.846484
100.000000, 212.699705
100.000000, 207.552927
100.000000, 202.406149
100.000000, 197.259371
100.000000, 192.112593
100.000000, 186.965815
100.000000, 181.819036
100.000000, 176.672258
100.000000, 171.525480
100.000000, 166.378702
100.000000, 161.231924
100.000000, 156.085146
100.000000, 150.938367
100.000000, 145.791589
100.000000, 140.644811
100.000000, 135.498033
100.000000, 130.351255
100.000000, 125.204477
100.000000, 120.057699
100.000000, 114.910920
100.000000, 109.764142
100.000000, 104.617364
100.000000, 99.470586
100.000000, 94.323808
100.000000, 89.177030
100.000000, 84.030251
100.000000, 78.883473
100.000000, 73.736695
100.000000, 68.589917
100.000000, 63.443139
100.000000, 58.296361
100.000000, 53.149582
100.000000, 48.002804
100.000000, 42.856026
100.000000, 37.709248
100.000000, 32.562470
100.000000, 27.415692
100.000000, 22.268913
100.000000, 17.122135
100.000000, 11.975357
100.000000, 6.828579
100.000000, 1.681801
100.000000, 356.535023
100.000000, 351.388245
100.000000, 346.241466
100.000000, 341.094688
100.000000, 335.947910
100.000000, 330.801132
100.000000, 325.654354
100.000000, 320.507576
100.000000, 315.360797
100.000000, 310.214019
100.000000, 305.067241
100.000000, 299.920463
100.000000, 294.773685
100.000000, 289.626907
100.000000, 284.480128
100.000000, 279.333350
100.000000, 274.186572
100.000000, 269.039794
100.000000, 263.893016
100.000000, 258.746238
100.000000, 253.599459
100.000000, 248.452681
100.000000, 243.305903
100.000000, 238.159125
100.000000, 233.012347
100.000000, 227.865569
100.000000, 222.718791
100.000000, 217.572012
100.000000, 212.425234
100.000000, 207.278456
100.000000, 202.131678
100.000000, 196.984900
100.000000, 191.838122
100.000000, 186.691343
100.000000, 181.544565
100.000000, 176.397787
100.000000, 171.251009
100.000000, 166.104231
100.000000, 160.957453
100.000000, 155.810674
100.000000, 150.663896
100.000000, 145.517118
100.000000, 140.370340
100.000000, 135.223562
100.000000, 130.076784
100.000000, 124.930005
100.000000, 119.783227
100.000000, 114.636449
100.000000, 109.489671
100.000000, 104.342893
100.000000, 99.196115
100.000000, 94.049337
100.000000, 88.902558
100.000000, 83.755780
100.000000, 78.609002
100.000000, 73.462224
100.000000, 68.315446
100.000000, 63.168668
100.000000, 58.021889
100.000000, 52.875111
100.000000, 47.728333
100.000000, 42.581555
100.000000, 37.434777
100.000000, 32.287999
100.000000, 27.141220
100.000000, 21.994442
100.000000, 16.847664
100.000000, 11.700886
100.000000, 6.554108
100.000000, 1.407330
100.000000, 356.260551
100.000000, 351.113773
100.000000, 345.966995
100.000000, 340.820217
100.000000, 335.673439
100.000000, 330.526661
100.000000, 325.379883
100.000000, 320.233104
100.000000, 315.086326
100.000000, 309.939548
100.000000, 304.792770
100.000000, 299.645992
100.000000, 294.499214
100.000000, 289.352435
100.000000, 284.205657
100.000000, 279.058879
100.000000, 273.912101
100.000000, 268.765323
100.000000, 263.618545
100.000000, 258.471766
100.000000, 253.324988
100.000000, 248.178210
100.000000, 243.031432
100.000000, 237.884654
100.000000, 232.737876
100.000000, 227.591097
100.000000, 222.444319
100.000000, 217.297541
100.000000, 212.150763
100.000000, 207.003985
100.000000, 201.857207
100.000000, 196.710429
100.000000, 191.563650
100.000000, 186.416872
100.000000, 181.270094
100.000000, 176.123316
100.000000, 170.976538
100.000000, 165.829760
100.000000, 160.682981
100.000000, 155.536203
100.000000, 150.389425
100.000000, 145.242647
100.000000, 140.095869
100.000000, 134.949091
100.000000, 129.802312
100.000000, 124.655534
100.000000, 119.508756
100.000000, 114.361978
100.000000, 109.215200
100.000000, 104.068422
100.000000, 98.921643
100.000000, 93.774865
100.000000, 88.628087
100.000000, 83.481309
100.000000, 78.334531
100.000000, 73.187753
100.000000, 68.040975
100.000000, 62.894196
100.000000, 57.747418
100.000000, 52.600640
100.000000, 47.453862
100.000000, 42.307084
100.000000, 37.160306
100.000000, 32.013527
100.000000, 26.866749
100.000000, 21.719971
100.000000, 16.573193
100.000000, 11.426415
100.000000, 6.279637
100.000000, 1.132858
100.000000, 355.986080
100.000000, 350.839302
100.000000, 345.692524
100.000000, 340.545746
100.000000, 335.398968
100.000000, 330.252189
100.000000, 325.105411
100.000000, 319.958633
100.000000, 314.811855
100.000000, 309.665077
100.000000, 304.518299
100.000000, 299.371521
100.000000, 294.224742
100.000000, 289.077964
100.000000, 283.931186
100.000000, 278.784408
100.000000, 273.637630
100.000000, 268.490852
100.000000, 263.344073
100.000000, 258.197295
100.000000, 253.050517
100.000000, 247.903739
100.000000, 242.756961
100.000000, 237.610183
100.000000, 232.463404
100.000000, 227.316626
100.000000, 222.169848
100.000000, 217.023070
100.000000, 211.876292
100.000000, 206.729514
100.000000, 201.582735
100.000000, 196.435957
100.000000, 191.289179
100.000000, 186.142401
100.000000, 180.995623
100.000000, 175.848845
100.000000, 170.702067
100.000000, 165.555288
100.000000, 160.408510
100.000000, 155.261732
100.000000, 150.114954
100.000000, 144.968176
100.000000, 139.821398
100.000000, 134.674619
100.000000, 129.527841
100.000000, 124.381063
100.000000, 119.234285
100.000000, 114.087507
100.000000, 108.940729
100.000000, 103.793950
100.000000, 98.647172
100.000000, 93.500394
100.000000, 88.353616
100.000000, 83.206838
100.000000, 78.060060
100.000000, 72.913281
100.000000, 67.766503
100.000000, 62.619725
100.000000, 57.472947
100.000000, 52.326169
100.000000, 47.179391
100.000000, 42.032613
100.000000, 36.885834
100.000000, 31.739056
100.000000, 26.592278
100.000000, 21.445500
100.000000, 16.298722
100.000000, 11.151944
100.000000, 6.005165
100.000000, 0.858387
100.000000, 355.711609
100.000000, 350.564831
100.000000, 345.418053
100.000000, 340.271275
100.000000, 335.124496
100.000000, 329.977718
100.000000, 324.830940
100.000000, 319.684162
100.000000, 314.537384
100.000000, 309.390606
100.000000, 304.243827
100.000000, 299.097049
100.000000, 293.950271
100.000000, 288.803493
100.000000, 283.656715
100.000000, 278.509937
100.000000, 273.363159
100.000000, 268.216380
100.000000, 263.069602
100.000000, 257.922824
100.000000, 252.776046
100.000000, 247.629268
100.000000, 242.482490
100.000000, 237.335711
100.000000, 232.188933
100.000000, 227.042155
100.000000, 221.895377
100.000000, 216.748599
100.000000, 211.601821
100.000000, 206.455042
100.000000, 201.308264
100.000000, 196.161486
100.000000, 191.014708
100.000000, 185.867930
100.000000, 180.721152
100.000000, 175.574373
100.000000, 170.427595
100.000000, 165.280817
100.000000, 160.134039
100.000000, 154.987261
100.000000, 149.840483
100.000000, 144.693705
100.000000, 139.546926
100.000000, 134.400148
100.000000, 129.253370
100.000000, 124.106592
100.000000, 118.959814
100.000000, 113.813036
100.000000, 108.666257
100.000000, 103.519479
100.000000, 98.372701
100.000000, 93.225923
100.000000, 88.079145
100.000000, 82.932367
100.000000, 77.785588
100.000000, 72.638810
100.000000, 67.492032
100.000000, 62.345254
100.000000, 57.198476
100.000000, 52.051698
100.000000, 46.904919
100.000000, 41.758141
100.000000, 36.611363
100.000000, 31.464585
100.000000, 26.317807
100.000000, 21.171029
100.000000, 16.024251
100.000000, 10.877472
100.000000, 5.730694
100.000000, 0.583916
100.000000, 355.437138
100.000000, 350.290360
100.000000, 345.143582
100.000000, 339.996803
100.000000, 334.850025
100.000000, 329.703247
100.000000, 324.556469
100.000000, 319.409691
100.000000, 314.262913
100.000000, 309.116134
100.000000, 303.969356
100.000000, 298.822578
100.000000, 293.675800
100.000000, 288.529022
100.000000, 283.382244
100.000000, 278.235465
100.000000, 273.088687
100.000000, 267.941909
100.000000, 262.795131
100.000000, 257.648353
100.000000, 252.501575
100.000000, 247.354797
100.000000, 242.208018
100.000000, 237.061240
100.000000, 231.914462
100.000000, 226.767684
100.000000, 221.620906
100.000000, 216.474128
100.000000, 211.327349
100.000000, 206.180571
100.000000, 201.033793
100.000000, 195.887015
100.000000, 190.740237
100.000000, 185.593459
100.000000, 180.446680
100.000000, 175.299902
100.000000, 170.153124
100.000000, 165.006346
100.000000, 159.859568
100.000000, 154.712790
100.000000, 149.566011
100.000000, 144.419233
100.000000, 139.272455
100.000000, 134.125677
100.000000, 128.978899
100.000000, 123.832121
100.000000, 118.685343
100.000000, 113.538564
100.000000, 108.391786
100.000000, 103.245008
100.000000, 98.098230
100.000000, 92.951452
100.000000, 87.804674
100.000000, 82.657895
100.000000, 77.511117
100.000000, 72.364339
100.000000, 67.217561
100.000000, 62.070783
100.000000, 56.924005
100.000000, 51.777226
100.000000, 46.630448
100.000000, 41.483670
100.000000, 36.336892
100.000000, 31.190114
100.000000, 26.043336
100.000000, 20.896557
100.000000, 15.749779
100.000000, 10.603001
100.000000, 5.456223
100.000000, 0.309445
100.000000, 355.162667
100.000000, 350.015889
100.000000, 344.869110
100.000000, 339.722332
100.000000, 334.575554
100.000000, 329.428776
100.000000, 324.281998
100.000000, 319.135220
100.000000, 313.988441
100.000000, 308.841663
100.000000, 303.694885
100.000000, 298.548107
100.000000, 293.401329
100.000000, 288.254551
100.000000, 283.107772
100.000000, 277.960994
100.000000, 272.814216
100.000000, 267.667438
100.000000, 262.520660
100.000000, 257.373882
100.000000, 252.227103
100.000000, 247.080325
100.000000, 241.933547
100.000000, 236.786769
100.000000, 231.639991
100.000000, 226.493213
100.000000, 221.346435
100.000000, 216.199656
100.000000, 211.052878
100.000000, 205.906100
100.000000, 200.759322
100.000000, 195.612544
100.000000, 190.465766
100.000000, 185.318987
100.000000, 180.172209
100.000000, 175.025431
100.000000, 169.878653
100.000000, 164.731875
100.000000, 159.585097
100.000000, 154.438318
100.000000, 149.291540
100.000000, 144.144762
100.000000, 138.997984
100.000000, 133.851206
100.000000, 128.704428
100.000000, 123.557649
100.000000, 118.410871
100.000000, 113.264093
100.000000, 108.117315
100.000000, 102.970537
100.000000, 97.823759
100.000000, 92.676981
100.000000, 87.530202
100.000000, 82.383424
100.000000, 77.236646
100.000000, 72.089868
100.000000, 66.943090
100.000000, 61.796312
100.000000, 56.649533
100.000000, 51.502755
100.000000, 46.355977
100.000000, 41.209199
100.000000, 36.062421
100.000000, 30.915643
100.000000, 25.768864
100.000000, 20.622086
100.000000, 15.475308
100.000000, 10.328530
100.000000, 5.181752
100.000000, 0.034974
100.000000, 354.888195
100.000000, 349.741417
100.000000, 344.594639
100.000000, 339.447861
100.000000, 334.301083
100.000000, 329.154305
100.000000, 324.007527
100.000000, 318.860748
100.000000, 313.713970
100.000000, 308.567192
100.000000, 303.420414
100.000000, 298.273636
100.000000, 293.126858
100.000000, 287.980079
100.000000, 282.833301
100.000000, 277.686523
100.000000, 272.539745
100.000000, 267.392967
100.000000, 262.246189
100.000000, 257.099410
100.000000, 251.952632
100.000000, 246.805854
100.000000, 241.659076
100.000000, 236.512298
100.000000, 231.365520
100.000000, 226.218741
100.000000, 221.071963
100.000000, 215.925185
100.000000, 210.778407
100.000000, 205.631629
100.000000, 200.484851
100.000000, 195.338073
100.000000, 190.191294
100.000000, 185.044516
100.000000, 179.897738
100.000000, 174.750960
100.000000, 169.604182
100.000000, 164.457404
100.000000, 159.310625
100.000000, 154.163847
100.000000, 149.017069
100.000000, 143.870291
100.000000, 138.723513
100.000000, 133.576735
100.000000, 128.429956
100.000000, 123.283178
100.000000, 118.136400
100.000000, 112.989622
100.000000, 107.842844
100.000000, 102.696066
100.000000, 97.549287
100.000000, 92.402509
100.000000, 87.255731
100.000000, 82.108953
100.000000, 76.962175
100.000000, 71.815397
100.000000, 66.668619
100.000000, 61.521840
100.000000, 56.375062
100.000000, 51.228284
100.000000, 46.081506
100.000000, 40.934728
100.000000, 35.787950
100.000000, 30.641171
100.000000, 25.494393
100.000000, 20.347615
100.000000, 15.200837
100.000000, 10.054059
100.000000, 4.907281
100.000000, 359.760502
100.000000, 354.613724
100.000000, 349.466946
100.000000, 344.320168
100.000000, 339.173390
100.000000, 334.026612
100.000000, 328.879833
100.000000, 323.733055
100.000000, 318.586277
100.000000, 313.439499
100.000000, 308.292721
100.000000, 303.145943
100.000000, 297.999165
100.000000, 292.852386
100.000000, 287.705608
100.000000, 282.558830
100.000000, 277.412052
100.000000, 272.265274
100.000000, 267.118496
100.000000, 261.971717
100.000000, 256.824939
100.000000, 251.678161
100.000000, 246.531383
100.000000, 241.384605
100.000000, 236.237827
100.000000, 231.091048
100.000000, 225.944270
100.000000, 220.797492
100.000000, 215.650714
100.000000, 210.503936
100.000000, 205.357158
100.000000, 200.210379
100.000000, 195.063601
100.000000, 189.916823
100.000000, 184.770045
100.000000, 179.623267
100.000000, 174.476489
100.000000, 169.329711
100.000000, 164.182932
100.000000, 159.036154
100.000000, 153.889376
100.000000, 148.742598
100.000000, 143.595820
100.000000, 138.449042
100.000000, 133.302263
100.000000, 128.155485
100.000000, 123.008707
100.000000, 117.861929
100.000000, 112.715151
100.000000, 107.568373
100.000000, 102.421594
100.000000, 97.274816
100.000000, 92.128038
100.000000, 86.981260
100.000000, 81.834482
100.000000, 76.687704
100.000000, 71.540925
100.000000, 66.394147
100.000000, 61.247369
100.000000, 56.100591
100.000000, 50.953813
100.000000, 45.807035
100.000000, 40.660257
100.000000, 35.513478
100.000000, 30.366700
100.000000, 25.219922
100.000000, 20.073144
100.000000, 14.926366
100.000000, 9.779588
100.000000, 4.632809
100.000000, 359.486031
100.000000, 354.339253
100.000000, 349.192475
100.000000, 344.045697
100.000000, 338.898919
100.000000, 333.752140
100.000000, 328.605362
100.000000, 323.458584
100.000000, 318.311806
100.000000, 313.165028
100.000000, 308.018250
100.000000, 302.871471
100.000000, 297.724693
100.000000, 292.577915
100.000000, 287.431137
100.000000, 282.284359
100.000000, 277.137581
100.000000, 271.990803
100.000000, 266.844024
100.000000, 261.697246
100.000000, 256.550468
100.000000, 251.403690
100.000000, 246.256912
100.000000, 241.110134
100.000000, 235.963355
100.000000, 230.816577
100.000000, 225.669799
100.000000, 220.523021
100.000000, 215.376243
100.000000, 210.229465
100.000000, 205.082686
100.000000, 199.935908
100.000000, 194.789130
100.000000, 189.642352
100.000000, 184.495574
100.000000, 179.348796
100.000000, 174.202017
100.000000, 169.055239
100.000000, 163.908461
100.000000, 158.761683
100.000000, 153.614905
100.000000, 148.468127
100.000000, 143.321349
100.000000, 138.174570
100.000000, 133.027792
100.000000, 127.881014
100.000000, 122.734236
100.000000, 117.587458
100.000000, 112.440680
100.000000, 107.293901
100.000000, 102.147123
100.000000, 97.000345
100.000000, 91.853567
100.000000, 86.706789
100.000000, 81.560011
100.000000, 76.413232
100.000000, 71.266454
100.000000, 66.119676
100.000000, 60.972898
100.000000, 55.826120
100.000000, 50.679342
100.000000, 45.532563
100.000000, 40.385785
100.000000, 35.239007
100.000000, 30.092229
100.000000, 24.945451
100.000000, 19.798673
100.000000, 14.651895
100.000000, 9.505116
100.000000, 4.358338
100.000000, 359.211560
100.000000, 354.064782
100.000000, 348.918004
100.000000, 343.771226
100.000000, 338.624447
100.000000, 333.477669
100.000000, 328.330891
100.000000, 323.184113
100.000000, 318.037335
100.000000, 312.890557
100.000000, 307.743778
100.000000, 302.597000
100.000000, 297.450222
100.000000, 292.303444
100.000000, 287.156666
100.000000, 282.009888
100.000000, 276.863109
100.000000, 271.716331
100.000000, 266.569553
100.000000, 261.422775
100.000000, 256.275997
100.000000, 251.129219
100.000000, 245.982441
100.000000, 240.835662
100.000000, 235.688884
100.000000, 230.542106
100.000000, 225.395328
100.000000, 220.248550
100.000000, 215.101772
100.000000, 209.954993
100.000000, 204.808215
100.000000, 199.661437
100.000000, 194.514659
100.000000, 189.367881
100.000000, 184.221103
100.000000, 179.074324
100.000000, 173.927546
100.000000, 168.780768
100.000000, 163.633990
100.000000, 158.487212
100.000000, 153.340434
100.000000, 148.193655
100.000000, 143.046877
100.000000, 137.900099
100.000000, 132.753321
100.000000, 127.606543
100.000000, 122.459765
100.000000, 117.312987
100.000000, 112.166208
100.000000, 107.019430
100.000000, 101.872652
100.000000, 96.725874
100.000000, 91.579096
100.000000, 86.432318
100.000000, 81.285539
100.000000, 76.138761
100.000000, 70.991983
100.000000, 65.845205
100.000000, 60.698427
100.000000, 55.551649
100.000000, 50.404870
100.000000, 45.258092
100.000000, 40.111314
100.000000, 34.964536
100.000000, 29.817758
100.000000, 24.670980
100.000000, 19.524201
100.000000, 14.377423
100.000000, 9.230645
100.000000, 4.083867
100.000000, 358.937089
100.000000, 353.790311
100.000000, 348.643533
100.000000, 343.496754
100.000000, 338.349976
100.000000, 333.203198
100.000000, 328.056420
100.000000, 322.909642
100.000000, 317.762864
100.000000, 312.616085
100.000000, 307.469307
100.000000, 302.322529
100.000000, 297.175751
100.000000, 292.028973
100.000000, 286.882195
100.000000, 281.735416
100.000000, 276.588638
100.000000, 271.441860
100.000000, 266.295082
100.000000, 261.148304
100.000000, 256.001526
100.000000, 250.854747
100.000000, 245.707969
100.000000, 240.561191
100.000000, 235.414413
100.000000, 230.267635
100.000000, 225.120857
100.000000, 219.974079
100.000000, 214.827300
100.000000, 209.680522
100.000000, 204.533744
100.000000, 199.386966
100.000000, 194.240188
100.000000, 189.093410
100.000000, 183.946631
100.000000, 178.799853
100.000000, 173.653075
100.000000, 168.506297
100.000000, 163.359519
100.000000, 158.212741
100.000000, 153.065962
100.000000, 147.919184
100.000000, 142.772406
100.000000, 137.625628
100.000000, 132.478850
100.000000, 127.332072
100.000000, 122.185293
100.000000, 117.038515
100.000000, 111.891737
100.000000, 106.744959
100.000000, 101.598181
100.000000, 96.451403
100.000000, 91.304625
100.000000, 86.157846
100.000000, 81.011068
100.000000, 75.864290
100.000000, 70.717512
100.000000, 65.570734
100.000000, 60.423956
100.000000, 55.277177
100.000000, 50.130399
100.000000, 44.983621
100.000000, 39.836843
100.000000, 34.690065
100.000000, 29.543287
100.000000, 24.396508
100.000000, 19.249730
100.000000, 14.102952
100.000000, 8.956174
100.000000, 3.809396
100.000000, 358.662618
100.000000, 353.515839
100.000000, 348.369061
100.000000, 343.222283
100.000000, 338.075505
100.000000, 332.928727
100.000000, 327.781949
100.000000, 322.635171
100.000000, 317.488392
100.000000, 312.341614
100.000000, 307.194836
100.000000, 302.048058
100.000000, 296.901280
100.000000, 291.754502
100.000000, 286.607723
100.000000, 281.460945
100.000000, 276.314167
100.000000, 271.167389
100.000000, 266.020611
100.000000, 260.873833
100.000000, 255.727054
100.000000, 250.580276
100.000000, 245.433498
100.000000, 240.286720
100.000000, 235.139942
100.000000, 229.993164
100.000000, 224.846385
100.000000, 219.699607
100.000000, 214.552829
100.000000, 209.406051
100.000000, 204.259273
100.000000, 199.112495
100.000000, 193.965717
100.000000, 188.818938
100.000000, 183.672160
100.000000, 178.525382
100.000000, 173.378604
100.000000, 168.231826
100.000000, 163.085048
100.000000, 157.938269
100.000000, 152.791491
100.000000, 147.644713
100.000000, 142.497935
100.000000, 137.351157
100.000000, 132.204379
100.000000, 127.057600
100.000000, 121.910822
100.000000, 116.764044
100.000000, 111.617266
100.000000, 106.470488
100.000000, 101.323710
100.000000, 96.176931
100.000000, 91.030153
100.000000, 85.883375
100.000000, 80.736597
100.000000, 75.589819
100.000000, 70.443041
100.000000, 65.296263
100.000000, 60.149484
100.000000, 55.002706
100.000000, 49.855928
100.000000, 44.709150
100.000000, 39.562372
100.000000, 34.415594
100.000000, 29.268815
100.000000, 24.122037
100.000000, 18.975259
100.000000, 13.828481
100.000000, 8.681703
100.000000, 3.534925
100.000000, 358.388146
100.000000, 353.241368
100.000000, 348.094590
100.000000, 342.947812
100.000000, 337.801034
100.000000, 332.654256
100.000000, 327.507477
100.000000, 322.360699
100.000000, 317.213921
100.000000, 312.067143
100.000000, 306.920365
100.000000, 301.773587
100.000000, 296.626809
100.000000, 291.480030
100.000000, 286.333252
100.000000, 281.186474
100.000000, 276.039696
100.000000, 270.892918
100.000000, 265.746140
100.000000, 260.599361
100.000000, 255.452583
100.000000, 250.305805
100.000000, 245.159027
100.000000, 240.012249
100.000000, 234.865471
100.000000, 229.718692
100.000000, 224.571914
100.000000, 219.425136
100.000000, 214.278358
100.000000, 209.131580
100.000000, 203.984802
100.000000, 198.838023
100.000000, 193.691245
100.000000, 188.544467
100.000000, 183.397689
100.000000, 178.250911
100.000000, 173.104133
100.000000, 167.957355
100.000000, 162.810576
100.000000, 157.663798
100.000000, 152.517020
100.000000, 147.370242
100.000000, 142.223464
100.000000, 137.076686
100.000000, 131.929907
100.000000, 126.783129
100.000000, 121.636351
100.000000, 116.489573
100.000000, 111.342795
100.000000, 106.196017
100.000000, 101.049238
100.000000, 95.902460
100.000000, 90.755682
100.000000, 85.608904
100.000000, 80.462126
100.000000, 75.315348
100.000000, 70.168569
100.000000, 65.021791
100.000000, 59.875013
100.000000, 54.728235
100.000000, 49.581457
100.000000, 44.434679
100.000000, 39.287901
100.000000, 34.141122
100.000000, 28.994344
100.000000, 23.847566
100.000000, 18.700788
100.000000, 13.554010
100.000000, 8.407232
100.000000, 3.260453
100.000000, 358.113675
100.000000, 352.966897
100.000000, 347.820119
100.000000, 342.673341
100.000000, 337.526563
100.000000, 332.379784
100.000000, 327.233006
100.000000, 322.086228
100.000000, 316.939450
100.000000, 311.792672
100.000000, 306.645894
100.000000, 301.499115
100.000000, 296.352337
100.000000, 291.205559
100.000000, 286.058781
100.000000, 280.912003
100.000000, 275.765225
100.000000, 270.618447
100.000000, 265.471668
100.000000, 260.324890
100.000000, 255.178112
100.000000, 250.031334
100.000000, 244.884556
100.000000, 239.737778
100.000000, 234.590999
100.000000, 229.444221
100.000000, 224.297443
100.000000, 219.150665
100.000000, 214.003887
100.000000, 208.857109
100.000000, 203.710330
100.000000, 198.563552
100.000000, 193.416774
100.000000, 188.269996
100.000000, 183.123218
100.000000, 177.976440
100.000000, 172.829661
100.000000, 167.682883
100.000000, 162.536105
100.000000, 157.389327
100.000000, 152.242549
100.000000, 147.095771
100.000000, 141.948993
100.000000, 136.802214
100.000000, 131.655436
100.000000, 126.508658
100.000000, 121.361880
100.000000, 116.215102
100.000000, 111.068324
100.000000, 105.921545
100.000000, 100.774767
100.000000, 95.627989
100.000000, 90.481211
100.000000, 85.334433
100.000000, 80.187655
100.000000, 75.040876
100.000000, 69.894098
100.000000, 64.747320
100.000000, 59.600542
100.000000, 54.453764
100.000000, 49.306986
100.000000, 44.160207
100.000000, 39.013429
100.000000, 33.866651
100.000000, 28.719873
100.000000, 23.573095
100.000000, 18.426317
100.000000, 13.279539
100.000000, 8.132760
100.000000, 2.985982
100.000000, 357.839204
100.000000, 352.692426
100.000000, 347.545648
100.000000, 342.398870
100.000000, 337.252091
100.000000, 332.105313
100.000000, 326.958535
100.000000, 321.811757
100.000000, 316.664979
100.000000, 311.518201
100.000000, 306.371422
100.000000, 301.224644
100.000000, 296.077866
100.000000, 290.931088
100.000000, 285.784310
100.000000, 280.637532
100.000000, 275.490753
100.000000, 270.343975
100.000000, 265.197197
100.000000, 260.050419
100.000000, 254.903641
100.000000, 249.756863
100.000000, 244.610085
100.000000, 239.463306
100.000000, 234.316528
100.000000, 229.169750
100.000000, 224.022972
100.000000, 218.876194
100.000000, 213.729416
100.000000, 208.582637
100.000000, 203.435859
100.000000, 198.289081
100.000000, 193.142303
100.000000, 187.995525
100.000000, 182.848747
100.000000, 177.701968
100.000000, 172.555190
100.000000, 167.408412
100.000000, 162.261634
100.000000, 157.114856
100.000000, 151.968078
100.000000, 146.821299
100.000000, 141.674521
100.000000, 136.527743
100.000000, 131.380965
100.000000, 126.234187
100.000000, 121.087409
100.000000, 115.940631
100.000000, 110.793852
100.000000, 105.647074
100.000000, 100.500296
100.000000, 95.353518
100.000000, 90.206740
100.000000, 85.059962
100.000000, 79.913183
100.000000, 74.766405
100.000000, 69.619627
100.000000, 64.472849
100.000000, 59.326071
100.000000, 54.179293
100.000000, 49.032514
100.000000, 43.885736
100.000000, 38.738958
100.000000, 33.592180
100.000000, 28.445402
100.000000, 23.298624
100.000000, 18.151845
100.000000, 13.005067
100.000000, 7.858289
100.000000, 2.711511
100.000000, 357.564733
100.000000, 352.417955
100.000000, 347.271177
100.000000, 342.124398
100.000000, 336.977620
100.000000, 331.830842
100.000000, 326.684064
100.000000, 321.537286
100.000000, 316.390508
100.000000, 311.243729
100.000000, 306.096951
100.000000, 300.950173
100.000000, 295.803395
100.000000, 290.656617
100.000000, 285.509839
100.000000, 280.363060
100.000000, 275.216282
100.000000, 270.069504
100.000000, 264.922726
100.000000, 259.775948
100.000000, 254.629170
100.000000, 249.482391
100.000000, 244.335613
100.000000, 239.188835
100.000000, 234.042057
100.000000, 228.895279
100.000000, 223.748501
100.000000, 218.601723
100.000000, 213.454944
100.000000, 208.308166
100.000000, 203.161388
100.000000, 198.014610
100.000000, 192.867832
100.000000, 187.721054
100.000000, 182.574275
100.000000, 177.427497
100.000000, 172.280719
100.000000, 167.133941
100.000000, 161.987163
100.000000, 156.840385
100.000000, 151.693606
100.000000, 146.546828
100.000000, 141.400050
100.000000, 136.253272
100.000000, 131.106494
100.000000, 125.959716
100.000000, 120.812937
100.000000, 115.666159
100.000000, 110.519381
100.000000, 105.372603
100.000000, 100.225825
100.000000, 95.079047
100.000000, 89.932269
100.000000, 84.785490
100.000000, 79.638712
100.000000, 74.491934
100.000000, 69.345156
100.000000, 64.198378
100.000000, 59.051600
100.000000, 53.904821
100.000000, 48.758043
100.000000, 43.611265
100.000000, 38.464487
100.000000, 33.317709
100.000000, 28.170931
100.000000, 23.024152
100.000000, 17.877374
100.000000, 12.730596
100.000000, 7.583818
100.000000, 2.437040
100.000000, 357.290262
100.000000, 352.143483
100.000000, 346.996705
100.000000, 341.849927
100.000000, 336.703149
100.000000, 331.556371
100.000000, 326.409593
100.000000, 321.262815
100.000000, 316.116036
100.000000, 310.969258
100.000000, 305.822480
100.000000, 300.675702
100.000000, 295.528924
100.000000, 290.382146
100.000000, 285.235367
100.000000, 280.088589
100.000000, 274.941811
100.000000, 269.795033
100.000000, 264.648255
100.000000, 259.501477
100.000000, 254.354698
100.000000, 249.207920
100.000000, 244.061142
100.000000, 238.914364
100.000000, 233.767586
100.000000, 228.620808
100.000000, 223.474029
100.000000, 218.327251
100.000000, 213.180473
100.000000, 208.033695
100.000000, 202.886917
100.000000, 197.740139
100.000000, 192.593361
100.000000, 187.446582
100.000000, 182.299804
100.000000, 177.153026
100.000000, 172.006248
100.000000, 166.859470
100.000000, 161.712692
100.000000, 156.565913
100.000000, 151.419135
100.000000, 146.272357
100.000000, 141.125579
100.000000, 135.978801
100.000000, 130.832023
100.000000, 125.685244
100.000000, 120.538466
100.000000, 115.391688
100.000000, 110.244910
100.000000, 105.098132
100.000000, 99.951354
100.000000, 94.804575
100.000000, 89.657797
100.000000, 84.511019
100.000000, 79.364241
100.000000, 74.217463
100.000000, 69.070685
100.000000, 63.923907
100.000000, 58.777128
100.000000, 53.630350
100.000000, 48.483572
100.000000, 43.336794
100.000000, 38.190016
100.000000, 33.043238
100.000000, 27.896459
100.000000, 22.749681
100.000000, 17.602903
100.000000, 12.456125
100.000000, 7.309347
100.000000, 2.162569
100.000000, 357.015790
100.000000, 351.869012
100.000000, 346.722234
100.000000, 341.575456
100.000000, 336.428678
100.000000, 331.281900
100.000000, 326.135121
100.000000, 320.988343
100.000000, 315.841565
100.000000, 310.694787
100.000000, 305.548009
100.000000, 300.401231
100.000000, 295.254453
100.000000, 290.107674
100.000000, 284.960896
100.000000, 279.814118
100.000000, 274.667340
100.000000, 269.520562
100.000000, 264.373784
100.000000, 259.227005
100.000000, 254.080227
100.000000, 248.933449
100.000000, 243.786671
100.000000, 238.639893
100.000000, 233.493115
100.000000, 228.346336
100.000000, 223.199558
100.000000, 218.052780
100.000000, 212.906002
100.000000, 207.759224
100.000000, 202.612446
100.000000, 197.465667
100.000000, 192.318889
100.000000, 187.172111
100.000000, 182.025333
100.000000, 176.878555
100.000000, 171.731777
100.000000, 166.584999
100.000000, 161.438220
100.000000, 156.291442
100.000000, 151.144664
100.000000, 145.997886
100.000000, 140.851108
100.000000, 135.704330
100.000000, 130.557551
100.000000, 125.410773
100.000000, 120.263995
100.000000, 115.117217
100.000000, 109.970439
100.000000, 104.823661
100.000000, 99.676882
100.000000, 94.530104
100.000000, 89.383326
100.000000, 84.236548
100.000000, 79.089770
100.000000, 73.942992
100.000000, 68.796213
100.000000, 63.649435
100.000000, 58.502657
100.000000, 53.355879
100.000000, 48.209101
100.000000, 43.062323
100.000000, 37.915545
100.000000, 32.768766
100.000000, 27.621988
100.000000, 22.475210
100.000000, 17.328432
100.000000, 12.181654
100.000000, 7.034876
100.000000, 1.888097
100.000000, 356.741319
100.000000, 351.594541
100.000000, 346.447763
100.000000, 341.300985
100.000000, 336.154207
100.000000, 331.007428
100.000000, 325.860650
100.000000, 320.713872
100.000000, 315.567094
100.000000, 310.420316
100.000000, 305.273538
100.000000, 300.126759
100.000000, 294.979981
100.000000, 289.833203
100.000000, 284.686425
100.000000, 279.539647
100.000000, 274.392869
100.000000, 269.246091
100.000000, 264.099312
100.000000, 258.952534
100.000000, 253.805756
100.000000, 248.658978
100.000000, 243.512200
100.000000, 238.365422
100.000000, 233.218643
100.000000, 228.071865
100.000000, 222.925087
100.000000, 217.778309
100.000000, 212.631531
100.000000, 207.484753
100.000000, 202.337974
100.000000, 197.191196
100.000000, 192.044418
100.000000, 186.897640
100.000000, 181.750862
100.000000, 176.604084
100.000000, 171.457305
100.000000, 166.310527
100.000000, 161.163749
100.000000, 156.016971
100.000000, 150.870193
100.000000, 145.723415
100.000000, 140.576637
100.000000, 135.429858
100.000000, 130.283080
100.000000, 125.136302
100.000000, 119.989524
100.000000, 114.842746
100.000000, 109.695968
100.000000, 104.549189
100.000000, 99.402411
100.000000, 94.255633
100.000000, 89.108855
100.000000, 83.962077
100.000000, 78.815299
100.000000, 73.668520
100.000000, 68.521742
100.000000, 63.374964
100.000000, 58.228186
100.000000, 53.081408
100.000000, 47.934630
100.000000, 42.787851
100.000000, 37.641073
100.000000, 32.494295
100.000000, 27.347517
100.000000, 22.200739
100.000000, 17.053961
100.000000, 11.907183
100.000000, 6.760404
100.000000, 1.613626
100.000000, 356.466848
100.000000, 351.320070
100.000000, 346.173292
100.000000, 341.026514
100.000000, 335.879735
100.000000, 330.732957
100.000000, 325.586179
100.000000, 320.439401
100.000000, 315.292623
100.000000, 310.145845
100.000000, 304.999066
100.000000, 299.852288
100.000000, 294.705510
100.000000, 289.558732
100.000000, 284.411954
100.000000, 279.265176
100.000000, 274.118397
100.000000, 268.971619
100.000000, 263.824841
100.000000, 258.678063
100.000000, 253.531285
100.000000, 248.384507
100.000000, 243.237729
100.000000, 238.090950
100.000000, 232.944172
100.000000, 227.797394
100.000000, 222.650616
100.000000, 217.503838
100.000000, 212.357060
100.000000, 207.210281
100.000000, 202.063503
100.000000, 196.916725
100.000000, 191.769947
100.000000, 186.623169
100.000000, 181.476391
100.000000, 176.329612
100.000000, 171.182834
100.000000, 166.036056
100.000000, 160.889278
100.000000, 155.742500
100.000000, 150.595722
100.000000, 145.448943
100.000000, 140.302165
100.000000, 135.155387
100.000000, 130.008609
100.000000, 124.861831
100.000000, 119.715053
100.000000, 114.568275
100.000000, 109.421496
100.000000, 104.274718
100.000000, 99.127940
100.000000, 93.981162
100.000000, 88.834384
100.000000, 83.687606
100.000000, 78.540827
100.000000, 73.394049
100.000000, 68.247271
100.000000, 63.100493
100.000000, 57.953715
100.000000, 52.806937
100.000000, 47.660158
100.000000, 42.513380
100.000000, 37.366602
100.000000, 32.219824
100.000000, 27.073046
100.000000, 21.926268
100.000000, 16.779489
100.000000, 11.632711
100.000000, 6.485933
100.000000, 1.339155
100.000000, 356.192377
100.000000, 351.045599
100.000000, 345.898821
100.000000, 340.752042
100.000000, 335.605264
100.000000, 330.458486
100.000000, 325.311708
100.000000, 320.164930
100.000000, 315.018152
100.000000, 309.871373
100.000000, 304.724595
100.000000, 299.577817
100.000000, 294.431039
100.000000, 289.284261
100.000000, 284.137483
100.000000, 278.990704
100.000000, 273.843926
100.000000, 268.697148
100.000000, 263.550370
100.000000, 258.403592
100.000000, 253.256814
100.000000, 248.110035
100.000000, 242.963257
100.000000, 237.816479
100.000000, 232.669701
100.000000, 227.522923
100.000000, 222.376145
100.000000, 217.229367
100.000000, 212.082588
100.000000, 206.935810
100.000000, 201.789032
100.000000, 196.642254
100.000000, 191.495476
100.000000, 186.348698
100.000000, 181.201919
100.000000, 176.055141
100.000000, 170.908363
100.000000, 165.761585
100.000000, 160.614807
100.000000, 155.468029
100.000000, 150.321250
100.000000, 145.174472
100.000000, 140.027694
100.000000, 134.880916
100.000000, 129.734138
100.000000, 124.587360
100.000000, 119.440581
100.000000, 114.293803
100.000000, 109.147025
100.000000, 104.000247
100.000000, 98.853469
100.000000, 93.706691
100.000000, 88.559913
100.000000, 83.413134
100.000000, 78.266356
100.000000, 73.119578
100.000000, 67.972800
100.000000, 62.826022
100.000000, 57.679244
100.000000, 52.532465
100.000000, 47.385687
100.000000, 42.238909
100.000000, 37.092131
100.000000, 31.945353
100.000000, 26.798575
100.000000, 21.651796
100.000000, 16.505018
100.000000, 11.358240
100.000000, 6.211462
100.000000, 1.064684
100.000000, 355.917906
100.000000, 350.771127
100.000000, 345.624349
100.000000, 340.477571
100.000000, 335.330793
100.000000, 330.184015
100.000000, 325.037237
100.000000, 319.890459
100.000000, 314.743680
100.000000, 309.596902
100.000000, 304.450124
100.000000, 299.303346
100.000000, 294.156568
100.000000, 289.009790
100.000000, 283.863011
100.000000, 278.716233
100.000000, 273.569455
100.000000, 268.422677
100.000000, 263.275899
100.000000, 258.129121
100.000000, 252.982342
100.000000, 247.835564
100.000000, 242.688786
100.000000, 237.542008
100.000000, 232.395230
100.000000, 227.248452
100.000000, 222.101673
100.000000, 216.954895
100.000000, 211.808117
100.000000, 206.661339
100.000000, 201.514561
100.000000, 196.367783
100.000000, 191.221005
100.000000, 186.074226
100.000000, 180.927448
100.000000, 175.780670
100.000000, 170.633892
100.000000, 165.487114
100.000000, 160.340336
100.000000, 155.193557
100.000000, 150.046779
100.000000, 144.900001
100.000000, 139.753223
100.000000, 134.606445
100.000000, 129.459667
100.000000, 124.312888
100.000000, 119.166110
100.000000, 114.019332
100.000000, 108.872554
100.000000, 103.725776
100.000000, 98.578998
100.000000, 93.432219
100.000000, 88.285441
100.000000, 83.138663
100.000000, 77.991885
100.000000, 72.845107
100.000000, 67.698329
100.000000, 62.551551
100.000000, 57.404772
100.000000, 52.257994
100.000000, 47.111216
100.000000, 41.964438
100.000000, 36.817660
100.000000, 31.670882
100.000000, 26.524103
100.000000, 21.377325
100.000000, 16.230547
100.000000, 11.083769
100.000000, 5.936991
100.000000, 0.790213
100.000000, 355.643434
100.000000, 350.496656
100.000000, 345.349878
100.000000, 340.203100
100.000000, 335.056322
100.000000, 329.909544
100.000000, 324.762765
100.000000, 319.615987
100.000000, 314.469209
100.000000, 309.322431
100.000000, 304.175653
100.000000, 299.028875
100.000000, 293.882097
100.000000, 288.735318
100.000000, 283.588540
100.000000, 278.441762
100.000000, 273.294984
100.000000, 268.148206
100.000000, 263.001428
100.000000, 257.854649
100.000000, 252.707871
100.000000, 247.561093
100.000000, 242.414315
100.000000, 237.267537
100.000000, 232.120759
100.000000, 226.973980
100.000000, 221.827202
100.000000, 216.680424
100.000000, 211.533646
100.000000, 206.386868
100.000000, 201.240090
100.000000, 196.093311
100.000000, 190.946533
100.000000, 185.799755
100.000000, 180.652977
100.000000, 175.506199
100.000000, 170.359421
100.000000, 165.212643
100.000000, 160.065864
100.000000, 154.919086
100.000000, 149.772308
100.000000, 144.625530
100.000000, 139.478752
100.000000, 134.331974
100.000000, 129.185195
100.000000, 124.038417
100.000000, 118.891639
100.000000, 113.744861
100.000000, 108.598083
100.000000, 103.451305
100.000000, 98.304526
100.000000, 93.157748
100.000000, 88.010970
100.000000, 82.864192
100.000000, 77.717414
100.000000, 72.570636
100.000000, 67.423857
100.000000, 62.277079
100.000000, 57.130301
100.000000, 51.983523
100.000000, 46.836745
100.000000, 41.689967
100.000000, 36.543189
100.000000, 31.396410
100.000000, 26.249632
100.000000, 21.102854
100.000000, 15.956076
100.000000, 10.809298
100.000000, 5.662520
100.000000, 0.515741
100.000000, 355.368963
100.000000, 350.222185
100.000000, 345.075407
100.000000, 339.928629
100.000000, 334.781851
100.000000, 329.635072
100.000000, 324.488294
100.000000, 319.341516
100.000000, 314.194738
100.000000, 309.047960
100.000000, 303.901182
100.000000, 298.754403
100.000000, 293.607625
100.000000, 288.460847
100.000000, 283.314069
100.000000, 278.167291
100.000000, 273.020513
100.000000, 267.873735
100.000000, 262.726956
100.000000, 257.580178
100.000000, 252.433400
100.000000, 247.286622
100.000000, 242.139844
100.000000, 236.993066
100.000000, 231.846287
100.000000, 226.699509
100.000000, 221.552731
100.000000, 216.405953
100.000000, 211.259175
100.000000, 206.112397
100.000000, 200.965618
100.000000, 195.818840
100.000000, 190.672062
100.000000, 185.525284
100.000000, 180.378506
100.000000, 175.231728
100.000000, 170.084949
100.000000, 164.938171
100.000000, 159.791393
100.000000, 154.644615
100.000000, 149.497837
100.000000, 144.351059
100.000000, 139.204281
100.000000, 134.057502
100.000000, 128.910724
100.000000, 123.763946
100.000000, 118.617168
100.000000, 113.470390
100.000000, 108.323612
100.000000, 103.176833
100.000000, 98.030055
100.000000, 92.883277
100.000000, 87.736499
100.000000, 82.589721
100.000000, 77.442943
100.000000, 72.296164
100.000000, 67.149386
100.000000, 62.002608
100.000000, 56.855830
100.000000, 51.709052
100.000000, 46.562274
100.000000, 41.415495
100.000000, 36.268717
100.000000, 31.121939
100.000000, 25.975161
100.000000, 20.828383
100.000000, 15.681605
100.000000, 10.534827
100.000000, 5.388048
100.000000, 0.241270
100.000000, 355.094492
100.000000, 349.947714
100.000000, 344.800936
100.000000, 339.654158
100.000000, 334.507379
100.000000, 329.360601
100.000000, 324.213823
100.000000, 319.067045
100.000000, 313.920267
100.000000, 308.773489
100.000000, 303.626710
100.000000, 298.479932
100.000000, 293.333154
100.000000, 288.186376
100.000000, 283.039598
100.000000, 277.892820
100.000000, 272.746041
100.000000, 267.599263
100.000000, 262.452485
100.000000, 257.305707
100.000000, 252.158929
100.000000, 247.012151
100.000000, 241.865373
100.000000, 236.718594
100.000000, 231.571816
100.000000, 226.425038
100.000000, 221.278260
100.000000, 216.131482
100.000000, 210.984704
100.000000, 205.837925
100.000000, 200.691147
100.000000, 195.544369
100.000000, 190.397591
100.000000, 185.250813
100.000000, 180.104035
100.000000, 174.957256
100.000000, 169.810478
100.000000, 164.663700
100.000000, 159.516922
100.000000, 154.370144
100.000000, 149.223366
100.000000, 144.076587
100.000000, 138.929809
100.000000, 133.783031
100.000000, 128.636253
100.000000, 123.489475
100.000000, 118.342697
100.000000, 113.195919
100.000000, 108.049140
100.000000, 102.902362
100.000000, 97.755584
100.000000, 92.608806
100.000000, 87.462028
100.000000, 82.315250
100.000000, 77.168471
100.000000, 72.021693
100.000000, 66.874915
100.000000, 61.728137
100.000000, 56.581359
100.000000, 51.434581
100.000000, 46.287802
100.000000, 41.141024
100.000000, 35.994246
100.000000, 30.847468
100.000000, 25.700690
100.000000, 20.553912
100.000000, 15.407133
100.000000, 10.260355
100.000000, 5.113577
100.000000, 359.966799
100.000000, 354.820021
100.000000, 349.673243
100.000000, 344.526465
100.000000, 339.379686
100.000000, 334.232908
100.000000, 329.086130
100.000000, 323.939352
100.000000, 318.792574
100.000000, 313.645796
100.000000, 308.499017
100.000000, 303.352239
100.000000, 298.205461
100.000000, 293.058683
100.000000, 287.911905
100.000000, 282.765127
100.000000, 277.618348
100.000000, 272.471570
100.000000, 267.324792
100.000000, 262.178014
100.000000, 257.031236
100.000000, 251.884458
100.000000, 246.737679
100.000000, 241.590901
100.000000, 236.444123
100.000000, 231.297345
100.000000, 226.150567
100.000000, 221.003789
100.000000, 215.857011
100.000000, 210.710232
100.000000, 205.563454
100.000000, 200.416676
100.000000, 195.269898
100.000000, 190.123120
100.000000, 184.976342
100.000000, 179.829563
100.000000, 174.682785
100.000000, 169.536007
100.000000, 164.389229
100.000000, 159.242451
100.000000, 154.095673
100.000000, 148.948894
100.000000, 143.802116
100.000000, 138.655338
100.000000, 133.508560
100.000000, 128.361782
100.000000, 123.215004
100.000000, 118.068225
100.000000, 112.921447
100.000000, 107.774669
100.000000, 102.627891
100.000000, 97.481113
100.000000, 92.334335
100.000000, 87.187557
100.000000, 82.040778
100.000000, 76.894000
100.000000, 71.747222
100.000000, 66.600444
100.000000, 61.453666
100.000000, 56.306888
100.000000, 51.160109
100.000000, 46.013331
100.000000, 40.866553
100.000000, 35.719775
100.000000, 30.572997
100.000000, 25.426219
100.000000, 20.279440
100.000000, 15.132662
100.000000, 9.985884
100.000000, 4.839106
100.000000, 359.692328
100.000000, 354.545550
100.000000, 349.398771
100.000000, 344.251993
100.000000, 339.105215
100.000000, 333.958437
100.000000, 328.811659
100.000000, 323.664881
100.000000, 318.518103
100.000000, 313.371324
100.000000, 308.224546
100.000000, 303.077768
100.000000, 297.930990
100.000000, 292.784212
100.000000, 287.637434
100.000000, 282.490655
100.000000, 277.343877
100.000000, 272.197099
100.000000, 267.050321
100.000000, 261.903543
100.000000, 256.756765
100.000000, 251.609986
100.000000, 246.463208
100.000000, 241.316430
100.000000, 236.169652
100.000000, 231.022874
100.000000, 225.876096
100.000000, 220.729317
100.000000, 215.582539
100.000000, 210.435761
100.000000, 205.288983
100.000000, 200.142205
100.000000, 194.995427
100.000000, 189.848649
100.000000, 184.701870
100.000000, 179.555092
100.000000, 174.408314
100.000000, 169.261536
100.000000, 164.114758
100.000000, 158.967980
100.000000, 153.821201
100.000000, 148.674423
100.000000, 143.527645
100.000000, 138.380867
100.000000, 133.234089
100.000000, 128.087311
100.000000, 122.940532
100.000000, 117.793754
100.000000, 112.646976
100.000000, 107.500198
100.000000, 102.353420
100.000000, 97.206642
100.000000, 92.059863
100.000000, 86.913085
100.000000, 81.766307
100.000000, 76.619529
100.000000, 71.472751
100.000000, 66.325973
100.000000, 61.179195
100.000000, 56.032416
100.000000, 50.885638
100.000000, 45.738860
100.000000, 40.592082
100.000000, 35.445304
100.000000, 30.298526
100.000000, 25.151747
100.000000, 20.004969
100.000000, 14.858191
100.000000, 9.711413
100.000000, 4.564635
100.000000, 359.417857
100.000000, 354.271078
100.000000, 349.124300
100.000000, 343.977522
100.000000, 338.830744
100.000000, 333.683966
100.000000, 328.537188
100.000000, 323.390409
100.000000, 318.243631
100.000000, 313.096853
100.000000, 307.950075
100.000000, 302.803297
100.000000, 297.656519
100.000000, 292.509741
100.000000, 287.362962
100.000000, 282.216184
100.000000, 277.069406
100.000000, 271.922628
100.000000, 266.775850
100.000000, 261.629072
100.000000, 256.482293
100.000000, 251.335515
100.000000, 246.188737
100.000000, 241.041959
100.000000, 235.895181
100.000000, 230.748403
100.000000, 225.601624
100.000000, 220.454846
100.000000, 215.308068
100.000000, 210.161290
100.000000, 205.014512
100.000000, 199.867734
100.000000, 194.720955
100.000000, 189.574177
100.000000, 184.427399
100.000000, 179.280621
100.000000, 174.133843
100.000000, 168.987065
100.000000, 163.840287
100.000000, 158.693508
100.000000, 153.546730
100.000000, 148.399952
100.000000, 143.253174
100.000000, 138.106396
100.000000, 132.959618
100.000000, 127.812839
100.000000, 122.666061
100.000000, 117.519283
100.000000, 112.372505
100.000000, 107.225727
100.000000, 102.078949
100.000000, 96.932170
100.000000, 91.785392
100.000000, 86.638614
100.000000, 81.491836
100.000000, 76.345058
100.000000, 71.198280
100.000000, 66.051501
100.000000, 60.904723
100.000000, 55.757945
100.000000, 50.611167
100.000000, 45.464389
100.000000, 40.317611
100.000000, 35.170833
100.000000, 30.024054
100.000000, 24.877276
100.000000, 19.730498
100.000000, 14.583720
100.000000, 9.436942
100.000000, 4.290164
100.000000, 359.143385
100.000000, 353.996607
100.000000, 348.849829
100.000000, 343.703051
100.000000, 338.556273
100.000000, 333.409495
100.000000, 328.262716
100.000000, 323.115938
100.000000, 317.969160
100.000000, 312.822382
100.000000, 307.675604
100.000000, 302.528826
100.000000, 297.382047
100.000000, 292.235269
100.000000, 287.088491
100.000000, 281.941713
100.000000, 276.794935
100.000000, 271.648157
100.000000, 266.501379
100.000000, 261.354600
100.000000, 256.207822
100.000000, 251.061044
100.000000, 245.914266
100.000000, 240.767488
100.000000, 235.620710
100.000000, 230.473931
100.000000, 225.327153
100.000000, 220.180375
100.000000, 215.033597
100.000000, 209.886819
100.000000, 204.740041
100.000000, 199.593262
100.000000, 194.446484
100.000000, 189.299706
100.000000, 184.152928
100.000000, 179.006150
100.000000, 173.859372
100.000000, 168.712593
100.000000, 163.565815
100.000000, 158.419037
100.000000, 153.272259
100.000000, 148.125481
100.000000, 142.978703
100.000000, 137.831925
100.000000, 132.685146
100.000000, 127.538368
100.000000, 122.391590
100.000000, 117.244812
100.000000, 112.098034
100.000000, 106.951256
100.000000, 101.804477
100.000000, 96.657699
100.000000, 91.510921
100.000000, 86.364143
100.000000, 81.217365
100.000000, 76.070587
100.000000, 70.923808
100.000000, 65.777030
100.000000, 60.630252
100.000000, 55.483474
100.000000, 50.336696
100.000000, 45.189918
100.000000, 40.043139
100.000000, 34.896361
100.000000, 29.749583
100.000000, 24.602805
100.000000, 19.456027
100.000000, 14.309249
100.000000, 9.162471
100.000000, 4.015692
100.000000, 358.868914
100.000000, 353.722136
100.000000, 348.575358
100.000000, 343.428580
100.000000, 338.281802
100.000000, 333.135023
100.000000, 327.988245
100.000000, 322.841467
100.000000, 317.694689
100.000000, 312.547911
100.000000, 307.401133
100.000000, 302.254354
100.000000, 297.107576
100.000000, 291.960798
100.000000, 286.814020
100.000000, 281.667242
100.000000, 276.520464
100.000000, 271.373685
100.000000, 266.226907
100.000000, 261.080129
100.000000, 255.933351
100.000000, 250.786573
100.000000, 245.639795
100.000000, 240.493017
100.000000, 235.346238
100.000000, 230.199460
100.000000, 225.052682
100.000000, 219.905904
100.000000, 214.759126
100.000000, 209.612348
100.000000, 204.465569
100.000000, 199.318791
100.000000, 194.172013
100.000000, 189.025235
100.000000, 183.878457
100.000000, 178.731679
100.000000, 173.584900
100.000000, 168.438122
100.000000, 163.291344
100.000000, 158.144566
100.000000, 152.997788
100.000000, 147.851010
100.000000, 142.704231
100.000000, 137.557453
100.000000, 132.410675
100.000000, 127.263897
100.000000, 122.117119
100.000000, 116.970341
100.000000, 111.823563
100.000000, 106.676784
100.000000, 101.530006
100.000000, 96.383228
100.000000, 91.236450
100.000000, 86.089672
100.000000, 80.942894
100.000000, 75.796115
100.000000, 70.649337
100.000000, 65.502559
100.000000, 60.355781
100.000000, 55.209003
100.000000, 50.062225
100.000000, 44.915446
100.000000, 39.768668
100.000000, 34.621890
100.000000, 29.475112
100.000000, 24.328334
100.000000, 19.181556
100.000000, 14.034777
100.000000, 8.887999
100.000000, 3.741221
100.000000, 358.594443
100.000000, 353.447665
100.000000, 348.300887
100.000000, 343.154109
100.000000, 338.007330
100.000000, 332.860552
100.000000, 327.713774
100.000000, 322.566996
100.000000, 317.420218
100.000000, 312.273440
100.000000, 307.126661
100.000000, 301.979883
100.000000, 296.833105
100.000000, 291.686327
100.000000, 286.539549
100.000000, 281.392771
100.000000, 276.245992
100.000000, 271.099214
100.000000, 265.952436
100.000000, 260.805658
100.000000, 255.658880
100.000000, 250.512102
100.000000, 245.365323
100.000000, 240.218545
100.000000, 235.071767
100.000000, 229.924989
100.000000, 224.778211
100.000000, 219.631433
100.000000, 214.484655
100.000000, 209.337876
100.000000, 204.191098
100.000000, 199.044320
100.000000, 193.897542
100.000000, 188.750764
100.000000, 183.603986
100.000000, 178.457207
100.000000, 173.310429
100.000000, 168.163651
100.000000, 163.016873
100.000000, 157.870095
100.000000, 152.723317
100.000000, 147.576538
100.000000, 142.429760
100.000000, 137.282982
100.000000, 132.136204
100.000000, 126.989426
100.000000, 121.842648
100.000000, 116.695869
100.000000, 111.549091
100.000000, 106.402313
100.000000, 101.255535
100.000000, 96.108757
100.000000, 90.961979
100.000000, 85.815201
100.000000, 80.668422
100.000000, 75.521644
100.000000, 70.374866
100.000000, 65.228088
100.000000, 60.081310
100.000000, 54.934532
100.000000, 49.787753
100.000000, 44.640975
100.000000, 39.494197
100.000000, 34.347419
100.000000, 29.200641
100.000000, 24.053863
100.000000, 18.907084
100.000000, 13.760306
100.000000, 8.613528
100.000000, 3.466750
100.000000, 358.319972
100.000000, 353.173194
100.000000, 348.026415
100.000000, 342.879637
100.000000, 337.732859
100.000000, 332.586081
100.000000, 327.439303
100.000000, 322.292525
100.000000, 317.145747
100.000000, 311.998968
100.000000, 306.852190
100.000000, 301.705412
100.000000, 296.558634
100.000000, 291.411856
100.000000, 286.265078
100.000000, 281.118299
100.000000, 275.971521
100.000000, 270.824743
100.000000, 265.677965
100.000000, 260.531187
100.000000, 255.384409
100.000000, 250.237630
100.000000, 245.090852
100.000000, 239.944074
100.000000, 234.797296
100.000000, 229.650518
100.000000, 224.503740
100.000000, 219.356961
100.000000, 214.210183
100.000000, 209.063405
100.000000, 203.916627
100.000000, 198.769849
100.000000, 193.623071
100.000000, 188.476293
100.000000, 183.329514
100.000000, 178.182736
100.000000, 173.035958
100.000000, 167.889180
100.000000, 162.742402
100.000000, 157.595624
100.000000, 152.448845
100.000000, 147.302067
100.000000, 142.155289
100.000000, 137.008511
100.000000, 131.861733
100.000000, 126.714955
100.000000, 121.568176
100.000000, 116.421398
100.000000, 111.274620
100.000000, 106.127842
100.000000, 100.981064
100.000000, 95.834286
100.000000, 90.687507
100.000000, 85.540729
100.000000, 80.393951
100.000000, 75.247173
100.000000, 70.100395
100.000000, 64.953617
100.000000, 59.806839
100.000000, 54.660060
100.000000, 49.513282
100.000000, 44.366504
100.000000, 39.219726
100.000000, 34.072948
100.000000, 28.926170
100.000000, 23.779391
100.000000, 18.632613
100.000000, 13.485835
100.000000, 8.339057
100.000000, 3.192279
100.000000, 358.045501
100.000000, 352.898722
100.000000, 347.751944
100.000000, 342.605166
100.000000, 337.458388
100.000000, 332.311610
100.000000, 327.164832
100.000000, 322.018053
100.000000, 316.871275
100.000000, 311.724497
100.000000, 306.577719
100.000000, 301.430941
100.000000, 296.284163
100.000000, 291.137385
100.000000, 285.990606
100.000000, 280.843828
100.000000, 275.697050
100.000000, 270.550272
100.000000, 265.403494
100.000000, 260.256716
100.000000, 255.109937
100.000000, 249.963159
100.000000, 244.816381
100.000000, 239.669603
100.000000, 234.522825
100.000000, 229.376047
100.000000, 224.229268
100.000000, 219.082490
100.000000, 213.935712
100.000000, 208.788934
100.000000, 203.642156
100.000000, 198.495378
100.000000, 193.348599
100.000000, 188.201821
100.000000, 183.055043
100.000000, 177.908265
100.000000, 172.761487
100.000000, 167.614709
100.000000, 162.467931
100.000000, 157.321152
100.000000, 152.174374
100.000000, 147.027596
100.000000, 141.880818
100.000000, 136.734040
100.000000, 131.587262
100.000000, 126.440483
100.000000, 121.293705
100.000000, 116.146927
100.000000, 111.000149
100.000000, 105.853371
100.000000, 100.706593
100.000000, 95.559814
100.000000, 90.413036
100.000000, 85.266258
100.000000, 80.119480
100.000000, 74.972702
100.000000, 69.825924
100.000000, 64.679145
100.000000, 59.532367
100.000000, 54.385589
100.000000, 49.238811
100.000000, 44.092033
100.000000, 38.945255
100.000000, 33.798477
100.000000, 28.651698
100.000000, 23.504920
100.000000, 18.358142
100.000000, 13.211364
100.000000, 8.064586
100.000000, 2.917808
100.000000, 357.771029
100.000000, 352.624251
100.000000, 347.477473
100.000000, 342.330695
100.000000, 337.183917
100.000000, 332.037139
100.000000, 326.890360
100.000000, 321.743582
100.000000, 316.596804
100.000000, 311.450026
100.000000, 306.303248
100.000000, 301.156470
100.000000, 296.009691
100.000000, 290.862913
100.000000, 285.716135
100.000000, 280.569357
100.000000, 275.422579
100.000000, 270.275801
100.000000, 265.129023
100.000000, 259.982244
100.000000, 254.835466
100.000000, 249.688688
100.000000, 244.541910
100.000000, 239.395132
100.000000, 234.248354
100.000000, 229.101575
100.000000, 223.954797
100.000000, 218.808019
100.000000, 213.661241
100.000000, 208.514463
100.000000, 203.367685
100.000000, 198.220906
100.000000, 193.074128
100.000000, 187.927350
100.000000, 182.780572
100.000000, 177.633794
100.000000, 172.487016
100.000000, 167.340237
100.000000, 162.193459
100.000000, 157.046681
100.000000, 151.899903
100.000000, 146.753125
100.000000, 141.606347
100.000000, 136.459569
100.000000, 131.312790
100.000000, 126.166012
100.000000, 121.019234
100.000000, 115.872456
100.000000, 110.725678
100.000000, 105.578900
100.000000, 100.432121
100.000000, 95.285343
100.000000, 90.138565
100.000000, 84.991787
100.000000, 79.845009
100.000000, 74.698231
100.000000, 69.551452
100.000000, 64.404674
100.000000, 59.257896
100.000000, 54.111118
100.000000, 48.964340
100.000000, 43.817562
100.000000, 38.670783
100.000000, 33.524005
100.000000, 28.377227
100.000000, 23.230449
100.000000, 18.083671
100.000000, 12.936893
100.000000, 7.790115
100.000000, 2.643336
100.000000, 357.496558
100.000000, 352.349780
100.000000, 347.203002
100.000000, 342.056224
100.000000, 336.909446
100.000000, 331.762667
100.000000, 326.615889
100.000000, 321.469111
100.000000, 316.322333
100.000000, 311.175555
100.000000, 306.028777
100.000000, 300.881998
100.000000, 295.735220
100.000000, 290.588442
100.000000, 285.441664
100.000000, 280.294886
100.000000, 275.148108
100.000000, 270.001329
100.000000, 264.854551
100.000000, 259.707773
100.000000, 254.560995
100.000000, 249.414217
100.000000, 244.267439
100.000000, 239.120661
100.000000, 233.973882
100.000000, 228.827104
100.000000, 223.680326
100.000000, 218.533548
100.000000, 213.386770
100.000000, 208.239992
100.000000, 203.093213
100.000000, 197.946435
100.000000, 192.799657
100.000000, 187.652879
100.000000, 182.506101
100.000000, 177.359323
100.000000, 172.212544
100.000000, 167.065766
100.000000, 161.918988
100.000000, 156.772210
100.000000, 151.625432
100.000000, 146.478654
100.000000, 141.331875
100.000000, 136.185097
100.000000, 131.038319
100.000000, 125.891541
100.000000, 120.744763
100.000000, 115.597985
100.000000, 110.451207
100.000000, 105.304428
100.000000, 100.157650
100.000000, 95.010872
100.000000, 89.864094
100.000000, 84.717316
100.000000, 79.570538
100.000000, 74.423759
100.000000, 69.276981
100.000000, 64.130203
100.000000, 58.983425
100.000000, 53.836647
100.000000, 48.689869
100.000000, 43.543090
100.000000, 38.396312
100.000000, 33.249534
100.000000, 28.102756
100.000000, 22.955978
100.000000, 17.809200
100.000000, 12.662421
100.000000, 7.515643
100.000000, 2.368865
100.000000, 357.222087
100.000000, 352.075309
100.000000, 346.928531
100.000000, 341.781753
100.000000, 336.634974
100.000000, 331.488196
100.000000, 326.341418
100.000000, 321.194640
100.000000, 316.047862
100.000000, 310.901084
100.000000, 305.754305
100.000000, 300.607527
100.000000, 295.460749
100.000000, 290.313971
100.000000, 285.167193
100.000000, 280.020415
100.000000, 274.873636
100.000000, 269.726858
100.000000, 264.580080
100.000000, 259.433302
100.000000, 254.286524
100.000000, 249.139746
100.000000, 243.992967
100.000000, 238.846189
100.000000, 233.699411
100.000000, 228.552633
100.000000, 223.405855
100.000000, 218.259077
100.000000, 213.112299
100.000000, 207.965520
100.000000, 202.818742
100.000000, 197.671964
100.000000, 192.525186
100.000000, 187.378408
100.000000, 182.231630
100.000000, 177.084851
100.000000, 171.938073
100.000000, 166.791295
100.000000, 161.644517
100.000000, 156.497739
100.000000, 151.350961
100.000000, 146.204182
100.000000, 141.057404
100.000000, 135.910626
100.000000, 130.763848
100.000000, 125.617070
100.000000, 120.470292
100.000000, 115.323513
100.000000, 110.176735
100.000000, 105.029957
100.000000, 99.883179
100.000000, 94.736401
100.000000, 89.589623
100.000000, 84.442845
100.000000, 79.296066
100.000000, 74.149288
100.000000, 69.002510
100.000000, 63.855732
100.000000, 58.708954
100.000000, 53.562176
100.000000, 48.415397
100.000000, 43.268619
100.000000, 38.121841
100.000000, 32.975063
100.000000, 27.828285
100.000000, 22.681507
100.000000, 17.534728
100.000000, 12.387950
100.000000, 7.241172
100.000000, 2.094394
100.000000, 356.947616
100.000000, 351.800838
100.000000, 346.654059
100.000000, 341.507281
100.000000, 336.360503
100.000000, 331.213725
100.000000, 326.066947
100.000000, 320.920169
100.000000, 315.773391
100.000000, 310.626612
100.000000, 305.479834
100.000000, 300.333056
100.000000, 295.186278
100.000000, 290.039500
100.000000, 284.892722
100.000000, 279.745943
100.000000, 274.599165
100.000000, 269.452387
100.000000, 264.305609
100.000000, 259.158831
100.000000, 254.012053
100.000000, 248.865274
100.000000, 243.718496
100.000000, 238.571718
100.000000, 233.424940
100.000000, 228.278162
100.000000, 223.131384
100.000000, 217.984605
100.000000, 212.837827
100.000000, 207.691049
100.000000, 202.544271
100.000000, 197.397493
100.000000, 192.250715
100.000000, 187.103937
100.000000, 181.957158
100.000000, 176.810380
100.000000, 171.663602
100.000000, 166.516824
100.000000, 161.370046
100.000000, 156.223268
100.000000, 151.076489
100.000000, 145.929711
100.000000, 140.782933
100.000000, 135.636155
100.000000, 130.489377
100.000000, 125.342599
100.000000, 120.195820
100.000000, 115.049042
100.000000, 109.902264
100.000000, 104.755486
100.000000, 99.608708
100.000000, 94.461930
100.000000, 89.315151
100.000000, 84.168373
100.000000, 79.021595
100.000000, 73.874817
100.000000, 68.728039
100.000000, 63.581261
100.000000, 58.434483
100.000000, 53.287704
100.000000, 48.140926
100.000000, 42.994148
100.000000, 37.847370
100.000000, 32.700592
100.000000, 27.553814
100.000000, 22.407035
100.000000, 17.260257
100.000000, 12.113479
100.000000, 6.966701
100.000000, 1.819923
100.000000, 356.673145
100.000000, 351.526366
100.000000, 346.379588
100.000000, 341.232810
100.000000, 336.086032
100.000000, 330.939254
100.000000, 325.792476
100.000000, 320.645697
100.000000, 315.498919
100.000000, 310.352141
100.000000, 305.205363
100.000000, 300.058585
100.000000, 294.911807
100.000000, 289.765029
100.000000, 284.618250
100.000000, 279.471472
100.000000, 274.324694
100.000000, 269.177916
100.000000, 264.031138
100.000000, 258.884360
100.000000, 253.737581
100.000000, 248.590803
100.000000, 243.444025
100.000000, 238.297247
100.000000, 233.150469
100.000000, 228.003691
100.000000, 222.856912
100.000000, 217.710134
100.000000, 212.563356
100.000000, 207.416578
100.000000, 202.269800
100.000000, 197.123022
100.000000, 191.976243
100.000000, 186.829465
100.000000, 181.682687
100.000000, 176.535909
100.000000, 171.389131
100.000000, 166.242353
100.000000, 161.095575
100.000000, 155.948796
100.000000, 150.802018
100.000000, 145.655240
100.000000, 140.508462
100.000000, 135.361684
100.000000, 130.214906
100.000000, 125.068127
100.000000, 119.921349
100.000000, 114.774571
100.000000, 109.627793
100.000000, 104.481015
100.000000, 99.334237
100.000000, 94.187458
100.000000, 89.040680
100.000000, 83.893902
100.000000, 78.747124
100.000000, 73.600346
100.000000, 68.453568
100.000000, 63.306789
100.000000, 58.160011
100.000000, 53.013233
100.000000, 47.866455
100.000000, 42.719677
100.000000, 37.572899
100.000000, 32.426121
100.000000, 27.279342
100.000000, 22.132564
100.000000, 16.985786
100.000000, 11.839008
100.000000, 6.692230
100.000000, 1.545452
100.000000, 356.398673
100.000000, 351.251895
100.000000, 346.105117
100.000000, 340.958339
100.000000, 335.811561
100.000000, 330.664783
100.000000, 325.518004
100.000000, 320.371226
100.000000, 315.224448
100.000000, 310.077670
100.000000, 304.930892
100.000000, 299.784114
100.000000, 294.637335
100.000000, 289.490557
100.000000, 284.343779
100.000000, 279.197001
100.000000, 274.050223
100.000000, 268.903445
100.000000, 263.756667
100.000000, 258.609888
100.000000, 253.463110
100.000000, 248.316332
100.000000, 243.169554
100.000000, 238.022776
100.000000, 232.875998
100.000000, 227.729219
100.000000, 222.582441
100.000000, 217.435663
100.000000, 212.288885
100.000000, 207.142107
100.000000, 201.995329
100.000000, 196.848550
100.000000, 191.701772
100.000000, 186.554994
100.000000, 181.408216
100.000000, 176.261438
100.000000, 171.114660
100.000000, 165.967881
100.000000, 160.821103
100.000000, 155.674325
100.000000, 150.527547
100.000000, 145.380769
100.000000, 140.233991
100.000000, 135.087213
100.000000, 129.940434
100.000000, 124.793656
100.000000, 119.646878
100.000000, 114.500100
100.000000, 109.353322
100.000000, 104.206544
100.000000, 99.059765
100.000000, 93.912987
100.000000, 88.766209
100.000000, 83.619431
100.000000, 78.472653
100.000000, 73.325875
100.000000, 68.179096
100.000000, 63.032318
100.000000, 57.885540
100.000000, 52.738762
100.000000, 47.591984
100.000000, 42.445206
100.000000, 37.298427
100.000000, 32.151649
100.000000, 27.004871
100.000000, 21.858093
100.000000, 16.711315
100.000000, 11.564537
100.000000, 6.417759
100.000000, 1.270980
100.000000, 356.124202
100.000000, 350.977424
100.000000, 345.830646
100.000000, 340.683868
100.000000, 335.537090
100.000000, 330.390311
100.000000, 325.243533
100.000000, 320.096755
100.000000, 314.949977
100.000000, 309.803199
100.000000, 304.656421
100.000000, 299.509642
100.000000, 294.362864
100.000000, 289.216086
100.000000, 284.069308
100.000000, 278.922530
100.000000, 273.775752
100.000000, 268.628973
100.000000, 263.482195
100.000000, 258.335417
100.000000, 253.188639
100.000000, 248.041861
100.000000, 242.895083
100.000000, 237.748305
100.000000, 232.601526
100.000000, 227.454748
100.000000, 222.307970
100.000000, 217.161192
100.000000, 212.014414
100.000000, 206.867636
100.000000, 201.720857
100.000000, 196.574079
100.000000, 191.427301
100.000000, 186.280523
100.000000, 181.133745
100.000000, 175.986967
100.000000, 170.840188
100.000000, 165.693410
100.000000, 160.546632
100.000000, 155.399854
100.000000, 150.253076
100.000000, 145.106298
100.000000, 139.959519
100.000000, 134.812741
100.000000, 129.665963
100.000000, 124.519185
100.000000, 119.372407
100.000000, 114.225629
100.000000, 109.078851
100.000000, 103.932072
100.000000, 98.785294
100.000000, 93.638516
100.000000, 88.491738
100.000000, 83.344960
100.000000, 78.198182
100.000000, 73.051403
100.000000, 67.904625
100.000000, 62.757847
100.000000, 57.611069
100.000000, 52.464291
100.000000, 47.317513
100.000000, 42.170734
100.000000, 37.023956
100.000000, 31.877178
100.000000, 26.730400
100.000000, 21.583622
100.000000, 16.436844
100.000000, 11.290065
100.000000, 6.143287
100.000000, 0.996509
100.000000, 355.849731
100.000000, 350.702953
100.000000, 345.556175
100.000000, 340.409397
100.000000, 335.262618
100.000000, 330.115840
100.000000, 324.969062
100.000000, 319.822284
100.000000, 314.675506
100.000000, 309.528728
100.000000, 304.381949
100.000000, 299.235171
100.000000, 294.088393
100.000000, 288.941615
100.000000, 283.794837
100.000000, 278.648059
100.000000, 273.501280
100.000000, 268.354502
100.000000, 263.207724
100.000000, 258.060946
100.000000, 252.914168
100.000000, 247.767390
100.000000, 242.620611
100.000000, 237.473833
100.000000, 232.327055
100.000000, 227.180277
100.000000, 222.033499
100.000000, 216.886721
100.000000, 211.739943
100.000000, 206.593164
100.000000, 201.446386
100.000000, 196.299608
100.000000, 191.152830
100.000000, 186.006052
100.000000, 180.859274
100.000000, 175.712495
100.000000, 170.565717
100.000000, 165.418939
100.000000, 160.272161
100.000000, 155.125383
100.000000, 149.978605
100.000000, 144.831826
100.000000, 139.685048
100.000000, 134.538270
100.000000, 129.391492
100.000000, 124.244714
100.000000, 119.097936
100.000000, 113.951157
100.000000, 108.804379
100.000000, 103.657601
100.000000, 98.510823
100.000000, 93.364045
100.000000, 88.217267
100.000000, 83.070489
100.000000, 77.923710
100.000000, 72.776932
100.000000, 67.630154
100.000000, 62.483376
100.000000, 57.336598
100.000000, 52.189820
100.000000, 47.043041
100.000000, 41.896263
100.000000, 36.749485
100.000000, 31.602707
100.000000, 26.455929
100.000000, 21.309151
100.000000, 16.162372
100.000000, 11.015594
100.000000, 5.868816
100.000000, 0.722038
100.000000, 355.575260
100.000000, 350.428482
100.000000, 345.281703
100.000000, 340.134925
100.000000, 334.988147
100.000000, 329.841369
100.000000, 324.694591
100.000000, 319.547813
100.000000, 314.401035
100.000000, 309.254256
100.000000, 304.107478
100.000000, 298.960700
100.000000, 293.813922
100.000000, 288.667144
100.000000, 283.520366
100.000000, 278.373587
100.000000, 273.226809
100.000000, 268.080031
100.000000, 262.933253
100.000000, 257.786475
100.000000, 252.639697
100.000000, 247.492918
100.000000, 242.346140
100.000000, 237.199362
100.000000, 232.052584
100.000000, 226.905806
100.000000, 221.759028
100.000000, 216.612249
100.000000, 211.465471
100.000000, 206.318693
100.000000, 201.171915
100.000000, 196.025137
100.000000, 190.878359
100.000000, 185.731581
100.000000, 180.584802
100.000000, 175.438024
100.000000, 170.291246
100.000000, 165.144468
100.000000, 159.997690
100.000000, 154.850912
100.000000, 149.704133
100.000000, 144.557355
100.000000, 139.410577
100.000000, 134.263799
100.000000, 129.117021
100.000000, 123.970243
100.000000, 118.823464
100.000000, 113.676686
100.000000, 108.529908
100.000000, 103.383130
100.000000, 98.236352
100.000000, 93.089574
100.000000, 87.942795
100.000000, 82.796017
100.000000, 77.649239
100.000000, 72.502461
100.000000, 67.355683
100.000000, 62.208905
100.000000, 57.062127
100.000000, 51.915348
100.000000, 46.768570
100.000000, 41.621792
100.000000, 36.475014
100.000000, 31.328236
100.000000, 26.181458
100.000000, 21.034679
100.000000, 15.887901
100.000000, 10.741123
100.000000, 5.594345
100.000000, 0.447567
100.000000, 355.300789
100.000000, 350.154010
100.000000, 345.007232
100.000000, 339.860454
100.000000, 334.713676
100.000000, 329.566898
100.000000, 324.420120
100.000000, 319.273341
100.000000, 314.126563
100.000000, 308.979785
100.000000, 303.833007
100.000000, 298.686229
100.000000, 293.539451
100.000000, 288.392673
100.000000, 283.245894
100.000000, 278.099116
100.000000, 272.952338
100.000000, 267.805560
100.000000, 262.658782
100.000000, 257.512004
100.000000, 252.365225
100.000000, 247.218447
100.000000, 242.071669
100.000000, 236.924891
100.000000, 231.778113
100.000000, 226.631335
100.000000, 221.484556
100.000000, 216.337778
100.000000, 211.191000
100.000000, 206.044222
100.000000, 200.897444
100.000000, 195.750666
100.000000, 190.603887
100.000000, 185.457109
100.000000, 180.310331
100.000000, 175.163553
100.000000, 170.016775
100.000000, 164.869997
100.000000, 159.723219
100.000000, 154.576440
100.000000, 149.429662
100.000000, 144.282884
100.000000, 139.136106
100.000000, 133.989328
100.000000, 128.842550
100.000000, 123.695771
100.000000, 118.548993
100.000000, 113.402215
100.000000, 108.255437
100.000000, 103.108659
100.000000, 97.961881
100.000000, 92.815102
100.000000, 87.668324
100.000000, 82.521546
100.000000, 77.374768
100.000000, 72.227990
100.000000, 67.081212
100.000000, 61.934433
100.000000, 56.787655
100.000000, 51.640877
100.000000, 46.494099
100.000000, 41.347321
100.000000, 36.200543
100.000000, 31.053765
100.000000, 25.906986
100.000000, 20.760208
100.000000, 15.613430
100.000000, 10.466652
100.000000, 5.319874
100.000000, 0.173096
100.000000, 355.026317
100.000000, 349.879539
100.000000, 344.732761
100.000000, 339.585983
100.000000, 334.439205
100.000000, 329.292427
100.000000, 324.145648
100.000000, 318.998870
100.000000, 313.852092
100.000000, 308.705314
100.000000, 303.558536
100.000000, 298.411758
100.000000, 293.264979
100.000000, 288.118201
100.000000, 282.971423
100.000000, 277.824645
100.000000, 272.677867
100.000000, 267.531089
100.000000, 262.384311
100.000000, 257.237532
100.000000, 252.090754
100.000000, 246.943976
100.000000, 241.797198
100.000000, 236.650420
100.000000, 231.503642
100.000000, 226.356863
100.000000, 221.210085
100.000000, 216.063307
100.000000, 210.916529
100.000000, 205.769751
100.000000, 200.622973
100.000000, 195.476194
100.000000, 190.329416
100.000000, 185.182638
100.000000, 180.035860
100.000000, 174.889082
100.000000, 169.742304
100.000000, 164.595525
100.000000, 159.448747
100.000000, 154.301969
100.000000, 149.155191
100.000000, 144.008413
100.000000, 138.861635
100.000000, 133.714857
100.000000, 128.568078
100.000000, 123.421300
100.000000, 118.274522
100.000000, 113.127744
100.000000, 107.980966
100.000000, 102.834188
100.000000, 97.687409
100.000000, 92.540631
100.000000, 87.393853
100.000000, 82.247075
100.000000, 77.100297
100.000000, 71.953519
100.000000, 66.806740
100.000000, 61.659962
100.000000, 56.513184
100.000000, 51.366406
100.000000, 46.219628
100.000000, 41.072850
100.000000, 35.926071
100.000000, 30.779293
100.000000, 25.632515
100.000000, 20.485737
100.000000, 15.338959
100.000000, 10.192181
100.000000, 5.045403
100.000000, 359.898624
100.000000, 354.751846
100.000000, 349.605068
100.000000, 344.458290
100.000000, 339.311512
100.000000, 334.164734
100.000000, 329.017955
100.000000, 323.871177
100.000000, 318.724399
100.000000, 313.577621
100.000000, 308.430843
100.000000, 303.284065
100.000000, 298.137286
100.000000, 292.990508
100.000000, 287.843730
100.000000, 282.696952
100.000000, 277.550174
100.000000, 272.403396
100.000000, 267.256617
100.000000, 262.109839
100.000000, 256.963061
100.000000, 251.816283
100.000000, 246.669505
100.000000, 241.522727
100.000000, 236.375949
100.000000, 231.229170
100.000000, 226.082392
100.000000, 220.935614
100.000000, 215.788836
100.000000, 210.642058
100.000000, 205.495280
100.000000, 200.348501
100.000000, 195.201723
100.000000, 190.054945
100.000000, 184.908167
100.000000, 179.761389
100.000000, 174.614611
100.000000, 169.467832
100.000000, 164.321054
100.000000, 159.174276
100.000000, 154.027498
100.000000, 148.880720
100.000000, 143.733942
100.000000, 138.587163
100.000000, 133.440385
100.000000, 128.293607
100.000000, 123.146829
100.000000, 118.000051
100.000000, 112.853273
100.000000, 107.706495
100.000000, 102.559716
100.000000, 97.412938
100.000000, 92.266160
100.000000, 87.119382
100.000000, 81.972604
100.000000, 76.825826
100.000000, 71.679047
100.000000, 66.532269
100.000000, 61.385491
100.000000, 56.238713
100.000000, 51.091935
100.000000, 45.945157
100.000000, 40.798378
100.000000, 35.651600
100.000000, 30.504822
100.000000, 25.358044
100.000000, 20.211266
100.000000, 15.064488
100.000000, 9.917709
100.000000, 4.770931
100.000000, 359.624153
100.000000, 354.477375
100.000000, 349.330597
100.000000, 344.183819
100.000000, 339.037041
100.000000, 333.890262
100.000000, 328.743484
100.000000, 323.596706
100.000000, 318.449928
100.000000, 313.303150
100.000000, 308.156372
100.000000, 303.009593
100.000000, 297.862815
100.000000, 292.716037
100.000000, 287.569259
100.000000, 282.422481
100.000000, 277.275703
100.000000, 272.128924
100.000000, 266.982146
100.000000, 261.835368
100.000000, 256.688590
100.000000, 251.541812
100.000000, 246.395034
100.000000, 241.248255
100.000000, 236.101477
100.000000, 230.954699
100.000000, 225.807921
100.000000, 220.661143
100.000000, 215.514365
100.000000, 210.367587
100.000000, 205.220808
100.000000, 200.074030
100.000000, 194.927252
100.000000, 189.780474
100.000000, 184.633696
100.000000, 179.486918
100.000000, 174.340139
100.000000, 169.193361
100.000000, 164.046583
100.000000, 158.899805
100.000000, 153.753027
100.000000, 148.606249
100.000000, 143.459470
100.000000, 138.312692
100.000000, 133.165914
100.000000, 128.019136
100.000000, 122.872358
100.000000, 117.725580
100.000000, 112.578801
100.000000, 107.432023
100.000000, 102.285245
100.000000, 97.138467
100.000000, 91.991689
100.000000, 86.844911
100.000000, 81.698133
100.000000, 76.551354
100.000000, 71.404576
100.000000, 66.257798
100.000000, 61.111020
100.000000, 55.964242
100.000000, 50.817464
100.000000, 45.670685
100.000000, 40.523907
100.000000, 35.377129
100.000000, 30.230351
100.000000, 25.083573
100.000000, 19.936795
100.000000, 14.790016
100.000000, 9.643238
100.000000, 4.496460
100.000000, 359.349682
100.000000, 354.202904
100.000000, 349.056126
100.000000, 343.909347
100.000000, 338.762569
100.000000, 333.615791
100.000000, 328.469013
100.000000, 323.322235
100.000000, 318.175457
100.000000, 313.028679
100.000000, 307.881900
100.000000, 302.735122
100.000000, 297.588344
100.000000, 292.441566
100.000000, 287.294788
100.000000, 282.148010
100.000000, 277.001231
100.000000, 271.854453
100.000000, 266.707675
100.000000, 261.560897
100.000000, 256.414119
100.000000, 251.267341
100.000000, 246.120562
100.000000, 240.973784
100.000000, 235.827006
100.000000, 230.680228
100.000000, 225.533450
100.000000, 220.386672
100.000000, 215.239893
100.000000, 210.093115
100.000000, 204.946337
100.000000, 199.799559
100.000000, 194.652781
100.000000, 189.506003
100.000000, 184.359225
100.000000, 179.212446
100.000000, 174.065668
100.000000, 168.918890
100.000000, 163.772112
100.000000, 158.625334
100.000000, 153.478556
100.000000, 148.331777
100.000000, 143.184999
100.000000, 138.038221
100.000000, 132.891443
100.000000, 127.744665
100.000000, 122.597887
100.000000, 117.451108
100.000000, 112.304330
100.000000, 107.157552
100.000000, 102.010774
100.000000, 96.863996
100.000000, 91.717218
100.000000, 86.570439
100.000000, 81.423661
100.000000, 76.276883
100.000000, 71.130105
100.000000, 65.983327
100.000000, 60.836549
100.000000, 55.689771
100.000000, 50.542992
100.000000, 45.396214
100.000000, 40.249436
100.000000, 35.102658
100.000000, 29.955880
100.000000, 24.809102
100.000000, 19.662323
100.000000, 14.515545
100.000000, 9.368767
100.000000, 4.221989
100.000000, 359.075211
100.000000, 353.928433
100.000000, 348.781654
100.000000, 343.634876
100.000000, 338.488098
100.000000, 333.341320
100.000000, 328.194542
100.000000, 323.047764
100.000000, 317.900985
100.000000, 312.754207
100.000000, 307.607429
100.000000, 302.460651
100.000000, 297.313873
100.000000, 292.167095
100.000000, 287.020317
100.000000, 281.873538
100.000000, 276.726760
100.000000, 271.579982
100.000000, 266.433204
100.000000, 261.286426
100.000000, 256.139648
100.000000, 250.992869
100.000000, 245.846091
100.000000, 240.699313
100.000000, 235.552535
100.000000, 230.405757
100.000000, 225.258979
100.000000, 220.112200
100.000000, 214.965422
100.000000, 209.818644
100.000000, 204.671866
100.000000, 199.525088
100.000000, 194.378310
100.000000, 189.231531
100.000000, 184.084753
100.000000, 178.937975
100.000000, 173.791197
100.000000, 168.644419
100.000000, 163.497641
100.000000, 158.350863
100.000000, 153.204084
100.000000, 148.057306
100.000000, 142.910528
100.000000, 137.763750
100.000000, 132.616972
100.000000, 127.470194
100.000000, 122.323415
100.000000, 117.176637
100.000000, 112.029859
100.000000, 106.883081
100.000000, 101.736303
100.000000, 96.589525
100.000000, 91.442746
100.000000, 86.295968
100.000000, 81.149190
100.000000, 76.002412
100.000000, 70.855634
100.000000, 65.708856
100.000000, 60.562077
100.000000, 55.415299
100.000000, 50.268521
100.000000, 45.121743
100.000000, 39.974965
100.000000, 34.828187
100.000000, 29.681409
100.000000, 24.534630
100.000000, 19.387852
100.000000, 14.241074
100.000000, 9.094296
100.000000, 3.947518
100.000000, 358.800740
100.000000, 353.653961
100.000000, 348.507183
100.000000, 343.360405
100.000000, 338.213627
100.000000, 333.066849
100.000000, 327.920071
100.000000, 322.773292
100.000000, 317.626514
100.000000, 312.479736
100.000000, 307.332958
100.000000, 302.186180
100.000000, 297.039402
100.000000, 291.892623
100.000000, 286.745845
100.000000, 281.599067
100.000000, 276.452289
100.000000, 271.305511
100.000000, 266.158733
100.000000, 261.011955
100.000000, 255.865176
100.000000, 250.718398
100.000000, 245.571620
100.000000, 240.424842
100.000000, 235.278064
100.000000, 230.131286
100.000000, 224.984507
100.000000, 219.837729
100.000000, 214.690951
100.000000, 209.544173
100.000000, 204.397395
100.000000, 199.250617
100.000000, 194.103838
100.000000, 188.957060
100.000000, 183.810282
100.000000, 178.663504
100.000000, 173.516726
100.000000, 168.369948
100.000000, 163.223169
100.000000, 158.076391
100.000000, 152.929613
100.000000, 147.782835
100.000000, 142.636057
100.000000, 137.489279
100.000000, 132.342501
100.000000, 127.195722
100.000000, 122.048944
100.000000, 116.902166
100.000000, 111.755388
100.000000, 106.608610
100.000000, 101.461832
100.000000, 96.315053
100.000000, 91.168275
100.000000, 86.021497
100.000000, 80.874719
100.000000, 75.727941
100.000000, 70.581163
100.000000, 65.434384
100.000000, 60.287606
100.000000, 55.140828
100.000000, 49.994050
100.000000, 44.847272
100.000000, 39.700494
100.000000, 34.553715
100.000000, 29.406937
100.000000, 24.260159
100.000000, 19.113381
100.000000, 13.966603
100.000000, 8.819825
100.000000, 3.673047
100.000000, 358.526268
100.000000, 353.379490
100.000000, 348.232712
100.000000, 343.085934
100.000000, 337.939156
100.000000, 332.792378
100.000000, 327.645599
100.000000, 322.498821
100.000000, 317.352043
100.000000, 312.205265
100.000000, 307.058487
100.000000, 301.911709
100.000000, 296.764930
100.000000, 291.618152
100.000000, 286.471374
100.000000, 281.324596
100.000000, 276.177818
100.000000, 271.031040
100.000000, 265.884261
100.000000, 260.737483
100.000000, 255.590705
100.000000, 250.443927
100.000000, 245.297149
100.000000, 240.150371
100.000000, 235.003593
100.000000, 229.856814
100.000000, 224.710036
100.000000, 219.563258
100.000000, 214.416480
100.000000, 209.269702
100.000000, 204.122924
100.000000, 198.976145
100.000000, 193.829367
100.000000, 188.682589
100.000000, 183.535811
100.000000, 178.389033
100.000000, 173.242255
100.000000, 168.095476
100.000000, 162.948698
100.000000, 157.801920
100.000000, 152.655142
100.000000, 147.508364
100.000000, 142.361586
100.000000, 137.214807
100.000000, 132.068029
100.000000, 126.921251
100.000000, 121.774473
100.000000, 116.627695
100.000000, 111.480917
100.000000, 106.334139
100.000000, 101.187360
100.000000, 96.040582
100.000000, 90.893804
100.000000, 85.747026
100.000000, 80.600248
100.000000, 75.453470
100.000000, 70.306691
100.000000, 65.159913
100.000000, 60.013135
100.000000, 54.866357
100.000000, 49.719579
100.000000, 44.572801
100.000000, 39.426022
100.000000, 34.279244
100.000000, 29.132466
100.000000, 23.985688
100.000000, 18.838910
100.000000, 13.692132
100.000000, 8.545353
100.000000, 3.398575
100.000000, 358.251797
100.000000, 353.105019
100.000000, 347.958241
100.000000, 342.811463
100.000000, 337.664685
100.000000, 332.517906
100.000000, 327.371128
100.000000, 322.224350
100.000000, 317.077572
100.000000, 311.930794
100.000000, 306.784016
100.000000, 301.637237
100.000000, 296.490459
100.000000, 291.343681
100.000000, 286.196903
100.000000, 281.050125
100.000000, 275.903347
100.000000, 270.756568
100.000000, 265.609790
100.000000, 260.463012
100.000000, 255.316234
100.000000, 250.169456
100.000000, 245.022678
100.000000, 239.875899
100.000000, 234.729121
100.000000, 229.582343
100.000000, 224.435565
100.000000, 219.288787
100.000000, 214.142009
100.000000, 208.995231
100.000000, 203.848452
100.000000, 198.701674
100.000000, 193.554896
100.000000, 188.408118
100.000000, 183.261340
100.000000, 178.114562
100.000000, 172.967783
100.000000, 167.821005
100.000000, 162.674227
100.000000, 157.527449
100.000000, 152.380671
100.000000, 147.233893
100.000000, 142.087114
100.000000, 136.940336
100.000000, 131.793558
100.000000, 126.646780
100.000000, 121.500002
100.000000, 116.353224
100.000000, 111.206445
100.000000, 106.059667
100.000000, 100.912889
100.000000, 95.766111
100.000000, 90.619333
100.000000, 85.472555
100.000000, 80.325777
100.000000, 75.178998
100.000000, 70.032220
100.000000, 64.885442
100.000000, 59.738664
100.000000, 54.591886
100.000000, 49.445108
100.000000, 44.298329
100.000000, 39.151551
100.000000, 34.004773
100.000000, 28.857995
100.000000, 23.711217
100.000000, 18.564439
100.000000, 13.417660
100.000000, 8.270882
100.000000, 3.124104
100.000000, 357.977326
100.000000, 352.830548
100.000000, 347.683770
100.000000, 342.536991
100.000000, 337.390213
100.000000, 332.243435
100.000000, 327.096657
100.000000, 321.949879
100.000000, 316.803101
100.000000, 311.656323
100.000000, 306.509544
100.000000, 301.362766
100.000000, 296.215988
100.000000, 291.069210
100.000000, 285.922432
100.000000, 280.775654
100.000000, 275.628875
100.000000, 270.482097
100.000000, 265.335319
100.000000, 260.188541
100.000000, 255.041763
100.000000, 249.894985
100.000000, 244.748206
100.000000, 239.601428
100.000000, 234.454650
100.000000, 229.307872
100.000000, 224.161094
100.000000, 219.014316
100.000000, 213.867537
100.000000, 208.720759
100.000000, 203.573981
100.000000, 198.427203
100.000000, 193.280425
100.000000, 188.133647
100.000000, 182.986869
100.000000, 177.840090
100.000000, 172.693312
100.000000, 167.546534
100.000000, 162.399756
100.000000, 157.252978
100.000000, 152.106200
100.000000, 146.959421
100.000000, 141.812643
100.000000, 136.665865
100.000000, 131.519087
100.000000, 126.372309
100.000000, 121.225531
100.000000, 116.078752
100.000000, 110.931974
100.000000, 105.785196
100.000000, 100.638418
100.000000, 95.491640
100.000000, 90.344862
100.000000, 85.198083
100.000000, 80.051305
100.000000, 74.904527
100.000000, 69.757749
100.000000, 64.610971
100.000000, 59.464193
100.000000, 54.317415
100.000000, 49.170636
100.000000, 44.023858
100.000000, 38.877080
100.000000, 33.730302
100.000000, 28.583524
100.000000, 23.436746
100.000000, 18.289967
100.000000, 13.143189
100.000000, 7.996411
100.000000, 2.849633
100.000000, 357.702855
100.000000, 352.556077
100.000000, 347.409298
100.000000, 342.262520
100.000000, 337.115742
100.000000, 331.968964
100.000000, 326.822186
100.000000, 321.675408
100.000000, 316.528629
100.000000, 311.381851
100.000000, 306.235073
100.000000, 301.088295
100.000000, 295.941517
100.000000, 290.794739
100.000000, 285.647961
100.000000, 280.501182
100.000000, 275.354404
100.000000, 270.207626
100.000000, 265.060848
100.000000, 259.914070
100.000000, 254.767292
100.000000, 249.620513
100.000000, 244.473735
100.000000, 239.326957
100.000000, 234.180179
100.000000, 229.033401
100.000000, 223.886623
100.000000, 218.739844
100.000000, 213.593066
100.000000, 208.446288
100.000000, 203.299510
100.000000, 198.152732
100.000000, 193.005954
100.000000, 187.859175
100.000000, 182.712397
100.000000, 177.565619
100.000000, 172.418841
100.000000, 167.272063
100.000000, 162.125285
100.000000, 156.978507
100.000000, 151.831728
100.000000, 146.684950
100.000000, 141.538172
100.000000, 136.391394
100.000000, 131.244616
100.000000, 126.097838
100.000000, 120.951059
100.000000, 115.804281
100.000000, 110.657503
100.000000, 105.510725
100.000000, 100.363947
100.000000, 95.217169
100.000000, 90.070390
100.000000, 84.923612
100.000000, 79.776834
100.000000, 74.630056
100.000000, 69.483278
100.000000, 64.336500
100.000000, 59.189721
100.000000, 54.042943
100.000000, 48.896165
100.000000, 43.749387
100.000000, 38.602609
100.000000, 33.455831
100.000000, 28.309053
100.000000, 23.162274
100.000000, 18.015496
100.000000, 12.868718
100.000000, 7.721940
100.000000, 2.575162
100.000000, 357.428384
100.000000, 352.281605
100.000000, 347.134827
100.000000, 341.988049
100.000000, 336.841271
100.000000, 331.694493
100.000000, 326.547715
100.000000, 321.400936
100.000000, 316.254158
100.000000, 311.107380
100.000000, 305.960602
100.000000, 300.813824
100.000000, 295.667046
100.000000, 290.520267
100.000000, 285.373489
100.000000, 280.226711
100.000000, 275.079933
100.000000, 269.933155
100.000000, 264.786377
100.000000, 259.639599
100.000000, 254.492820
100.000000, 249.346042
100.000000, 244.199264
100.000000, 239.052486
100.000000, 233.905708
100.000000, 228.758930
100.000000, 223.612151
100.000000, 218.465373
100.000000, 213.318595
100.000000, 208.171817
100.000000, 203.025039
100.000000, 197.878261
100.000000, 192.731482
100.000000, 187.584704
100.000000, 182.437926
100.000000, 177.291148
100.000000, 172.144370
100.000000, 166.997592
100.000000, 161.850813
100.000000, 156.704035
100.000000, 151.557257
100.000000, 146.410479
100.000000, 141.263701
100.000000, 136.116923
100.000000, 130.970145
100.000000, 125.823366
100.000000, 120.676588
100.000000, 115.529810
100.000000, 110.383032
100.000000, 105.236254
100.000000, 100.089476
100.000000, 94.942697
100.000000, 89.795919
100.000000, 84.649141
100.000000, 79.502363
100.000000, 74.355585
100.000000, 69.208807
100.000000, 64.062028
100.000000, 58.915250
100.000000, 53.768472
100.000000, 48.621694
100.000000, 43.474916
100.000000, 38.328138
100.000000, 33.181359
100.000000, 28.034581
100.000000, 22.887803
100.000000, 17.741025
100.000000, 12.594247
100.000000, 7.447469
100.000000, 2.300691
100.000000, 357.153912
100.000000, 352.007134
100.000000, 346.860356
100.000000, 341.713578
100.000000, 336.566800
100.000000, 331.420022
100.000000, 326.273243
100.000000, 321.126465
100.000000, 315.979687
100.000000, 310.832909
100.000000, 305.686131
100.000000, 300.539353
100.000000, 295.392574
100.000000, 290.245796
100.000000, 285.099018
100.000000, 279.952240
100.000000, 274.805462
100.000000, 269.658684
100.000000, 264.511905
100.000000, 259.365127
100.000000, 254.218349
100.000000, 249.071571
100.000000, 243.924793
100.000000, 238.778015
100.000000, 233.631237
100.000000, 228.484458
100.000000, 223.337680
100.000000, 218.190902
100.000000, 213.044124
100.000000, 207.897346
100.000000, 202.750568
100.000000, 197.603789
100.000000, 192.457011
100.000000, 187.310233
100.000000, 182.163455
100.000000, 177.016677
100.000000, 171.869899
100.000000, 166.723120
100.000000, 161.576342
100.000000, 156.429564
100.000000, 151.282786
100.000000, 146.136008
100.000000, 140.989230
100.000000, 135.842451
100.000000, 130.695673
100.000000, 125.548895
100.000000, 120.402117
100.000000, 115.255339
100.000000, 110.108561
100.000000, 104.961783
100.000000, 99.815004
100.000000, 94.668226
100.000000, 89.521448
100.000000, 84.374670
100.000000, 79.227892
100.000000, 74.081114
100.000000, 68.934335
100.000000, 63.787557
100.000000, 58.640779
100.000000, 53.494001
100.000000, 48.347223
100.000000, 43.200445
100.000000, 38.053666
100.000000, 32.906888
100.000000, 27.760110
100.000000, 22.613332
100.000000, 17.466554
100.000000, 12.319776
100.000000, 7.172997
100.000000, 2.026219
100.000000, 356.879441
100.000000, 351.732663
100.000000, 346.585885
100.000000, 341.439107
100.000000, 336.292329
100.000000, 331.145550
100.000000, 325.998772
100.000000, 320.851994
100.000000, 315.705216
100.000000, 310.558438
100.000000, 305.411660
100.000000, 300.264881
100.000000, 295.118103
100.000000, 289.971325
100.000000, 284.824547
100.000000, 279.677769
100.000000, 274.530991
100.000000, 269.384212
100.000000, 264.237434
100.000000, 259.090656
100.000000, 253.943878
100.000000, 248.797100
100.000000, 243.650322
100.000000, 238.503543
100.000000, 233.356765
100.000000, 228.209987
100.000000, 223.063209
100.000000, 217.916431
100.000000, 212.769653
100.000000, 207.622875
100.000000, 202.476096
100.000000, 197.329318
100.000000, 192.182540
100.000000, 187.035762
100.000000, 181.888984
100.000000, 176.742206
100.000000, 171.595427
100.000000, 166.448649
100.000000, 161.301871
100.000000, 156.155093
100.000000, 151.008315
100.000000, 145.861537
100.000000, 140.714758
100.000000, 135.567980
100.000000, 130.421202
100.000000, 125.274424
100.000000, 120.127646
100.000000, 114.980868
100.000000, 109.834089
100.000000, 104.687311
100.000000, 99.540533
100.000000, 94.393755
100.000000, 89.246977
100.000000, 84.100199
100.000000, 78.953421
100.000000, 73.806642
100.000000, 68.659864
100.000000, 63.513086
100.000000, 58.366308
100.000000, 53.219530
100.000000, 48.072752
100.000000, 42.925973
100.000000, 37.779195
100.000000, 32.632417
100.000000, 27.485639
100.000000, 22.338861
100.000000, 17.192083
100.000000, 12.045304
100.000000, 6.898526
100.000000, 1.751748
100.000000, 356.604970
100.000000, 351.458192
100.000000, 346.311414
100.000000, 341.164635
100.000000, 336.017857
100.000000, 330.871079
100.000000, 325.724301
100.000000, 320.577523
100.000000, 315.430745
100.000000, 310.283967
100.000000, 305.137188
100.000000, 299.990410
100.000000, 294.843632
100.000000, 289.696854
100.000000, 284.550076
100.000000, 279.403298
100.000000, 274.256519
100.000000, 269.109741
100.000000, 263.962963
100.000000, 258.816185
100.000000, 253.669407
100.000000, 248.522629
100.000000, 243.375850
100.000000, 238.229072
100.000000, 233.082294
100.000000, 227.935516
100.000000, 222.788738
100.000000, 217.641960
100.000000, 212.495181
100.000000, 207.348403
100.000000, 202.201625
100.000000, 197.054847
100.000000, 191.908069
100.000000, 186.761291
100.000000, 181.614513
100.000000, 176.467734
100.000000, 171.320956
100.000000, 166.174178
100.000000, 161.027400
100.000000, 155.880622
100.000000, 150.733844
100.000000, 145.587065
100.000000, 140.440287
100.000000, 135.293509
100.000000, 130.146731
100.000000, 124.999953
100.000000, 119.853175
100.000000, 114.706396
100.000000, 109.559618
100.000000, 104.412840
100.000000, 99.266062
100.000000, 94.119284
100.000000, 88.972506
100.000000, 83.825727
100.000000, 78.678949
100.000000, 73.532171
100.000000, 68.385393
100.000000, 63.238615
100.000000, 58.091837
100.000000, 52.945059
100.000000, 47.798280
100.000000, 42.651502
100.000000, 37.504724
100.000000, 32.357946
100.000000, 27.211168
100.000000, 22.064390
100.000000, 16.917611
100.000000, 11.770833
100.000000, 6.624055
100.000000, 1.477277
100.000000, 356.330499
100.000000, 351.183721
100.000000, 346.036942
100.000000, 340.890164
100.000000, 335.743386
100.000000, 330.596608
100.000000, 325.449830
100.000000, 320.303052
100.000000, 315.156273
100.000000, 310.009495
100.000000, 304.862717
100.000000, 299.715939
100.000000, 294.569161
100.000000, 289.422383
100.000000, 284.275605
100.000000, 279.128826
100.000000, 273.982048
100.000000, 268.835270
100.000000, 263.688492
100.000000, 258.541714
100.000000, 253.394936
100.000000, 248.248157
100.000000, 243.101379
100.000000, 237.954601
100.000000, 232.807823
100.000000, 227.661045
100.000000, 222.514267
100.000000, 217.367488
100.000000, 212.220710
100.000000, 207.073932
100.000000, 201.927154
100.000000, 196.780376
100.000000, 191.633598
100.000000, 186.486819
100.000000, 181.340041
100.000000, 176.193263
100.000000, 171.046485
100.000000, 165.899707
100.000000, 160.752929
100.000000, 155.606151
100.000000, 150.459372
100.000000, 145.312594
100.000000, 140.165816
100.000000, 135.019038
100.000000, 129.872260
100.000000, 124.725482
100.000000, 119.578703
100.000000, 114.431925
100.000000, 109.285147
100.000000, 104.138369
100.000000, 98.991591
100.000000, 93.844813
100.000000, 88.698034
100.000000, 83.551256
100.000000, 78.404478
100.000000, 73.257700
100.000000, 68.110922
100.000000, 62.964144
100.000000, 57.817365
100.000000, 52.670587
100.000000, 47.523809
100.000000, 42.377031
100.000000, 37.230253
100.000000, 32.083475
100.000000, 26.936697
100.000000, 21.789918
100.000000, 16.643140
100.000000, 11.496362
100.000000, 6.349584
100.000000, 1.202806
100.000000, 356.056028
100.000000, 350.909249
100.000000, 345.762471
100.000000, 340.615693
100.000000, 335.468915
100.000000, 330.322137
100.000000, 325.175359
100.000000, 320.028580
100.000000, 314.881802
100.000000, 309.735024
100.000000, 304.588246
100.000000, 299.441468
100.000000, 294.294690
100.000000, 289.147911
100.000000, 284.001133
100.000000, 278.854355
100.000000, 273.707577
100.000000, 268.560799
100.000000, 263.414021
100.000000, 258.267243
100.000000, 253.120464
100.000000, 247.973686
100.000000, 242.826908
100.000000, 237.680130
100.000000, 232.533352
100.000000, 227.386574
100.000000, 222.239795
100.000000, 217.093017
100.000000, 211.946239
100.000000, 206.799461
100.000000, 201.652683
100.000000, 196.505905
100.000000, 191.359126
100.000000, 186.212348
100.000000, 181.065570
100.000000, 175.918792
100.000000, 170.772014
100.000000, 165.625236
100.000000, 160.478457
100.000000, 155.331679
100.000000, 150.184901
100.000000, 145.038123
100.000000, 139.891345
100.000000, 134.744567
100.000000, 129.597789
100.000000, 124.451010
100.000000, 119.304232
100.000000, 114.157454
100.000000, 109.010676
100.000000, 103.863898
100.000000, 98.717120
100.000000, 93.570341
100.000000, 88.423563
100.000000, 83.276785
100.000000, 78.130007
100.000000, 72.983229
100.000000, 67.836451
100.000000, 62.689672
100.000000, 57.542894
100.000000, 52.396116
100.000000, 47.249338
100.000000, 42.102560
100.000000, 36.955782
100.000000, 31.809003
100.000000, 26.662225
100.000000, 21.515447
100.000000, 16.368669
100.000000, 11.221891
100.000000, 6.075113
100.000000, 0.928335
100.000000, 355.781556
100.000000, 350.634778
100.000000, 345.488000
100.000000, 340.341222
100.000000, 335.194444
100.000000, 330.047666
100.000000, 324.900887
100.000000, 319.754109
100.000000, 314.607331
100.000000, 309.460553
100.000000, 304.313775
100.000000, 299.166997
100.000000, 294.020218
100.000000, 288.873440
100.000000, 283.726662
100.000000, 278.579884
100.000000, 273.433106
100.000000, 268.286328
100.000000, 263.139549
100.000000, 257.992771
100.000000, 252.845993
100.000000, 247.699215
100.000000, 242.552437
100.000000, 237.405659
100.000000, 232.258881
100.000000, 227.112102
100.000000, 221.965324
100.000000, 216.818546
100.000000, 211.671768
100.000000, 206.524990
100.000000, 201.378212
100.000000, 196.231433
100.000000, 191.084655
100.000000, 185.937877
100.000000, 180.791099
100.000000, 175.644321
100.000000, 170.497543
100.000000, 165.350764
100.000000, 160.203986
100.000000, 155.057208
100.000000, 149.910430
100.000000, 144.763652
100.000000, 139.616874
100.000000, 134.470095
100.000000, 129.323317
100.000000, 124.176539
100.000000, 119.029761
100.000000, 113.882983
100.000000, 108.736205
100.000000, 103.589427
100.000000, 98.442648
100.000000, 93.295870
100.000000, 88.149092
100.000000, 83.002314
100.000000, 77.855536
100.000000, 72.708758
100.000000, 67.561979
100.000000, 62.415201
100.000000, 57.268423
100.000000, 52.121645
100.000000, 46.974867
100.000000, 41.828089
100.000000, 36.681310
100.000000, 31.534532
100.000000, 26.387754
100.000000, 21.240976
100.000000, 16.094198
100.000000, 10.947420
100.000000, 5.800641
100.000000, 0.653863
100.000000, 355.507085
100.000000, 350.360307
100.000000, 345.213529
100.000000, 340.066751
100.000000, 334.919973
100.000000, 329.773194
100.000000, 324.626416
100.000000, 319.479638
100.000000, 314.332860
100.000000, 309.186082
100.000000, 304.039304
100.000000, 298.892525
100.000000, 293.745747
100.000000, 288.598969
100.000000, 283.452191
100.000000, 278.305413
100.000000, 273.158635
100.000000, 268.011856
100.000000, 262.865078
100.000000, 257.718300
100.000000, 252.571522
100.000000, 247.424744
100.000000, 242.277966
100.000000, 237.131187
100.000000, 231.984409
100.000000, 226.837631
100.000000, 221.690853
100.000000, 216.544075
100.000000, 211.397297
100.000000, 206.250519
100.000000, 201.103740
100.000000, 195.956962
100.000000, 190.810184
100.000000, 185.663406
100.000000, 180.516628
100.000000, 175.369850
100.000000, 170.223071
100.000000, 165.076293
100.000000, 159.929515
100.000000, 154.782737
100.000000, 149.635959
100.000000, 144.489181
100.000000, 139.342402
100.000000, 134.195624
100.000000, 129.048846
100.000000, 123.902068
100.000000, 118.755290
100.000000, 113.608512
100.000000, 108.461733
100.000000, 103.314955
100.000000, 98.168177
100.000000, 93.021399
100.000000, 87.874621
100.000000, 82.727843
100.000000, 77.581065
100.000000, 72.434286
100.000000, 67.287508
100.000000, 62.140730
100.000000, 56.993952
100.000000, 51.847174
100.000000, 46.700396
100.000000, 41.553617
100.000000, 36.406839
100.000000, 31.260061
100.000000, 26.113283
100.000000, 20.966505
100.000000, 15.819727
100.000000, 10.672948
100.000000, 5.526170
100.000000, 0.379392
100.000000, 355.232614
100.000000, 350.085836
100.000000, 344.939058
100.000000, 339.792279
100.000000, 334.645501
100.000000, 329.498723
100.000000, 324.351945
100.000000, 319.205167
100.000000, 314.058389
100.000000, 308.911611
100.000000, 303.764832
100.000000, 298.618054
100.000000, 293.471276
100.000000, 288.324498
100.000000, 283.177720
100.000000, 278.030942
100.000000, 272.884163
100.000000, 267.737385
100.000000, 262.590607
100.000000, 257.443829
100.000000, 252.297051
100.000000, 247.150273
100.000000, 242.003494
100.000000, 236.856716
100.000000, 231.709938
100.000000, 226.563160
100.000000, 221.416382
100.000000, 216.269604
100.000000, 211.122825
100.000000, 205.976047
100.000000, 200.829269
100.000000, 195.682491
100.000000, 190.535713
100.000000, 185.388935
100.000000, 180.242157
100.000000, 175.095378
100.000000, 169.948600
100.000000, 164.801822
100.000000, 159.655044
100.000000, 154.508266
100.000000, 149.361488
100.000000, 144.214709
100.000000, 139.067931
100.000000, 133.921153
100.000000, 128.774375
100.000000, 123.627597
100.000000, 118.480819
100.000000, 113.334040
100.000000, 108.187262
100.000000, 103.040484
100.000000, 97.893706
100.000000, 92.746928
100.000000, 87.600150
100.000000, 82.453371
100.000000, 77.306593
100.000000, 72.159815
100.000000, 67.013037
100.000000, 61.866259
100.000000, 56.719481
100.000000, 51.572703
100.000000, 46.425924
100.000000, 41.279146
100.000000, 36.132368
100.000000, 30.985590
100.000000, 25.838812
100.000000, 20.692034
100.000000, 15.545255
100.000000, 10.398477
100.000000, 5.251699
100.000000, 0.104921
100.000000, 354.958143
100.000000, 349.811365
100.000000, 344.664586
100.000000, 339.517808
100.000000, 334.371030
100.000000, 329.224252
100.000000, 324.077474
100.000000, 318.930696
100.000000, 313.783917
100.000000, 308.637139
100.000000, 303.490361
100.000000, 298.343583
100.000000, 293.196805
100.000000, 288.050027
100.000000, 282.903249
100.000000, 277.756470
100.000000, 272.609692
100.000000, 267.462914
100.000000, 262.316136
100.000000, 257.169358
100.000000, 252.022580
100.000000, 246.875801
100.000000, 241.729023
100.000000, 236.582245
100.000000, 231.435467
100.000000, 226.288689
100.000000, 221.141911
100.000000, 215.995132
100.000000, 210.848354
100.000000, 205.701576
100.000000, 200.554798
100.000000, 195.408020
100.000000, 190.261242
100.000000, 185.114463
100.000000, 179.967685
100.000000, 174.820907
100.000000, 169.674129
100.000000, 164.527351
100.000000, 159.380573
100.000000, 154.233795
100.000000, 149.087016
100.000000, 143.940238
100.000000, 138.793460
100.000000, 133.646682
100.000000, 128.499904
100.000000, 123.353126
100.000000, 118.206347
100.000000, 113.059569
100.000000, 107.912791
100.000000, 102.766013
100.000000, 97.619235
100.000000, 92.472457
100.000000, 87.325678
100.000000, 82.178900
100.000000, 77.032122
100.000000, 71.885344
100.000000, 66.738566
100.000000, 61.591788
100.000000, 56.445009
100.000000, 51.298231
100.000000, 46.151453
100.000000, 41.004675
100.000000, 35.857897
100.000000, 30.711119
100.000000, 25.564341
100.000000, 20.417562
100.000000, 15.270784
100.000000, 10.124006
100.000000, 4.977228
100.000000, 359.830450
100.000000, 354.683672
100.000000, 349.536893
100.000000, 344.390115
100.000000, 339.243337
100.000000, 334.096559
100.000000, 328.949781
100.000000, 323.803003
100.000000, 318.656224
100.000000, 313.509446
100.000000, 308.362668
100.000000, 303.215890
100.000000, 298.069112
100.000000, 292.922334
100.000000, 287.775555
100.000000, 282.628777
100.000000, 277.481999
100.000000, 272.335221
100.000000, 267.188443
100.000000, 262.041665
100.000000, 256.894887
100.000000, 251.748108
100.000000, 246.601330
100.000000, 241.454552
100.000000, 236.307774
100.000000, 231.160996
100.000000, 226.014218
100.000000, 220.867439
100.000000, 215.720661
100.000000, 210.573883
100.000000, 205.427105
100.000000, 200.280327
100.000000, 195.133549
100.000000, 189.986770
100.000000, 184.839992
100.000000, 179.693214
100.000000, 174.546436
100.000000, 169.399658
100.000000, 164.252880
100.000000, 159.106101
100.000000, 153.959323
100.000000, 148.812545
100.000000, 143.665767
100.000000, 138.518989
100.000000, 133.372211
100.000000, 128.225433
100.000000, 123.078654
100.000000, 117.931876
100.000000, 112.785098
100.000000, 107.638320
100.000000, 102.491542
100.000000, 97.344764
100.000000, 92.197985
100.000000, 87.051207
100.000000, 81.904429
100.000000, 76.757651
100.000000, 71.610873
100.000000, 66.464095
100.000000, 61.317316
100.000000, 56.170538
100.000000, 51.023760
100.000000, 45.876982
100.000000, 40.730204
100.000000, 35.583426
100.000000, 30.436647
100.000000, 25.289869
100.000000, 20.143091
100.000000, 14.996313
100.000000, 9.849535
100.000000, 4.702757
100.000000, 359.555979
100.000000, 354.409200
100.000000, 349.262422
100.000000, 344.115644
100.000000, 338.968866
100.000000, 333.822088
100.000000, 328.675310
100.000000, 323.528531
100.000000, 318.381753
100.000000, 313.234975
100.000000, 308.088197
100.000000, 302.941419
100.000000, 297.794641
100.000000, 292.647862
100.000000, 287.501084
100.000000, 282.354306
100.000000, 277.207528
100.000000, 272.060750
100.000000, 266.913972
100.000000, 261.767193
100.000000, 256.620415
100.000000, 251.473637
100.000000, 246.326859
100.000000, 241.180081
100.000000, 236.033303
100.000000, 230.886525
100.000000, 225.739746
100.000000, 220.592968
100.000000, 215.446190
100.000000, 210.299412
100.000000, 205.152634
100.000000, 200.005856
100.000000, 194.859077
100.000000, 189.712299
100.000000, 184.565521
100.000000, 179.418743
100.000000, 174.271965
100.000000, 169.125187
100.000000, 163.978408
100.000000, 158.831630
100.000000, 153.684852
100.000000, 148.538074
100.000000, 143.391296
100.000000, 138.244518
100.000000, 133.097739
100.000000, 127.950961
100.000000, 122.804183
100.000000, 117.657405
100.000000, 112.510627
100.000000, 107.363849
100.000000, 102.217071
100.000000, 97.070292
100.000000, 91.923514
100.000000, 86.776736
100.000000, 81.629958
100.000000, 76.483180
100.000000, 71.336402
100.000000, 66.189623
100.000000, 61.042845
100.000000, 55.896067
100.000000, 50.749289
100.000000, 45.602511
100.000000, 40.455733
100.000000, 35.308954
100.000000, 30.162176
100.000000, 25.015398
100.000000, 19.868620
100.000000, 14.721842
100.000000, 9.575064
100.000000, 4.428285
100.000000, 359.281507
100.000000, 354.134729
100.000000, 348.987951
100.000000, 343.841173
100.000000, 338.694395
100.000000, 333.547617
100.000000, 328.400838
100.000000, 323.254060
100.000000, 318.107282
100.000000, 312.960504
100.000000, 307.813726
100.000000, 302.666948
100.000000, 297.520169
100.000000, 292.373391
100.000000, 287.226613
100.000000, 282.079835
100.000000, 276.933057
100.000000, 271.786279
100.000000, 266.639500
100.000000, 261.492722
100.000000, 256.345944
100.000000, 251.199166
100.000000, 246.052388
100.000000, 240.905610
100.000000, 235.758831
100.000000, 230.612053
100.000000, 225.465275
100.000000, 220.318497
100.000000, 215.171719
100.000000, 210.024941
100.000000, 204.878163
100.000000, 199.731384
100.000000, 194.584606
100.000000, 189.437828
100.000000, 184.291050
100.000000, 179.144272
100.000000, 173.997494
100.000000, 168.850715
100.000000, 163.703937
100.000000, 158.557159
100.000000, 153.410381
100.000000, 148.263603
100.000000, 143.116825
100.000000, 137.970046
100.000000, 132.823268
100.000000, 127.676490
100.000000, 122.529712
100.000000, 117.382934
100.000000, 112.236156
100.000000, 107.089377
100.000000, 101.942599
100.000000, 96.795821
100.000000, 91.649043
100.000000, 86.502265
100.000000, 81.355487
100.000000, 76.208709
100.000000, 71.061930
100.000000, 65.915152
100.000000, 60.768374
100.000000, 55.621596
100.000000, 50.474818
100.000000, 45.328040
100.000000, 40.181261
100.000000, 35.034483
100.000000, 29.887705
100.000000, 24.740927
100.000000, 19.594149
100.000000, 14.447371
100.000000, 9.300592
100.000000, 4.153814
100.000000, 359.007036
100.000000, 353.860258
100.000000, 348.713480
100.000000, 343.566702
100.000000, 338.419923
100.000000, 333.273145
100.000000, 328.126367
100.000000, 322.979589
100.000000, 317.832811
100.000000, 312.686033
100.000000, 307.539255
100.000000, 302.392476
100.000000, 297.245698
100.000000, 292.098920
100.000000, 286.952142
100.000000, 281.805364
100.000000, 276.658586
100.000000, 271.511807
100.000000, 266.365029
100.000000, 261.218251
100.000000, 256.071473
100.000000, 250.924695
100.000000, 245.777917
100.000000, 240.631138
100.000000, 235.484360
100.000000, 230.337582
100.000000, 225.190804
100.000000, 220.044026
100.000000, 214.897248
100.000000, 209.750469
100.000000, 204.603691
100.000000, 199.456913
100.000000, 194.310135
100.000000, 189.163357
100.000000, 184.016579
100.000000, 178.869801
100.000000, 173.723022
100.000000, 168.576244
100.000000, 163.429466
100.000000, 158.282688
100.000000, 153.135910
100.000000, 147.989132
100.000000, 142.842353
100.000000, 137.695575
100.000000, 132.548797
100.000000, 127.402019
100.000000, 122.255241
100.000000, 117.108463
100.000000, 111.961684
100.000000, 106.814906
100.000000, 101.668128
100.000000, 96.521350
100.000000, 91.374572
100.000000, 86.227794
100.000000, 81.081015
100.000000, 75.934237
100.000000, 70.787459
100.000000, 65.640681
100.000000, 60.493903
100.000000, 55.347125
100.000000, 50.200347
100.000000, 45.053568
100.000000, 39.906790
100.000000, 34.760012
100.000000, 29.613234
100.000000, 24.466456
100.000000, 19.319678
100.000000, 14.172899
100.000000, 9.026121
100.000000, 3.879343
100.000000, 358.732565
100.000000, 353.585787
100.000000, 348.439009
100.000000, 343.292230
100.000000, 338.145452
100.000000, 332.998674
100.000000, 327.851896
100.000000, 322.705118
100.000000, 317.558340
100.000000, 312.411561
100.000000, 307.264783
100.000000, 302.118005
100.000000, 296.971227
100.000000, 291.824449
100.000000, 286.677671
100.000000, 281.530893
100.000000, 276.384114
100.000000, 271.237336
100.000000, 266.090558
100.000000, 260.943780
100.000000, 255.797002
100.000000, 250.650224
100.000000, 245.503445
100.000000, 240.356667
100.000000, 235.209889
100.000000, 230.063111
100.000000, 224.916333
100.000000, 219.769555
100.000000, 214.622776
100.000000, 209.475998
100.000000, 204.329220
100.000000, 199.182442
100.000000, 194.035664
100.000000, 188.888886
100.000000, 183.742107
100.000000, 178.595329
100.000000, 173.448551
100.000000, 168.301773
100.000000, 163.154995
100.000000, 158.008217
100.000000, 152.861439
100.000000, 147.714660
100.000000, 142.567882
100.000000, 137.421104
100.000000, 132.274326
100.000000, 127.127548
100.000000, 121.980770
100.000000, 116.833991
100.000000, 111.687213
100.000000, 106.540435
100.000000, 101.393657
100.000000, 96.246879
100.000000, 91.100101
100.000000, 85.953322
100.000000, 80.806544
100.000000, 75.659766
100.000000, 70.512988
100.000000, 65.366210
100.000000, 60.219432
100.000000, 55.072653
100.000000, 49.925875
100.000000, 44.779097
100.000000, 39.632319
100.000000, 34.485541
100.000000, 29.338763
100.000000, 24.191985
100.000000, 19.045206
100.000000, 13.898428
100.000000, 8.751650
100.000000, 3.604872
100.000000, 358.458094
100.000000, 353.311316
100.000000, 348.164537
100.000000, 343.017759
100.000000, 337.870981
100.000000, 332.724203
100.000000, 327.577425
100.000000, 322.430647
100.000000, 317.283868
100.000000, 312.137090
100.000000, 306.990312
100.000000, 301.843534
100.000000, 296.696756
100.000000, 291.549978
100.000000, 286.403199
100.000000, 281.256421
100.000000, 276.109643
100.000000, 270.962865
100.000000, 265.816087
100.000000, 260.669309
100.000000, 255.522531
100.000000, 250.375752
100.000000, 245.228974
100.000000, 240.082196
100.000000, 234.935418
100.000000, 229.788640
100.000000, 224.641862
100.000000, 219.495083
100.000000, 214.348305
100.000000, 209.201527
100.000000, 204.054749
100.000000, 198.907971
100.000000, 193.761193
100.000000, 188.614414
100.000000, 183.467636
100.000000, 178.320858
100.000000, 173.174080
100.000000, 168.027302
100.000000, 162.880524
100.000000, 157.733745
100.000000, 152.586967
100.000000, 147.440189
100.000000, 142.293411
100.000000, 137.146633
100.000000, 131.999855
100.000000, 126.853077
100.000000, 121.706298
100.000000, 116.559520
100.000000, 111.412742
100.000000, 106.265964
100.000000, 101.119186
100.000000, 95.972408
100.000000, 90.825629
100.000000, 85.678851
100.000000, 80.532073
100.000000, 75.385295
100.000000, 70.238517
100.000000, 65.091739
100.000000, 59.944960
100.000000, 54.798182
100.000000, 49.651404
100.000000, 44.504626
100.000000, 39.357848
100.000000, 34.211070
100.000000, 29.064291
100.000000, 23.917513
100.000000, 18.770735
100.000000, 13.623957
100.000000, 8.477179
100.000000, 3.330401
100.000000, 358.183623
100.000000, 353.036844
100.000000, 347.890066
100.000000, 342.743288
100.000000, 337.596510
100.000000, 332.449732
100.000000, 327.302954
100.000000, 322.156175
100.000000, 317.009397
100.000000, 311.862619
100.000000, 306.715841
100.000000, 301.569063
100.000000, 296.422285
100.000000, 291.275506
100.000000, 286.128728
100.000000, 280.981950
100.000000, 275.835172
100.000000, 270.688394
100.000000, 265.541616
100.000000, 260.394837
100.000000, 255.248059
100.000000, 250.101281
100.000000, 244.954503
100.000000, 239.807725
100.000000, 234.660947
100.000000, 229.514169
100.000000, 224.367390
100.000000, 219.220612
100.000000, 214.073834
100.000000, 208.927056
100.000000, 203.780278
100.000000, 198.633500
100.000000, 193.486721
100.000000, 188.339943
100.000000, 183.193165
100.000000, 178.046387
100.000000, 172.899609
100.000000, 167.752831
100.000000, 162.606052
100.000000, 157.459274
100.000000, 152.312496
100.000000, 147.165718
100.000000, 142.018940
100.000000, 136.872162
100.000000, 131.725383
100.000000, 126.578605
100.000000, 121.431827
100.000000, 116.285049
100.000000, 111.138271
100.000000, 105.991493
100.000000, 100.844715
100.000000, 95.697936
100.000000, 90.551158
100.000000, 85.404380
100.000000, 80.257602
100.000000, 75.110824
100.000000, 69.964046
100.000000, 64.817267
100.000000, 59.670489
100.000000, 54.523711
100.000000, 49.376933
100.000000, 44.230155
100.000000, 39.083377
100.000000, 33.936598
100.000000, 28.789820
100.000000, 23.643042
100.000000, 18.496264
100.000000, 13.349486
100.000000, 8.202708
100.000000, 3.055929
100.000000, 357.909151
100.000000, 352.762373
100.000000, 347.615595
100.000000, 342.468817
100.000000, 337.322039
100.000000, 332.175261
100.000000, 327.028482
100.000000, 321.881704
100.000000, 316.734926
100.000000, 311.588148
100.000000, 306.441370
100.000000, 301.294592
100.000000, 296.147813
100.000000, 291.001035
100.000000, 285.854257
100.000000, 280.707479
100.000000, 275.560701
100.000000, 270.413923
100.000000, 265.267144
100.000000, 260.120366
100.000000, 254.973588
100.000000, 249.826810
100.000000, 244.680032
100.000000, 239.533254
100.000000, 234.386475
100.000000, 229.239697
100.000000, 224.092919
100.000000, 218.946141
100.000000, 213.799363
100.000000, 208.652585
100.000000, 203.505807
100.000000, 198.359028
100.000000, 193.212250
100.000000, 188.065472
100.000000, 182.918694
100.000000, 177.771916
100.000000, 172.625138
100.000000, 167.478359
100.000000, 162.331581
100.000000, 157.184803
100.000000, 152.038025
100.000000, 146.891247
100.000000, 141.744469
100.000000, 136.597690
100.000000, 131.450912
100.000000, 126.304134
100.000000, 121.157356
100.000000, 116.010578
100.000000, 110.863800
100.000000, 105.717021
100.000000, 100.570243
100.000000, 95.423465
100.000000, 90.276687
100.000000, 85.129909
100.000000, 79.983131
100.000000, 74.836353
100.000000, 69.689574
100.000000, 64.542796
100.000000, 59.396018
100.000000, 54.249240
100.000000, 49.102462
100.000000, 43.955684
100.000000, 38.808905
100.000000, 33.662127
100.000000, 28.515349
100.000000, 23.368571
100.000000, 18.221793
100.000000, 13.075015
100.000000, 7.928236
100.000000, 2.781458
100.000000, 357.634680
100.000000, 352.487902
100.000000, 347.341124
100.000000, 342.194346
100.000000, 337.047567
100.000000, 331.900789
100.000000, 326.754011
100.000000, 321.607233
100.000000, 316.460455
100.000000, 311.313677
100.000000, 306.166899
100.000000, 301.020120
100.000000, 295.873342
100.000000, 290.726564
100.000000, 285.579786
100.000000, 280.433008
100.000000, 275.286230
100.000000, 270.139451
100.000000, 264.992673
100.000000, 259.845895
100.000000, 254.699117
100.000000, 249.552339
100.000000, 244.405561
100.000000, 239.258782
100.000000, 234.112004
100.000000, 228.965226
100.000000, 223.818448
100.000000, 218.671670
100.000000, 213.524892
100.000000, 208.378113
100.000000, 203.231335
100.000000, 198.084557
100.000000, 192.937779
100.000000, 187.791001
100.000000, 182.644223
100.000000, 177.497445
100.000000, 172.350666
100.000000, 167.203888
100.000000, 162.057110
100.000000, 156.910332
100.000000, 151.763554
100.000000, 146.616776
100.000000, 141.469997
100.000000, 136.323219
100.000000, 131.176441
100.000000, 126.029663
100.000000, 120.882885
100.000000, 115.736107
100.000000, 110.589328
100.000000, 105.442550
100.000000, 100.295772
100.000000, 95.148994
100.000000, 90.002216
100.000000, 84.855438
100.000000, 79.708659
100.000000, 74.561881
100.000000, 69.415103
100.000000, 64.268325
100.000000, 59.121547
100.000000, 53.974769
100.000000, 48.827991
100.000000, 43.681212
100.000000, 38.534434
100.000000, 33.387656
100.000000, 28.240878
100.000000, 23.094100
100.000000, 17.947322
100.000000, 12.800543
100.000000, 7.653765
100.000000, 2.506987
100.000000, 357.360209
100.000000, 352.213431
100.000000, 347.066653
100.000000, 341.919874
100.000000, 336.773096
100.000000, 331.626318
100.000000, 326.479540
100.000000, 321.332762
100.000000, 316.185984
100.000000, 311.039205
100.000000, 305.892427
100.000000, 300.745649
100.000000, 295.598871
100.000000, 290.452093
100.000000, 285.305315
100.000000, 280.158537
100.000000, 275.011758
100.000000, 269.864980
100.000000, 264.718202
100.000000, 259.571424
100.000000, 254.424646
100.000000, 249.277868
100.000000, 244.131089
100.000000, 238.984311
100.000000, 233.837533
100.000000, 228.690755
100.000000, 223.543977
100.000000, 218.397199
100.000000, 213.250420
100.000000, 208.103642
100.000000, 202.956864
100.000000, 197.810086
100.000000, 192.663308
100.000000, 187.516530
100.000000, 182.369751
100.000000, 177.222973
100.000000, 172.076195
100.000000, 166.929417
100.000000, 161.782639
100.000000, 156.635861
100.000000, 151.489083
100.000000, 146.342304
100.000000, 141.195526
100.000000, 136.048748
100.000000, 130.901970
100.000000, 125.755192
100.000000, 120.608414
100.000000, 115.461635
100.000000, 110.314857
100.000000, 105.168079
100.000000, 100.021301
100.000000, 94.874523
100.000000, 89.727745
100.000000, 84.580966
100.000000, 79.434188
100.000000, 74.287410
100.000000, 69.140632
100.000000, 63.993854
100.000000, 58.847076
100.000000, 53.700297
100.000000, 48.553519
100.000000, 43.406741
100.000000, 38.259963
100.000000, 33.113185
100.000000, 27.966407
100.000000, 22.819629
100.000000, 17.672850
100.000000, 12.526072
100.000000, 7.379294
100.000000, 2.232516
100.000000, 357.085738
100.000000, 351.938960
100.000000, 346.792181
100.000000, 341.645403
100.000000, 336.498625
100.000000, 331.351847
100.000000, 326.205069
100.000000, 321.058291
100.000000, 315.911512
100.000000, 310.764734
100.000000, 305.617956
100.000000, 300.471178
100.000000, 295.324400
100.000000, 290.177622
100.000000, 285.030843
100.000000, 279.884065
100.000000, 274.737287
100.000000, 269.590509
100.000000, 264.443731
100.000000, 259.296953
100.000000, 254.150175
100.000000, 249.003396
100.000000, 243.856618
100.000000, 238.709840
100.000000, 233.563062
100.000000, 228.416284
100.000000, 223.269506
100.000000, 218.122727
100.000000, 212.975949
100.000000, 207.829171
100.000000, 202.682393
100.000000, 197.535615
100.000000, 192.388837
100.000000, 187.242058
100.000000, 182.095280
100.000000, 176.948502
100.000000, 171.801724
100.000000, 166.654946
100.000000, 161.508168
100.000000, 156.361389
100.000000, 151.214611
100.000000, 146.067833
100.000000, 140.921055
100.000000, 135.774277
100.000000, 130.627499
100.000000, 125.480721
100.000000, 120.333942
100.000000, 115.187164
100.000000, 110.040386
100.000000, 104.893608
100.000000, 99.746830
100.000000, 94.600052
100.000000, 89.453273
100.000000, 84.306495
100.000000, 79.159717
100.000000, 74.012939
100.000000, 68.866161
100.000000, 63.719383
100.000000, 58.572604
100.000000, 53.425826
100.000000, 48.279048
100.000000, 43.132270
100.000000, 37.985492
100.000000, 32.838714
100.000000, 27.691935
100.000000, 22.545157
100.000000, 17.398379
100.000000, 12.251601
100.000000, 7.104823
100.000000, 1.958045
100.000000, 356.811267
100.000000, 351.664488
100.000000, 346.517710
100.000000, 341.370932
100.000000, 336.224154
100.000000, 331.077376
100.000000, 325.930598
100.000000, 320.783819
100.000000, 315.637041
100.000000, 310.490263
100.000000, 305.343485
100.000000, 300.196707
100.000000, 295.049929
100.000000, 289.903150
100.000000, 284.756372
100.000000, 279.609594
100.000000, 274.462816
100.000000, 269.316038
100.000000, 264.169260
100.000000, 259.022481
100.000000, 253.875703
100.000000, 248.728925
100.000000, 243.582147
100.000000, 238.435369
100.000000, 233.288591
100.000000, 228.141813
100.000000, 222.995034
100.000000, 217.848256
100.000000, 212.701478
100.000000, 207.554700
100.000000, 202.407922
100.000000, 197.261144
100.000000, 192.114365
100.000000, 186.967587
100.000000, 181.820809
100.000000, 176.674031
100.000000, 171.527253
100.000000, 166.380475
100.000000, 161.233696
100.000000, 156.086918
100.000000, 150.940140
100.000000, 145.793362
100.000000, 140.646584
100.000000, 135.499806
100.000000, 130.353027
100.000000, 125.206249
100.000000, 120.059471
100.000000, 114.912693
100.000000, 109.765915
100.000000, 104.619137
100.000000, 99.472359
100.000000, 94.325580
100.000000, 89.178802
100.000000, 84.032024
100.000000, 78.885246
100.000000, 73.738468
100.000000, 68.591690
100.000000, 63.444911
100.000000, 58.298133
100.000000, 53.151355
100.000000, 48.004577
100.000000, 42.857799
100.000000, 37.711021
100.000000, 32.564242
100.000000, 27.417464
100.000000, 22.270686
100.000000, 17.123908
100.000000, 11.977130
100.000000, 6.830352
100.000000, 1.683573
100.000000, 356.536795
100.000000, 351.390017
100.000000, 346.243239
100.000000, 341.096461
100.000000, 335.949683
100.000000, 330.802905
100.000000, 325.656126
100.000000, 320.509348
100.000000, 315.362570
100.000000, 310.215792
100.000000, 305.069014
100.000000, 299.922236
100.000000, 294.775457
100.000000, 289.628679
100.000000, 284.481901
100.000000, 279.335123
100.000000, 274.188345
100.000000, 269.041567
100.000000, 263.894788
100.000000, 258.748010
100.000000, 253.601232
100.000000, 248.454454
100.000000, 243.307676
100.000000, 238.160898
100.000000, 233.014119
100.000000, 227.867341
100.000000, 222.720563
100.000000, 217.573785
100.000000, 212.427007
100.000000, 207.280229
100.000000, 202.133451
100.000000, 196.986672
100.000000, 191.839894
100.000000, 186.693116
100.000000, 181.546338
100.000000, 176.399560
100.000000, 171.252782
100.000000, 166.106003
100.000000, 160.959225
100.000000, 155.812447
100.000000, 150.665669
100.000000, 145.518891
100.000000, 140.372113
100.000000, 135.225334
100.000000, 130.078556
100.000000, 124.931778
100.000000, 119.785000
100.000000, 114.638222
100.000000, 109.491444
100.000000, 104.344665
100.000000, 99.197887
100.000000, 94.051109
100.000000, 88.904331
100.000000, 83.757553
100.000000, 78.610775
100.000000, 73.463997
100.000000, 68.317218
100.000000, 63.170440
100.000000, 58.023662
100.000000, 52.876884
100.000000, 47.730106
100.000000, 42.583328
100.000000, 37.436549
100.000000, 32.289771
100.000000, 27.142993
100.000000, 21.996215
100.000000, 16.849437
100.000000, 11.702659
100.000000, 6.555880
100.000000, 1.409102
100.000000, 356.262324
100.000000, 351.115546
100.000000, 345.968768
100.000000, 340.821990
100.000000, 335.675211
100.000000, 330.528433
100.000000, 325.381655
100.000000, 320.234877
100.000000, 315.088099
100.000000, 309.941321
100.000000, 304.794543
100.000000, 299.647764
100.000000, 294.500986
100.000000, 289.354208
100.000000, 284.207430
100.000000, 279.060652
100.000000, 273.913874
100.000000, 268.767095
100.000000, 263.620317
100.000000, 258.473539
100.000000, 253.326761
100.000000, 248.179983
100.000000, 243.033205
100.000000, 237.886426
100.000000, 232.739648
100.000000, 227.592870
100.000000, 222.446092
100.000000, 217.299314
100.000000, 212.152536
100.000000, 207.005757
100.000000, 201.858979
100.000000, 196.712201
100.000000, 191.565423
100.000000, 186.418645
100.000000, 181.271867
100.000000, 176.125089
100.000000, 170.978310
100.000000, 165.831532
100.000000, 160.684754
100.000000, 155.537976
100.000000, 150.391198
100.000000, 145.244420
100.000000, 140.097641
100.000000, 134.950863
100.000000, 129.804085
100.000000, 124.657307
100.000000, 119.510529
100.000000, 114.363751
100.000000, 109.216972
100.000000, 104.070194
100.000000, 98.923416
100.000000, 93.776638
100.000000, 88.629860
100.000000, 83.483082
100.000000, 78.336303
100.000000, 73.189525
100.000000, 68.042747
100.000000, 62.895969
100.000000, 57.749191
100.000000, 52.602413
100.000000, 47.455635
100.000000, 42.308856
100.000000, 37.162078
100.000000, 32.015300
100.000000, 26.868522
100.000000, 21.721744
100.000000, 16.574966
100.000000, 11.428187
100.000000, 6.281409
100.000000, 1.134631
100.000000, 355.987853
100.000000, 350.841075
100.000000, 345.694297
100.000000, 340.547518
100.000000, 335.400740
100.000000, 330.253962
100.000000, 325.107184
100.000000, 319.960406
100.000000, 314.813628
100.000000, 309.666849
100.000000, 304.520071
100.000000, 299.373293
100.000000, 294.226515
100.000000, 289.079737
100.000000, 283.932959
100.000000, 278.786181
100.000000, 273.639402
100.000000, 268.492624
100.000000, 263.345846
100.000000, 258.199068
100.000000, 253.052290
100.000000, 247.905512
100.000000, 242.758733
100.000000, 237.611955
100.000000, 232.465177
100.000000, 227.318399
100.000000, 222.171621
100.000000, 217.024843
100.000000, 211.878064
100.000000, 206.731286
100.000000, 201.584508
100.000000, 196.437730
100.000000, 191.290952
100.000000, 186.144174
100.000000, 180.997395
100.000000, 175.850617
100.000000, 170.703839
100.000000, 165.557061
100.000000, 160.410283
100.000000, 155.263505
100.000000, 150.116727
100.000000, 144.969948
100.000000, 139.823170
100.000000, 134.676392
100.000000, 129.529614
100.000000, 124.382836
100.000000, 119.236058
100.000000, 114.089279
100.000000, 108.942501
100.000000, 103.795723
100.000000, 98.648945
100.000000, 93.502167
100.000000, 88.355389
100.000000, 83.208610
100.000000, 78.061832
100.000000, 72.915054
100.000000, 67.768276
100.000000, 62.621498
100.000000, 57.474720
100.000000, 52.327941
100.000000, 47.181163
100.000000, 42.034385
100.000000, 36.887607
100.000000, 31.740829
100.000000, 26.594051
100.000000, 21.447273
100.000000, 16.300494
100.000000, 11.153716
100.000000, 6.006938
100.000000, 0.860160
100.000000, 355.713382
100.000000, 350.566604
100.000000, 345.419825
100.000000, 340.273047
100.000000, 335.126269
100.000000, 329.979491
100.000000, 324.832713
100.000000, 319.685935
100.000000, 314.539156
100.000000, 309.392378
100.000000, 304.245600
100.000000, 299.098822
100.000000, 293.952044
100.000000, 288.805266
100.000000, 283.658487
100.000000, 278.511709
100.000000, 273.364931
100.000000, 268.218153
100.000000, 263.071375
100.000000, 257.924597
100.000000, 252.777819
100.000000, 247.631040
100.000000, 242.484262
100.000000, 237.337484
100.000000, 232.190706
100.000000, 227.043928
100.000000, 221.897150
100.000000, 216.750371
100.000000, 211.603593
100.000000, 206.456815
100.000000, 201.310037
100.000000, 196.163259
100.000000, 191.016481
100.000000, 185.869702
100.000000, 180.722924
100.000000, 175.576146
100.000000, 170.429368
100.000000, 165.282590
100.000000, 160.135812
100.000000, 154.989033
100.000000, 149.842255
100.000000, 144.695477
100.000000, 139.548699
100.000000, 134.401921
100.000000, 129.255143
100.000000, 124.108365
100.000000, 118.961586
100.000000, 113.814808
100.000000, 108.668030
100.000000, 103.521252
100.000000, 98.374474
100.000000, 93.227696
100.000000, 88.080917
100.000000, 82.934139
100.000000, 77.787361
100.000000, 72.640583
100.000000, 67.493805
100.000000, 62.347027
100.000000, 57.200248
100.000000, 52.053470
100.000000, 46.906692
100.000000, 41.759914
100.000000, 36.613136
100.000000, 31.466358
100.000000, 26.319579
100.000000, 21.172801
100.000000, 16.026023
100.000000, 10.879245
100.000000, 5.732467
100.000000, 0.585689
100.000000, 355.438911
100.000000, 350.292132
100.000000, 345.145354
100.000000, 339.998576
100.000000, 334.851798
100.000000, 329.705020
100.000000, 324.558242
100.000000, 319.411463
100.000000, 314.264685
100.000000, 309.117907
100.000000, 303.971129
100.000000, 298.824351
100.000000, 293.677573
100.000000, 288.530794
100.000000, 283.384016
100.000000, 278.237238
100.000000, 273.090460
100.000000, 267.943682
100.000000, 262.796904
100.000000, 257.650125
100.000000, 252.503347
100.000000, 247.356569
100.000000, 242.209791
100.000000, 237.063013
100.000000, 231.916235
100.000000, 226.769457
100.000000, 221.622678
100.000000, 216.475900
100.000000, 211.329122
100.000000, 206.182344
100.000000, 201.035566
100.000000, 195.888788
100.000000, 190.742009
100.000000, 185.595231
100.000000, 180.448453
100.000000, 175.301675
100.000000, 170.154897
100.000000, 165.008119
100.000000, 159.861340
100.000000, 154.714562
100.000000, 149.567784
100.000000, 144.421006
100.000000, 139.274228
100.000000, 134.127450
100.000000, 128.980671
100.000000, 123.833893
100.000000, 118.687115
100.000000, 113.540337
100.000000, 108.393559
100.000000, 103.246781
100.000000, 98.100003
100.000000, 92.953224
100.000000, 87.806446
100.000000, 82.659668
100.000000, 77.512890
100.000000, 72.366112
100.000000, 67.219334
100.000000, 62.072555
100.000000, 56.925777
100.000000, 51.778999
100.000000, 46.632221
100.000000, 41.485443
100.000000, 36.338665
100.000000, 31.191886
100.000000, 26.045108
100.000000, 20.898330
100.000000, 15.751552
100.000000, 10.604774
100.000000, 5.457996
100.000000, 0.311217
100.000000, 355.164439
100.000000, 350.017661
100.000000, 344.870883
100.000000, 339.724105
100.000000, 334.577327
100.000000, 329.430549
100.000000, 324.283770
100.000000, 319.136992
100.000000, 313.990214
100.000000, 308.843436
100.000000, 303.696658
100.000000, 298.549880
100.000000, 293.403101
100.000000, 288.256323
100.000000, 283.109545
100.000000, 277.962767
100.000000, 272.815989
100.000000, 267.669211
100.000000, 262.522432
100.000000, 257.375654
100.000000, 252.228876
100.000000, 247.082098
100.000000, 241.935320
100.000000, 236.788542
100.000000, 231.641763
100.000000, 226.494985
100.000000, 221.348207
100.000000, 216.201429
100.000000, 211.054651
100.000000, 205.907873
100.000000, 200.761095
100.000000, 195.614316
100.000000, 190.467538
100.000000, 185.320760
100.000000, 180.173982
100.000000, 175.027204
100.000000, 169.880426
100.000000, 164.733647
100.000000, 159.586869
100.000000, 154.440091
100.000000, 149.293313
100.000000, 144.146535
100.000000, 138.999757
100.000000, 133.852978
100.000000, 128.706200
100.000000, 123.559422
100.000000, 118.412644
100.000000, 113.265866
100.000000, 108.119088
100.000000, 102.972309
100.000000, 97.825531
100.000000, 92.678753
100.000000, 87.531975
100.000000, 82.385197
100.000000, 77.238419
100.000000, 72.091641
100.000000, 66.944862
100.000000, 61.798084
100.000000, 56.651306
100.000000, 51.504528
100.000000, 46.357750
100.000000, 41.210972
100.000000, 36.064193
100.000000, 30.917415
100.000000, 25.770637
100.000000, 20.623859
100.000000, 15.477081
100.000000, 10.330303
100.000000, 5.183524
100.000000, 0.036746
100.000000, 354.889968
100.000000, 349.743190
100.000000, 344.596412
100.000000, 339.449634
100.000000, 334.302855
100.000000, 329.156077
100.000000, 324.009299
100.000000, 318.862521
100.000000, 313.715743
100.000000, 308.568965
100.000000, 303.422187
100.000000, 298.275408
100.000000, 293.128630
100.000000, 287.981852
100.000000, 282.835074
100.000000, 277.688296
100.000000, 272.541518
100.000000, 267.394739
100.000000, 262.247961
100.000000, 257.101183
100.000000, 251.954405
100.000000, 246.807627
100.000000, 241.660849
100.000000, 236.514070
100.000000, 231.367292
100.000000, 226.220514
100.000000, 221.073736
100.000000, 215.926958
100.000000, 210.780180
100.000000, 205.633401
100.000000, 200.486623
100.000000, 195.339845
100.000000, 190.193067
100.000000, 185.046289
100.000000, 179.899511
100.000000, 174.752733
100.000000, 169.605954
100.000000, 164.459176
100.000000, 159.312398
100.000000, 154.165620
100.000000, 149.018842
100.000000, 143.872064
100.000000, 138.725285
100.000000, 133.578507
100.000000, 128.431729
100.000000, 123.284951
100.000000, 118.138173
100.000000, 112.991395
100.000000, 107.844616
100.000000, 102.697838
100.000000, 97.551060
100.000000, 92.404282
100.000000, 87.257504
100.000000, 82.110726
100.000000, 76.963947
100.000000, 71.817169
100.000000, 66.670391
100.000000, 61.523613
100.000000, 56.376835
100.000000, 51.230057
100.000000, 46.083279
100.000000, 40.936500
100.000000, 35.789722
100.000000, 30.642944
100.000000, 25.496166
100.000000, 20.349388
100.000000, 15.202610
100.000000, 10.055831
100.000000, 4.909053
100.000000, 359.762275
100.000000, 354.615497
100.000000, 349.468719
100.000000, 344.321941
100.000000, 339.175162
100.000000, 334.028384
100.000000, 328.881606
100.000000, 323.734828
100.000000, 318.588050
100.000000, 313.441272
100.000000, 308.294493
100.000000, 303.147715
100.000000, 298.000937
100.000000, 292.854159
100.000000, 287.707381
100.000000, 282.560603
100.000000, 277.413825
100.000000, 272.267046
100.000000, 267.120268
100.000000, 261.973490
100.000000, 256.826712
100.000000, 251.679934
100.000000, 246.533156
100.000000, 241.386377
100.000000, 236.239599
100.000000, 231.092821
100.000000, 225.946043
100.000000, 220.799265
100.000000, 215.652487
100.000000, 210.505708
100.000000, 205.358930
100.000000, 200.212152
100.000000, 195.065374
100.000000, 189.918596
100.000000, 184.771818
100.000000, 179.625039
100.000000, 174.478261
100.000000, 169.331483
100.000000, 164.184705
100.000000, 159.037927
100.000000, 153.891149
100.000000, 148.744371
100.000000, 143.597592
100.000000, 138.450814
100.000000, 133.304036
100.000000, 128.157258
100.000000, 123.010480
100.000000, 117.863702
100.000000, 112.716923
100.000000, 107.570145
100.000000, 102.423367
100.000000, 97.276589
100.000000, 92.129811
100.000000, 86.983033
100.000000, 81.836254
100.000000, 76.689476
100.000000, 71.542698
100.000000, 66.395920
100.000000, 61.249142
100.000000, 56.102364
100.000000, 50.955585
100.000000, 45.808807
100.000000, 40.662029
100.000000, 35.515251
100.000000, 30.368473
100.000000, 25.221695
100.000000, 20.074917
100.000000, 14.928138
100.000000, 9.781360
100.000000, 4.634582
100.000000, 359.487804
100.000000, 354.341026
100.000000, 349.194248
100.000000, 344.047469
100.000000, 338.900691
100.000000, 333.753913
100.000000, 328.607135
100.000000, 323.460357
100.000000, 318.313579
100.000000, 313.166800
100.000000, 308.020022
100.000000, 302.873244
100.000000, 297.726466
100.000000, 292.579688
100.000000, 287.432910
100.000000, 282.286131
100.000000, 277.139353
100.000000, 271.992575
100.000000, 266.845797
100.000000, 261.699019
100.000000, 256.552241
100.000000, 251.405463
100.000000, 246.258684
100.000000, 241.111906
100.000000, 235.965128
100.000000, 230.818350
100.000000, 225.671572
100.000000, 220.524794
100.000000, 215.378015
100.000000, 210.231237
100.000000, 205.084459
100.000000, 199.937681
100.000000, 194.790903
100.000000, 189.644125
100.000000, 184.497346
100.000000, 179.350568
100.000000, 174.203790
100.000000, 169.057012
100.000000, 163.910234
100.000000, 158.763456
100.000000, 153.616677
100.000000, 148.469899
100.000000, 143.323121
100.000000, 138.176343
100.000000, 133.029565
100.000000, 127.882787
100.000000, 122.736009
100.000000, 117.589230
100.000000, 112.442452
100.000000, 107.295674
100.000000, 102.148896
100.000000, 97.002118
100.000000, 91.855340
100.000000, 86.708561
100.000000, 81.561783
100.000000, 76.415005
100.000000, 71.268227
100.000000, 66.121449
100.000000, 60.974671
100.000000, 55.827892
100.000000, 50.681114
100.000000, 45.534336
100.000000, 40.387558
100.000000, 35.240780
100.000000, 30.094002
100.000000, 24.947223
100.000000, 19.800445
100.000000, 14.653667
100.000000, 9.506889
100.000000, 4.360111
100.000000, 359.213333
100.000000, 354.066555
100.000000, 348.919776
100.000000, 343.772998
100.000000, 338.626220
100.000000, 333.479442
100.000000, 328.332664
100.000000, 323.185886
100.000000, 318.039107
100.000000, 312.892329
100.000000, 307.745551
100.000000, 302.598773
100.000000, 297.451995
100.000000, 292.305217
100.000000, 287.158438
100.000000, 282.011660
100.000000, 276.864882
100.000000, 271.718104
100.000000, 266.571326
100.000000, 261.424548
100.000000, 256.277769
100.000000, 251.130991
100.000000, 245.984213
100.000000, 240.837435
100.000000, 235.690657
100.000000, 230.543879
100.000000, 225.397101
100.000000, 220.250322
100.000000, 215.103544
100.000000, 209.956766
100.000000, 204.809988
100.000000, 199.663210
100.000000, 194.516432
100.000000, 189.369653
100.000000, 184.222875
100.000000, 179.076097
100.000000, 173.929319
100.000000, 168.782541
100.000000, 163.635763
100.000000, 158.488984
100.000000, 153.342206
100.000000, 148.195428
100.000000, 143.048650
100.000000, 137.901872
100.000000, 132.755094
100.000000, 127.608315
100.000000, 122.461537
100.000000, 117.314759
100.000000, 112.167981
100.000000, 107.021203
100.000000, 101.874425
100.000000, 96.727647
100.000000, 91.580868
100.000000, 86.434090
100.000000, 81.287312
100.000000, 76.140534
100.000000, 70.993756
100.000000, 65.846978
100.000000, 60.700199
100.000000, 55.553421
100.000000, 50.406643
100.000000, 45.259865
100.000000, 40.113087
100.000000, 34.966309
100.000000, 29.819530
100.000000, 24.672752
100.000000, 19.525974
100.000000, 14.379196
100.000000, 9.232418
100.000000, 4.085640
100.000000, 358.938861
100.000000, 353.792083
100.000000, 348.645305
100.000000, 343.498527
100.000000, 338.351749
100.000000, 333.204971
100.000000, 328.058193
100.000000, 322.911414
100.000000, 317.764636
100.000000, 312.617858
100.000000, 307.471080
100.000000, 302.324302
100.000000, 297.177524
100.000000, 292.030745
100.000000, 286.883967
100.000000, 281.737189
100.000000, 276.590411
100.000000, 271.443633
100.000000, 266.296855
100.000000, 261.150076
100.000000, 256.003298
100.000000, 250.856520
100.000000, 245.709742
100.000000, 240.562964
100.000000, 235.416186
100.000000, 230.269407
100.000000, 225.122629
100.000000, 219.975851
100.000000, 214.829073
100.000000, 209.682295
100.000000, 204.535517
100.000000, 199.388739
100.000000, 194.241960
100.000000, 189.095182
100.000000, 183.948404
100.000000, 178.801626
100.000000, 173.654848
100.000000, 168.508070
100.000000, 163.361291
100.000000, 158.214513
100.000000, 153.067735
100.000000, 147.920957
100.000000, 142.774179
100.000000, 137.627401
100.000000, 132.480622
100.000000, 127.333844
100.000000, 122.187066
100.000000, 117.040288
100.000000, 111.893510
100.000000, 106.746732
100.000000, 101.599953
100.000000, 96.453175
100.000000, 91.306397
100.000000, 86.159619
100.000000, 81.012841
100.000000, 75.866063
100.000000, 70.719285
100.000000, 65.572506
100.000000, 60.425728
100.000000, 55.278950
100.000000, 50.132172
100.000000, 44.985394
100.000000, 39.838616
100.000000, 34.691837
100.000000, 29.545059
100.000000, 24.398281
100.000000, 19.251503
100.000000, 14.104725
100.000000, 8.957947
100.000000, 3.811168
100.000000, 358.664390
100.000000, 353.517612
100.000000, 348.370834
100.000000, 343.224056
100.000000, 338.077278
100.000000, 332.930499
100.000000, 327.783721
100.000000, 322.636943
100.000000, 317.490165
100.000000, 312.343387
100.000000, 307.196609
100.000000, 302.049831
100.000000, 296.903052
100.000000, 291.756274
100.000000, 286.609496
100.000000, 281.462718
100.000000, 276.315940
100.000000, 271.169162
100.000000, 266.022383
100.000000, 260.875605
100.000000, 255.728827
100.000000, 250.582049
100.000000, 245.435271
100.000000, 240.288493
100.000000, 235.141714
100.000000, 229.994936
100.000000, 224.848158
100.000000, 219.701380
100.000000, 214.554602
100.000000, 209.407824
100.000000, 204.261045
100.000000, 199.114267
100.000000, 193.967489
100.000000, 188.820711
100.000000, 183.673933
100.000000, 178.527155
100.000000, 173.380377
100.000000, 168.233598
100.000000, 163.086820
100.000000, 157.940042
100.000000, 152.793264
100.000000, 147.646486
100.000000, 142.499708
100.000000, 137.352929
100.000000, 132.206151
100.000000, 127.059373
100.000000, 121.912595
100.000000, 116.765817
100.000000, 111.619039
100.000000, 106.472260
100.000000, 101.325482
100.000000, 96.178704
100.000000, 91.031926
100.000000, 85.885148
100.000000, 80.738370
100.000000, 75.591591
100.000000, 70.444813
100.000000, 65.298035
100.000000, 60.151257
100.000000, 55.004479
100.000000, 49.857701
100.000000, 44.710923
100.000000, 39.564144
100.000000, 34.417366
100.000000, 29.270588
100.000000, 24.123810
100.000000, 18.977032
100.000000, 13.830254
100.000000, 8.683475
100.000000, 3.536697
100.000000, 358.389919
100.000000, 353.243141
100.000000, 348.096363
100.000000, 342.949585
100.000000, 337.802806
100.000000, 332.656028
100.000000, 327.509250
100.000000, 322.362472
100.000000, 317.215694
100.000000, 312.068916
100.000000, 306.922137
100.000000, 301.775359
100.000000, 296.628581
100.000000, 291.481803
100.000000, 286.335025
100.000000, 281.188247
100.000000, 276.041469
100.000000, 270.894690
100.000000, 265.747912
100.000000, 260.601134
100.000000, 255.454356
100.000000, 250.307578
100.000000, 245.160800
100.000000, 240.014021
100.000000, 234.867243
100.000000, 229.720465
100.000000, 224.573687
100.000000, 219.426909
100.000000, 214.280131
100.000000, 209.133352
100.000000, 203.986574
100.000000, 198.839796
100.000000, 193.693018
100.000000, 188.546240
100.000000, 183.399462
100.000000, 178.252683
100.000000, 173.105905
100.000000, 167.959127
100.000000, 162.812349
100.000000, 157.665571
100.000000, 152.518793
100.000000, 147.372015
100.000000, 142.225236
100.000000, 137.078458
100.000000, 131.931680
100.000000, 126.784902
100.000000, 121.638124
100.000000, 116.491346
100.000000, 111.344567
100.000000, 106.197789
100.000000, 101.051011
100.000000, 95.904233
100.000000, 90.757455
100.000000, 85.610677
100.000000, 80.463898
100.000000, 75.317120
100.000000, 70.170342
100.000000, 65.023564
100.000000, 59.876786
100.000000, 54.730008
100.000000, 49.583229
100.000000, 44.436451
100.000000, 39.289673
100.000000, 34.142895
100.000000, 28.996117
100.000000, 23.849339
100.000000, 18.702561
100.000000, 13.555782
100.000000, 8.409004
100.000000, 3.262226
100.000000, 358.115448
100.000000, 352.968670
100.000000, 347.821892
100.000000, 342.675113
100.000000, 337.528335
100.000000, 332.381557
100.000000, 327.234779
100.000000, 322.088001
100.000000, 316.941223
100.000000, 311.794444
100.000000, 306.647666
100.000000, 301.500888
100.000000, 296.354110
100.000000, 291.207332
100.000000, 286.060554
100.000000, 280.913775
100.000000, 275.766997
100.000000, 270.620219
100.000000, 265.473441
100.000000, 260.326663
100.000000, 255.179885
100.000000, 250.033107
100.000000, 244.886328
100.000000, 239.739550
100.000000, 234.592772
100.000000, 229.445994
100.000000, 224.299216
100.000000, 219.152438
100.000000, 214.005659
100.000000, 208.858881
100.000000, 203.712103
100.000000, 198.565325
100.000000, 193.418547
100.000000, 188.271769
100.000000, 183.124990
100.000000, 177.978212
100.000000, 172.831434
100.000000, 167.684656
100.000000, 162.537878
100.000000, 157.391100
100.000000, 152.244321
100.000000, 147.097543
100.000000, 141.950765
100.000000, 136.803987
100.000000, 131.657209
100.000000, 126.510431
100.000000, 121.363653
100.000000, 116.216874
100.000000, 111.070096
100.000000, 105.923318
100.000000, 100.776540
100.000000, 95.629762
100.000000, 90.482984
100.000000, 85.336205
100.000000, 80.189427
100.000000, 75.042649
100.000000, 69.895871
100.000000, 64.749093
100.000000, 59.602315
100.000000, 54.455536
100.000000, 49.308758
100.000000, 44.161980
100.000000, 39.015202
100.000000, 33.868424
100.000000, 28.721646
100.000000, 23.574867
100.000000, 18.428089
100.000000, 13.281311
100.000000, 8.134533
100.000000, 2.987755
100.000000, 357.840977
100.000000, 352.694199
100.000000, 347.547420
100.000000, 342.400642
100.000000, 337.253864
100.000000, 332.107086
100.000000, 326.960308
100.000000, 321.813530
100.000000, 316.666751
100.000000, 311.519973
100.000000, 306.373195
100.000000, 301.226417
100.000000, 296.079639
100.000000, 290.932861
100.000000, 285.786082
100.000000, 280.639304
100.000000, 275.492526
100.000000, 270.345748
100.000000, 265.198970
100.000000, 260.052192
100.000000, 254.905413
100.000000, 249.758635
100.000000, 244.611857
100.000000, 239.465079
100.000000, 234.318301
100.000000, 229.171523
100.000000, 224.024745
100.000000, 218.877966
100.000000, 213.731188
100.000000, 208.584410
100.000000, 203.437632
100.000000, 198.290854
100.000000, 193.144076
100.000000, 187.997297
100.000000, 182.850519
100.000000, 177.703741
100.000000, 172.556963
100.000000, 167.410185
100.000000, 162.263407
100.000000, 157.116628
100.000000, 151.969850
100.000000, 146.823072
100.000000, 141.676294
100.000000, 136.529516
100.000000, 131.382738
100.000000, 126.235959
100.000000, 121.089181
100.000000, 115.942403
100.000000, 110.795625
100.000000, 105.648847
100.000000, 100.502069
100.000000, 95.355291
100.000000, 90.208512
100.000000, 85.061734
100.000000, 79.914956
100.000000, 74.768178
100.000000, 69.621400
100.000000, 64.474622
100.000000, 59.327843
100.000000, 54.181065
100.000000, 49.034287
100.000000, 43.887509
100.000000, 38.740731
100.000000, 33.593953
100.000000, 28.447174
100.000000, 23.300396
100.000000, 18.153618
100.000000, 13.006840
100.000000, 7.860062
100.000000, 2.713284
100.000000, 357.566505
100.000000, 352.419727
100.000000, 347.272949
100.000000, 342.126171
100.000000, 336.979393
100.000000, 331.832615
100.000000, 326.685837
100.000000, 321.539058
100.000000, 316.392280
100.000000, 311.245502
100.000000, 306.098724
100.000000, 300.951946
100.000000, 295.805168
100.000000, 290.658389
100.000000, 285.511611
100.000000, 280.364833
100.000000, 275.218055
100.000000, 270.071277
100.000000, 264.924499
100.000000, 259.777720
100.000000, 254.630942
100.000000, 249.484164
100.000000, 244.337386
100.000000, 239.190608
100.000000, 234.043830
100.000000, 228.897051
100.000000, 223.750273
100.000000, 218.603495
100.000000, 213.456717
100.000000, 208.309939
100.000000, 203.163161
100.000000, 198.016383
100.000000, 192.869604
100.000000, 187.722826
100.000000, 182.576048
100.000000, 177.429270
100.000000, 172.282492
100.000000, 167.135714
100.000000, 161.988935
100.000000, 156.842157
100.000000, 151.695379
100.000000, 146.548601
100.000000, 141.401823
100.000000, 136.255045
100.000000, 131.108266
100.000000, 125.961488
100.000000, 120.814710
100.000000, 115.667932
100.000000, 110.521154
100.000000, 105.374376
100.000000, 100.227597
100.000000, 95.080819
100.000000, 89.934041
100.000000, 84.787263
100.000000, 79.640485
100.000000, 74.493707
100.000000, 69.346929
100.000000, 64.200150
100.000000, 59.053372
100.000000, 53.906594
100.000000, 48.759816
100.000000, 43.613038
100.000000, 38.466260
100.000000, 33.319481
100.000000, 28.172703
100.000000, 23.025925
100.000000, 17.879147
100.000000, 12.732369
100.000000, 7.585591
100.000000, 2.438812
100.000000, 357.292034
100.000000, 352.145256
100.000000, 346.998478
100.000000, 341.851700
100.000000, 336.704922
100.000000, 331.558143
100.000000, 326.411365
100.000000, 321.264587
100.000000, 316.117809
100.000000, 310.971031
100.000000, 305.824253
100.000000, 300.677475
100.000000, 295.530696
100.000000, 290.383918
100.000000, 285.237140
100.000000, 280.090362
100.000000, 274.943584
100.000000, 269.796806
100.000000, 264.650027
100.000000, 259.503249
100.000000, 254.356471
100.000000, 249.209693
100.000000, 244.062915
100.000000, 238.916137
100.000000, 233.769358
100.000000, 228.622580
100.000000, 223.475802
100.000000, 218.329024
100.000000, 213.182246
100.000000, 208.035468
100.000000, 202.888689
100.000000, 197.741911
100.000000, 192.595133
100.000000, 187.448355
100.000000, 182.301577
100.000000, 177.154799
100.000000, 172.008021
100.000000, 166.861242
100.000000, 161.714464
100.000000, 156.567686
100.000000, 151.420908
100.000000, 146.274130
100.000000, 141.127352
100.000000, 135.980573
100.000000, 130.833795
100.000000, 125.687017
100.000000, 120.540239
100.000000, 115.393461
100.000000, 110.246683
100.000000, 105.099904
100.000000, 99.953126
100.000000, 94.806348
100.000000, 89.659570
100.000000, 84.512792
100.000000, 79.366014
100.000000, 74.219235
100.000000, 69.072457
100.000000, 63.925679
100.000000, 58.778901
100.000000, 53.632123
100.000000, 48.485345
100.000000, 43.338567
100.000000, 38.191788
100.000000, 33.045010
100.000000, 27.898232
100.000000, 22.751454
100.000000, 17.604676
100.000000, 12.457898
100.000000, 7.311119
100.000000, 2.164341
100.000000, 357.017563
100.000000, 351.870785
100.000000, 346.724007
100.000000, 341.577229
100.000000, 336.430450
100.000000, 331.283672
100.000000, 326.136894
100.000000, 320.990116
100.000000, 315.843338
100.000000, 310.696560
100.000000, 305.549781
100.000000, 300.403003
100.000000, 295.256225
100.000000, 290.109447
100.000000, 284.962669
100.000000, 279.815891
100.000000, 274.669113
100.000000, 269.522334
100.000000, 264.375556
100.000000, 259.228778
100.000000, 254.082000
100.000000, 248.935222
100.000000, 243.788444
100.000000, 238.641665
100.000000, 233.494887
100.000000, 228.348109
100.000000, 223.201331
100.000000, 218.054553
100.000000, 212.907775
100.000000, 207.760996
100.000000, 202.614218
100.000000, 197.467440
100.000000, 192.320662
100.000000, 187.173884
100.000000, 182.027106
100.000000, 176.880327
100.000000, 171.733549
100.000000, 166.586771
100.000000, 161.439993
100.000000, 156.293215
100.000000, 151.146437
100.000000, 145.999659
100.000000, 140.852880
100.000000, 135.706102
100.000000, 130.559324
100.000000, 125.412546
100.000000, 120.265768
100.000000, 115.118990
100.000000, 109.972211
100.000000, 104.825433
100.000000, 99.678655
100.000000, 94.531877
100.000000, 89.385099
100.000000, 84.238321
100.000000, 79.091542
100.000000, 73.944764
100.000000, 68.797986
100.000000, 63.651208
100.000000, 58.504430
100.000000, 53.357652
100.000000, 48.210873
100.000000, 43.064095
100.000000, 37.917317
100.000000, 32.770539
100.000000, 27.623761
100.000000, 22.476983
100.000000, 17.330205
100.000000, 12.183426
100.000000, 7.036648
100.000000, 1.889870
100.000000, 356.743092
100.000000, 351.596314
100.000000, 346.449536
100.000000, 341.302757
100.000000, 336.155979
100.000000, 331.009201
100.000000, 325.862423
100.000000, 320.715645
100.000000, 315.568867
100.000000, 310.422088
100.000000, 305.275310
100.000000, 300.128532
100.000000, 294.981754
100.000000, 289.834976
100.000000, 284.688198
100.000000, 279.541419
100.000000, 274.394641
100.000000, 269.247863
100.000000, 264.101085
100.000000, 258.954307
100.000000, 253.807529
100.000000, 248.660751
100.000000, 243.513972
100.000000, 238.367194
100.000000, 233.220416
100.000000, 228.073638
100.000000, 222.926860
100.000000, 217.780082
100.000000, 212.633303
100.000000, 207.486525
100.000000, 202.339747
100.000000, 197.192969
100.000000, 192.046191
100.000000, 186.899413
100.000000, 181.752634
100.000000, 176.605856
100.000000, 171.459078
100.000000, 166.312300
100.000000, 161.165522
100.000000, 156.018744
100.000000, 150.871965
100.000000, 145.725187
100.000000, 140.578409
100.000000, 135.431631
100.000000, 130.284853
100.000000, 125.138075
100.000000, 119.991297
100.000000, 114.844518
100.000000, 109.697740
100.000000, 104.550962
100.000000, 99.404184
100.000000, 94.257406
100.000000, 89.110628
100.000000, 83.963849
100.000000, 78.817071
100.000000, 73.670293
100.000000, 68.523515
100.000000, 63.376737
100.000000, 58.229959
100.000000, 53.083180
100.000000, 47.936402
100.000000, 42.789624
100.000000, 37.642846
100.000000, 32.496068
100.000000, 27.349290
100.000000, 22.202511
100.000000, 17.055733
100.000000, 11.908955
100.000000, 6.762177
100.000000, 1.615399
100.000000, 356.468621
100.000000, 351.321843
100.000000, 346.175064
100.000000, 341.028286
100.000000, 335.881508
100.000000, 330.734730
100.000000, 325.587952
100.000000, 320.441174
100.000000, 315.294395
100.000000, 310.147617
100.000000, 305.000839
100.000000, 299.854061
100.000000, 294.707283
100.000000, 289.560505
100.000000, 284.413726
100.000000, 279.266948
100.000000, 274.120170
100.000000, 268.973392
100.000000, 263.826614
100.000000, 258.679836
100.000000, 253.533057
100.000000, 248.386279
100.000000, 243.239501
100.000000, 238.092723
100.000000, 232.945945
100.000000, 227.799167
100.000000, 222.652389
100.000000, 217.505610
100.000000, 212.358832
100.000000, 207.212054
100.000000, 202.065276
100.000000, 196.918498
100.000000, 191.771720
100.000000, 186.624941
100.000000, 181.478163
100.000000, 176.331385
100.000000, 171.184607
100.000000, 166.037829
100.000000, 160.891051
100.000000, 155.744272
100.000000, 150.597494
100.000000, 145.450716
100.000000, 140.303938
100.000000, 135.157160
100.000000, 130.010382
100.000000, 124.863603
100.000000, 119.716825
100.000000, 114.570047
100.000000, 109.423269
100.000000, 104.276491
100.000000, 99.129713
100.000000, 93.982935
100.000000, 88.836156
100.000000, 83.689378
100.000000, 78.542600
100.000000, 73.395822
100.000000, 68.249044
100.000000, 63.102266
100.000000, 57.955487
100.000000, 52.808709
100.000000, 47.661931
100.000000, 42.515153
100.000000, 37.368375
100.000000, 32.221597
100.000000, 27.074818
100.000000, 21.928040
100.000000, 16.781262
100.000000, 11.634484
100.000000, 6.487706
100.000000, 1.340928
100.000000, 356.194149
100.000000, 351.047371
100.000000, 345.900593
100.000000, 340.753815
100.000000, 335.607037
100.000000, 330.460259
100.000000, 325.313481
100.000000, 320.166702
100.000000, 315.019924
100.000000, 309.873146
100.000000, 304.726368
100.000000, 299.579590
100.000000, 294.432812
100.000000, 289.286033
100.000000, 284.139255
100.000000, 278.992477
100.000000, 273.845699
100.000000, 268.698921
100.000000, 263.552143
100.000000, 258.405364
100.000000, 253.258586
100.000000, 248.111808
100.000000, 242.965030
100.000000, 237.818252
100.000000, 232.671474
100.000000, 227.524695
100.000000, 222.377917
100.000000, 217.231139
100.000000, 212.084361
100.000000, 206.937583
100.000000, 201.790805
100.000000, 196.644027
100.000000, 191.497248
100.000000, 186.350470
100.000000, 181.203692
100.000000, 176.056914
100.000000, 170.910136
100.000000, 165.763358
100.000000, 160.616579
100.000000, 155.469801
100.000000, 150.323023
100.000000, 145.176245
100.000000, 140.029467
100.000000, 134.882689
100.000000, 129.735910
100.000000, 124.589132
100.000000, 119.442354
100.000000, 114.295576
100.000000, 109.148798
100.000000, 104.002020
100.000000, 98.855241
100.000000, 93.708463
100.000000, 88.561685
100.000000, 83.414907
100.000000, 78.268129
100.000000, 73.121351
100.000000, 67.974573
100.000000, 62.827794
100.000000, 57.681016
100.000000, 52.534238
100.000000, 47.387460
100.000000, 42.240682
100.000000, 37.093904
100.000000, 31.947125
100.000000, 26.800347
100.000000, 21.653569
100.000000, 16.506791
100.000000, 11.360013
100.000000, 6.213235
100.000000, 1.066456
100.000000, 355.919678
100.000000, 350.772900
100.000000, 345.626122
100.000000, 340.479344
100.000000, 335.332566
100.000000, 330.185787
100.000000, 325.039009
100.000000, 319.892231
100.000000, 314.745453
100.000000, 309.598675
100.000000, 304.451897
100.000000, 299.305119
100.000000, 294.158340
100.000000, 289.011562
100.000000, 283.864784
100.000000, 278.718006
100.000000, 273.571228
100.000000, 268.424450
100.000000, 263.277671
100.000000, 258.130893
100.000000, 252.984115
100.000000, 247.837337
100.000000, 242.690559
100.000000, 237.543781
100.000000, 232.397002
100.000000, 227.250224
100.000000, 222.103446
100.000000, 216.956668
100.000000, 211.809890
100.000000, 206.663112
100.000000, 201.516333
100.000000, 196.369555
100.000000, 191.222777
100.000000, 186.075999
100.000000, 180.929221
100.000000, 175.782443
100.000000, 170.635665
100.000000, 165.488886
100.000000, 160.342108
100.000000, 155.195330
100.000000, 150.048552
100.000000, 144.901774
100.000000, 139.754996
100.000000, 134.608217
100.000000, 129.461439
100.000000, 124.314661
100.000000, 119.167883
100.000000, 114.021105
100.000000, 108.874327
100.000000, 103.727548
100.000000, 98.580770
100.000000, 93.433992
100.000000, 88.287214
100.000000, 83.140436
100.000000, 77.993658
100.000000, 72.846879
100.000000, 67.700101
100.000000, 62.553323
100.000000, 57.406545
100.000000, 52.259767
100.000000, 47.112989
100.000000, 41.966211
100.000000, 36.819432
100.000000, 31.672654
100.000000, 26.525876
100.000000, 21.379098
100.000000, 16.232320
100.000000, 11.085542
100.000000, 5.938763
100.000000, 0.791985
100.000000, 355.645207
100.000000, 350.498429
100.000000, 345.351651
100.000000, 340.204873
100.000000, 335.058094
100.000000, 329.911316
100.000000, 324.764538
100.000000, 319.617760
100.000000, 314.470982
100.000000, 309.324204
100.000000, 304.177425
100.000000, 299.030647
100.000000, 293.883869
100.000000, 288.737091
100.000000, 283.590313
100.000000, 278.443535
100.000000, 273.296757
100.000000, 268.149978
100.000000, 263.003200
100.000000, 257.856422
100.000000, 252.709644
100.000000, 247.562866
100.000000, 242.416088
100.000000, 237.269309
100.000000, 232.122531
100.000000, 226.975753
100.000000, 221.828975
100.000000, 216.682197
100.000000, 211.535419
100.000000, 206.388640
100.000000, 201.241862
100.000000, 196.095084
100.000000, 190.948306
100.000000, 185.801528
100.000000, 180.654750
100.000000, 175.507971
100.000000, 170.361193
100.000000, 165.214415
100.000000, 160.067637
100.000000, 154.920859
100.000000, 149.774081
100.000000, 144.627303
100.000000, 139.480524
100.000000, 134.333746
100.000000, 129.186968
100.000000, 124.040190
100.000000, 118.893412
100.000000, 113.746634
100.000000, 108.599855
100.000000, 103.453077
100.000000, 98.306299
100.000000, 93.159521
100.000000, 88.012743
100.000000, 82.865965
100.000000, 77.719186
100.000000, 72.572408
100.000000, 67.425630
100.000000, 62.278852
100.000000, 57.132074
100.000000, 51.985296
100.000000, 46.838517
100.000000, 41.691739
100.000000, 36.544961
100.000000, 31.398183
100.000000, 26.251405
100.000000, 21.104627
100.000000, 15.957849
100.000000, 10.811070
100.000000, 5.664292
100.000000, 0.517514
100.000000, 355.370736
100.000000, 350.223958
100.000000, 345.077180
100.000000, 339.930401
100.000000, 334.783623
100.000000, 329.636845
100.000000, 324.490067
100.000000, 319.343289
100.000000, 314.196511
100.000000, 309.049732
100.000000, 303.902954
100.000000, 298.756176
100.000000, 293.609398
100.000000, 288.462620
100.000000, 283.315842
100.000000, 278.169063
100.000000, 273.022285
100.000000, 267.875507
100.000000, 262.728729
100.000000, 257.581951
100.000000, 252.435173
100.000000, 247.288395
100.000000, 242.141616
100.000000, 236.994838
100.000000, 231.848060
100.000000, 226.701282
100.000000, 221.554504
100.000000, 216.407726
100.000000, 211.260947
100.000000, 206.114169
100.000000, 200.967391
100.000000, 195.820613
100.000000, 190.673835
100.000000, 185.527057
100.000000, 180.380278
100.000000, 175.233500
100.000000, 170.086722
100.000000, 164.939944
100.000000, 159.793166
100.000000, 154.646388
100.000000, 149.499609
100.000000, 144.352831
100.000000, 139.206053
100.000000, 134.059275
100.000000, 128.912497
100.000000, 123.765719
100.000000, 118.618941
100.000000, 113.472162
100.000000, 108.325384
100.000000, 103.178606
100.000000, 98.031828
100.000000, 92.885050
100.000000, 87.738272
100.000000, 82.591493
100.000000, 77.444715
100.000000, 72.297937
100.000000, 67.151159
100.000000, 62.004381
100.000000, 56.857603
100.000000, 51.710824
100.000000, 46.564046
100.000000, 41.417268
100.000000, 36.270490
100.000000, 31.123712
100.000000, 25.976934
100.000000, 20.830155
100.000000, 15.683377
100.000000, 10.536599
100.000000, 5.389821
100.000000, 0.243043
100.000000, 355.096265
100.000000, 349.949487
100.000000, 344.802708
100.000000, 339.655930
100.000000, 334.509152
100.000000, 329.362374
100.000000, 324.215596
100.000000, 319.068818
100.000000, 313.922039
100.000000, 308.775261
100.000000, 303.628483
100.000000, 298.481705
100.000000, 293.334927
100.000000, 288.188149
100.000000, 283.041370
100.000000, 277.894592
100.000000, 272.747814
100.000000, 267.601036
100.000000, 262.454258
100.000000, 257.307480
100.000000, 252.160701
100.000000, 247.013923
100.000000, 241.867145
100.000000, 236.720367
100.000000, 231.573589
100.000000, 226.426811
100.000000, 221.280033
100.000000, 216.133254
100.000000, 210.986476
100.000000, 205.839698
100.000000, 200.692920
100.000000, 195.546142
100.000000, 190.399364
100.000000, 185.252585
100.000000, 180.105807
100.000000, 174.959029
100.000000, 169.812251
100.000000, 164.665473
100.000000, 159.518695
100.000000, 154.371916
100.000000, 149.225138
100.000000, 144.078360
100.000000, 138.931582
100.000000, 133.784804
100.000000, 128.638026
100.000000, 123.491247
100.000000, 118.344469
100.000000, 113.197691
100.000000, 108.050913
100.000000, 102.904135
100.000000, 97.757357
100.000000, 92.610579
100.000000, 87.463800
100.000000, 82.317022
100.000000, 77.170244
100.000000, 72.023466
100.000000, 66.876688
100.000000, 61.729910
100.000000, 56.583131
100.000000, 51.436353
100.000000, 46.289575
100.000000, 41.142797
100.000000, 35.996019
100.000000, 30.849241
100.000000, 25.702462
100.000000, 20.555684
100.000000, 15.408906
100.000000, 10.262128
100.000000, 5.115350
100.000000, 359.968572
100.000000, 354.821793
100.000000, 349.675015
100.000000, 344.528237
100.000000, 339.381459
100.000000, 334.234681
100.000000, 329.087903
100.000000, 323.941125
100.000000, 318.794346
100.000000, 313.647568
100.000000, 308.500790
100.000000, 303.354012
100.000000, 298.207234
100.000000, 293.060456
100.000000, 287.913677
100.000000, 282.766899
100.000000, 277.620121
100.000000, 272.473343
100.000000, 267.326565
100.000000, 262.179787
100.000000, 257.033008
100.000000, 251.886230
100.000000, 246.739452
100.000000, 241.592674
100.000000, 236.445896
100.000000, 231.299118
100.000000, 226.152339
100.000000, 221.005561
100.000000, 215.858783
100.000000, 210.712005
100.000000, 205.565227
100.000000, 200.418449
100.000000, 195.271671
100.000000, 190.124892
100.000000, 184.978114
100.000000, 179.831336
100.000000, 174.684558
100.000000, 169.537780
100.000000, 164.391002
100.000000, 159.244223
100.000000, 154.097445
100.000000, 148.950667
100.000000, 143.803889
100.000000, 138.657111
100.000000, 133.510333
100.000000, 128.363554
100.000000, 123.216776
100.000000, 118.069998
100.000000, 112.923220
100.000000, 107.776442
100.000000, 102.629664
100.000000, 97.482885
100.000000, 92.336107
100.000000, 87.189329
100.000000, 82.042551
100.000000, 76.895773
100.000000, 71.748995
100.000000, 66.602217
100.000000, 61.455438
100.000000, 56.308660
100.000000, 51.161882
100.000000, 46.015104
100.000000, 40.868326
100.000000, 35.721548
100.000000, 30.574769
100.000000, 25.427991
100.000000, 20.281213
100.000000, 15.134435
100.000000, 9.987657
100.000000, 4.840879
100.000000, 359.694100
100.000000, 354.547322
100.000000, 349.400544
100.000000, 344.253766
100.000000, 339.106988
100.000000, 333.960210
100.000000, 328.813431
100.000000, 323.666653
100.000000, 318.519875
100.000000, 313.373097
100.000000, 308.226319
100.000000, 303.079541
100.000000, 297.932763
100.000000, 292.785984
100.000000, 287.639206
100.000000, 282.492428
100.000000, 277.345650
100.000000, 272.198872
100.000000, 267.052094
100.000000, 261.905315
100.000000, 256.758537
100.000000, 251.611759
100.000000, 246.464981
100.000000, 241.318203
100.000000, 236.171425
100.000000, 231.024646
100.000000, 225.877868
100.000000, 220.731090
100.000000, 215.584312
100.000000, 210.437534
100.000000, 205.290756
100.000000, 200.143977
100.000000, 194.997199
100.000000, 189.850421
100.000000, 184.703643
100.000000, 179.556865
100.000000, 174.410087
100.000000, 169.263309
100.000000, 164.116530
100.000000, 158.969752
100.000000, 153.822974
100.000000, 148.676196
100.000000, 143.529418
100.000000, 138.382640
100.000000, 133.235861
100.000000, 128.089083
100.000000, 122.942305
100.000000, 117.795527
100.000000, 112.648749
100.000000, 107.501971
100.000000, 102.355192
100.000000, 97.208414
100.000000, 92.061636
100.000000, 86.914858
100.000000, 81.768080
100.000000, 76.621302
100.000000, 71.474523
100.000000, 66.327745
100.000000, 61.180967
100.000000, 56.034189
100.000000, 50.887411
100.000000, 45.740633
100.000000, 40.593855
100.000000, 35.447076
100.000000, 30.300298
100.000000, 25.153520
100.000000, 20.006742
100.000000, 14.859964
100.000000, 9.713186
100.000000, 4.566407
100.000000, 359.419629
100.000000, 354.272851
100.000000, 349.126073
100.000000, 343.979295
100.000000, 338.832517
100.000000, 333.685738
100.000000, 328.538960
100.000000, 323.392182
100.000000, 318.245404
100.000000, 313.098626
100.000000, 307.951848
100.000000, 302.805069
100.000000, 297.658291
100.000000, 292.511513
100.000000, 287.364735
100.000000, 282.217957
100.000000, 277.071179
100.000000, 271.924401
100.000000, 266.777622
100.000000, 261.630844
100.000000, 256.484066
100.000000, 251.337288
100.000000, 246.190510
100.000000, 241.043732
100.000000, 235.896953
100.000000, 230.750175
100.000000, 225.603397
100.000000, 220.456619
100.000000, 215.309841
100.000000, 210.163063
100.000000, 205.016284
100.000000, 199.869506
100.000000, 194.722728
100.000000, 189.575950
100.000000, 184.429172
100.000000, 179.282394
100.000000, 174.135615
100.000000, 168.988837
100.000000, 163.842059
100.000000, 158.695281
100.000000, 153.548503
100.000000, 148.401725
100.000000, 143.254947
100.000000, 138.108168
100.000000, 132.961390
100.000000, 127.814612
100.000000, 122.667834
100.000000, 117.521056
100.000000, 112.374278
100.000000, 107.227499
100.000000, 102.080721
100.000000, 96.933943
100.000000, 91.787165
100.000000, 86.640387
100.000000, 81.493609
100.000000, 76.346830
100.000000, 71.200052
100.000000, 66.053274
100.000000, 60.906496
100.000000, 55.759718
100.000000, 50.612940
100.000000, 45.466161
100.000000, 40.319383
100.000000, 35.172605
100.000000, 30.025827
100.000000, 24.879049
100.000000, 19.732271
100.000000, 14.585493
100.000000, 9.438714
100.000000, 4.291936
100.000000, 359.145158
100.000000, 353.998380
100.000000, 348.851602
100.000000, 343.704824
100.000000, 338.558045
100.000000, 333.411267
100.000000, 328.264489
100.000000, 323.117711
100.000000, 317.970933
100.000000, 312.824155
100.000000, 307.677376
100.000000, 302.530598
100.000000, 297.383820
100.000000, 292.237042
100.000000, 287.090264
100.000000, 281.943486
100.000000, 276.796707
100.000000, 271.649929
100.000000, 266.503151
100.000000, 261.356373
100.000000, 256.209595
100.000000, 251.062817
100.000000, 245.916039
100.000000, 240.769260
100.000000, 235.622482
100.000000, 230.475704
100.000000, 225.328926
100.000000, 220.182148
100.000000, 215.035370
100.000000, 209.888591
100.000000, 204.741813
100.000000, 199.595035
100.000000, 194.448257
100.000000, 189.301479
100.000000, 184.154701
100.000000, 179.007922
100.000000, 173.861144
100.000000, 168.714366
100.000000, 163.567588
100.000000, 158.420810
100.000000, 153.274032
100.000000, 148.127253
100.000000, 142.980475
100.000000, 137.833697
100.000000, 132.686919
100.000000, 127.540141
100.000000, 122.393363
100.000000, 117.246585
100.000000, 112.099806
100.000000, 106.953028
100.000000, 101.806250
100.000000, 96.659472
100.000000, 91.512694
100.000000, 86.365916
100.000000, 81.219137
100.000000, 76.072359
100.000000, 70.925581
100.000000, 65.778803
100.000000, 60.632025
100.000000, 55.485247
100.000000, 50.338468
100.000000, 45.191690
100.000000, 40.044912
100.000000, 34.898134
100.000000, 29.751356
100.000000, 24.604578
100.000000, 19.457799
100.000000, 14.311021
100.000000, 9.164243
100.000000, 4.017465
100.000000, 358.870687
100.000000, 353.723909
100.000000, 348.577131
100.000000, 343.430352
100.000000, 338.283574
100.000000, 333.136796
100.000000, 327.990018
100.000000, 322.843240
100.000000, 317.696462
100.000000, 312.549683
100.000000, 307.402905
100.000000, 302.256127
100.000000, 297.109349
100.000000, 291.962571
100.000000, 286.815793
100.000000, 281.669014
100.000000, 276.522236
100.000000, 271.375458
100.000000, 266.228680
100.000000, 261.081902
100.000000, 255.935124
100.000000, 250.788345
100.000000, 245.641567
100.000000, 240.494789
100.000000, 235.348011
100.000000, 230.201233
100.000000, 225.054455
100.000000, 219.907677
100.000000, 214.760898
100.000000, 209.614120
100.000000, 204.467342
100.000000, 199.320564
100.000000, 194.173786
100.000000, 189.027008
100.000000, 183.880229
100.000000, 178.733451
100.000000, 173.586673
100.000000, 168.439895
100.000000, 163.293117
100.000000, 158.146339
100.000000, 152.999560
100.000000, 147.852782
100.000000, 142.706004
100.000000, 137.559226
100.000000, 132.412448
100.000000, 127.265670
100.000000, 122.118891
100.000000, 116.972113
100.000000, 111.825335
100.000000, 106.678557
100.000000, 101.531779
100.000000, 96.385001
100.000000, 91.238223
100.000000, 86.091444
100.000000, 80.944666
100.000000, 75.797888
100.000000, 70.651110
100.000000, 65.504332
100.000000, 60.357554
100.000000, 55.210775
100.000000, 50.063997
100.000000, 44.917219
100.000000, 39.770441
100.000000, 34.623663
100.000000, 29.476885
100.000000, 24.330106
100.000000, 19.183328
100.000000, 14.036550
100.000000, 8.889772
100.000000, 3.742994
100.000000, 358.596216
100.000000, 353.449437
100.000000, 348.302659
100.000000, 343.155881
100.000000, 338.009103
100.000000, 332.862325
100.000000, 327.715547
100.000000, 322.568769
100.000000, 317.421990
100.000000, 312.275212
100.000000, 307.128434
100.000000, 301.981656
100.000000, 296.834878
100.000000, 291.688100
100.000000, 286.541321
100.000000, 281.394543
100.000000, 276.247765
100.000000, 271.100987
100.000000, 265.954209
100.000000, 260.807431
100.000000, 255.660652
100.000000, 250.513874
100.000000, 245.367096
100.000000, 240.220318
100.000000, 235.073540
100.000000, 229.926762
100.000000, 224.779983
100.000000, 219.633205
100.000000, 214.486427
100.000000, 209.339649
100.000000, 204.192871
100.000000, 199.046093
100.000000, 193.899315
100.000000, 188.752536
100.000000, 183.605758
100.000000, 178.458980
100.000000, 173.312202
100.000000, 168.165424
100.000000, 163.018646
100.000000, 157.871867
100.000000, 152.725089
100.000000, 147.578311
100.000000, 142.431533
100.000000, 137.284755
100.000000, 132.137977
100.000000, 126.991198
100.000000, 121.844420
100.000000, 116.697642
100.000000, 111.550864
100.000000, 106.404086
100.000000, 101.257308
100.000000, 96.110529
100.000000, 90.963751
100.000000, 85.816973
100.000000, 80.670195
100.000000, 75.523417
100.000000, 70.376639
100.000000, 65.229861
100.000000, 60.083082
100.000000, 54.936304
100.000000, 49.789526
100.000000, 44.642748
100.000000, 39.495970
100.000000, 34.349192
100.000000, 29.202413
100.000000, 24.055635
100.000000, 18.908857
100.000000, 13.762079
100.000000, 8.615301
100.000000, 3.468523
100.000000, 358.321744
100.000000, 353.174966
100.000000, 348.028188
100.000000, 342.881410
100.000000, 337.734632
100.000000, 332.587854
100.000000, 327.441075
100.000000, 322.294297
100.000000, 317.147519
100.000000, 312.000741
100.000000, 306.853963
100.000000, 301.707185
100.000000, 296.560407
100.000000, 291.413628
100.000000, 286.266850
100.000000, 281.120072
100.000000, 275.973294
100.000000, 270.826516
100.000000, 265.679738
100.000000, 260.532959
100.000000, 255.386181
100.000000, 250.239403
100.000000, 245.092625
100.000000, 239.945847
100.000000, 234.799069
100.000000, 229.652290
100.000000, 224.505512
100.000000, 219.358734
100.000000, 214.211956
100.000000, 209.065178
100.000000, 203.918400
100.000000, 198.771621
100.000000, 193.624843
100.000000, 188.478065
100.000000, 183.331287
100.000000, 178.184509
100.000000, 173.037731
100.000000, 167.890953
100.000000, 162.744174
100.000000, 157.597396
100.000000, 152.450618
100.000000, 147.303840
100.000000, 142.157062
100.000000, 137.010284
100.000000, 131.863505
100.000000, 126.716727
100.000000, 121.569949
100.000000, 116.423171
100.000000, 111.276393
100.000000, 106.129615
100.000000, 100.982836
100.000000, 95.836058
100.000000, 90.689280
100.000000, 85.542502
100.000000, 80.395724
100.000000, 75.248946
100.000000, 70.102167
100.000000, 64.955389
100.000000, 59.808611
100.000000, 54.661833
100.000000, 49.515055
100.000000, 44.368277
100.000000, 39.221499
100.000000, 34.074720
100.000000, 28.927942
100.000000, 23.781164
100.000000, 18.634386
100.000000, 13.487608
100.000000, 8.340830
100.000000, 3.194051
100.000000, 358.047273
100.000000, 352.900495
100.000000, 347.753717
100.000000, 342.606939
100.000000, 337.460161
100.000000, 332.313382
100.000000, 327.166604
100.000000, 322.019826
100.000000, 316.873048
100.000000, 311.726270
100.000000, 306.579492
100.000000, 301.432713
100.000000, 296.285935
100.000000, 291.139157
100.000000, 285.992379
100.000000, 280.845601
100.000000, 275.698823
100.000000, 270.552045
100.000000, 265.405266
100.000000, 260.258488
100.000000, 255.111710
100.000000, 249.964932
100.000000, 244.818154
100.000000, 239.671376
100.000000, 234.524597
100.000000, 229.377819
100.000000, 224.231041
100.000000, 219.084263
100.000000, 213.937485
100.000000, 208.790707
100.000000, 203.643928
100.000000, 198.497150
100.000000, 193.350372
100.000000, 188.203594
100.000000, 183.056816
100.000000, 177.910038
100.000000, 172.763259
100.000000, 167.616481
100.000000, 162.469703
100.000000, 157.322925
100.000000, 152.176147
100.000000, 147.029369
100.000000, 141.882591
100.000000, 136.735812
100.000000, 131.589034
100.000000, 126.442256
100.000000, 121.295478
100.000000, 116.148700
100.000000, 111.001922
100.000000, 105.855143
100.000000, 100.708365
100.000000, 95.561587
100.000000, 90.414809
100.000000, 85.268031
100.000000, 80.121253
100.000000, 74.974474
100.000000, 69.827696
100.000000, 64.680918
100.000000, 59.534140
100.000000, 54.387362
100.000000, 49.240584
100.000000, 44.093805
100.000000, 38.947027
100.000000, 33.800249
100.000000, 28.653471
100.000000, 23.506693
100.000000, 18.359915
100.000000, 13.213137
100.000000, 8.066358
100.000000, 2.919580
100.000000, 357.772802
100.000000, 352.626024
100.000000, 347.479246
100.000000, 342.332468
100.000000, 337.185689
100.000000, 332.038911
100.000000, 326.892133
100.000000, 321.745355
100.000000, 316.598577
100.000000, 311.451799
100.000000, 306.305020
100.000000, 301.158242
100.000000, 296.011464
100.000000, 290.864686
100.000000, 285.717908
100.000000, 280.571130
100.000000, 275.424351
100.000000, 270.277573
100.000000, 265.130795
100.000000, 259.984017
100.000000, 254.837239
100.000000, 249.690461
100.000000, 244.543683
100.000000, 239.396904
100.000000, 234.250126
100.000000, 229.103348
100.000000, 223.956570
100.000000, 218.809792
100.000000, 213.663014
100.000000, 208.516235
100.000000, 203.369457
100.000000, 198.222679
100.000000, 193.075901
100.000000, 187.929123
100.000000, 182.782345
100.000000, 177.635566
100.000000, 172.488788
100.000000, 167.342010
100.000000, 162.195232
100.000000, 157.048454
100.000000, 151.901676
100.000000, 146.754897
100.000000, 141.608119
100.000000, 136.461341
100.000000, 131.314563
100.000000, 126.167785
100.000000, 121.021007
100.000000, 115.874229
100.000000, 110.727450
100.000000, 105.580672
100.000000, 100.433894
100.000000, 95.287116
100.000000, 90.140338
100.000000, 84.993560
100.000000, 79.846781
100.000000, 74.700003
100.000000, 69.553225
100.000000, 64.406447
100.000000, 59.259669
100.000000, 54.112891
100.000000, 48.966112
100.000000, 43.819334
100.000000, 38.672556
100.000000, 33.525778
100.000000, 28.379000
100.000000, 23.232222
100.000000, 18.085443
100.000000, 12.938665
100.000000, 7.791887
100.000000, 2.645109
100.000000, 357.498331
100.000000, 352.351553
100.000000, 347.204775
100.000000, 342.057996
100.000000, 336.911218
100.000000, 331.764440
100.000000, 326.617662
100.000000, 321.470884
100.000000, 316.324106
100.000000, 311.177327
100.000000, 306.030549
100.000000, 300.883771
100.000000, 295.736993
100.000000, 290.590215
100.000000, 285.443437
100.000000, 280.296658
100.000000, 275.149880
100.000000, 270.003102
100.000000, 264.856324
100.000000, 259.709546
100.000000, 254.562768
100.000000, 249.415989
100.000000, 244.269211
100.000000, 239.122433
100.000000, 233.975655
100.000000, 228.828877
100.000000, 223.682099
100.000000, 218.535321
100.000000, 213.388542
100.000000, 208.241764
100.000000, 203.094986
100.000000, 197.948208
100.000000, 192.801430
100.000000, 187.654652
100.000000, 182.507873
100.000000, 177.361095
100.000000, 172.214317
100.000000, 167.067539
100.000000, 161.920761
100.000000, 156.773983
100.000000, 151.627204
100.000000, 146.480426
100.000000, 141.333648
100.000000, 136.186870
100.000000, 131.040092
100.000000, 125.893314
100.000000, 120.746535
100.000000, 115.599757
100.000000, 110.452979
100.000000, 105.306201
100.000000, 100.159423
100.000000, 95.012645
100.000000, 89.865867
100.000000, 84.719088
100.000000, 79.572310
100.000000, 74.425532
100.000000, 69.278754
100.000000, 64.131976
100.000000, 58.985198
100.000000, 53.838419
100.000000, 48.691641
100.000000, 43.544863
100.000000, 38.398085
100.000000, 33.251307
100.000000, 28.104529
100.000000, 22.957750
100.000000, 17.810972
100.000000, 12.664194
100.000000, 7.517416
100.000000, 2.370638
100.000000, 357.223860
100.000000, 352.077081
100.000000, 346.930303
100.000000, 341.783525
100.000000, 336.636747
100.000000, 331.489969
100.000000, 326.343191
100.000000, 321.196413
100.000000, 316.049634
100.000000, 310.902856
100.000000, 305.756078
100.000000, 300.609300
100.000000, 295.462522
100.000000, 290.315744
100.000000, 285.168965
100.000000, 280.022187
100.000000, 274.875409
100.000000, 269.728631
100.000000, 264.581853
100.000000, 259.435075
100.000000, 254.288296
100.000000, 249.141518
100.000000, 243.994740
100.000000, 238.847962
100.000000, 233.701184
100.000000, 228.554406
100.000000, 223.407627
100.000000, 218.260849
100.000000, 213.114071
100.000000, 207.967293
100.000000, 202.820515
100.000000, 197.673737
100.000000, 192.526959
100.000000, 187.380180
100.000000, 182.233402
100.000000, 177.086624
100.000000, 171.939846
100.000000, 166.793068
100.000000, 161.646290
100.000000, 156.499511
100.000000, 151.352733
100.000000, 146.205955
100.000000, 141.059177
100.000000, 135.912399
100.000000, 130.765621
100.000000, 125.618842
100.000000, 120.472064
100.000000, 115.325286
100.000000, 110.178508
100.000000, 105.031730
100.000000, 99.884952
100.000000, 94.738173
100.000000, 89.591395
100.000000, 84.444617
100.000000, 79.297839
100.000000, 74.151061
100.000000, 69.004283
100.000000, 63.857505
100.000000, 58.710726
100.000000, 53.563948
100.000000, 48.417170
100.000000, 43.270392
100.000000, 38.123614
100.000000, 32.976836
100.000000, 27.830057
100.000000, 22.683279
100.000000, 17.536501
100.000000, 12.389723
100.000000, 7.242945
100.000000, 2.096167
100.000000, 356.949388
100.000000, 351.802610
100.000000, 346.655832
100.000000, 341.509054
100.000000, 336.362276
100.000000, 331.215498
100.000000, 326.068719
100.000000, 320.921941
100.000000, 315.775163
100.000000, 310.628385
100.000000, 305.481607
100.000000, 300.334829
100.000000, 295.188051
100.000000, 290.041272
100.000000, 284.894494
100.000000, 279.747716
100.000000, 274.600938
100.000000, 269.454160
100.000000, 264.307382
100.000000, 259.160603
100.000000, 254.013825
100.000000, 248.867047
100.000000, 243.720269
100.000000, 238.573491
100.000000, 233.426713
100.000000, 228.279934
100.000000, 223.133156
100.000000, 217.986378
100.000000, 212.839600
100.000000, 207.692822
100.000000, 202.546044
100.000000, 197.399265
100.000000, 192.252487
100.000000, 187.105709
100.000000, 181.958931
100.000000, 176.812153
100.000000, 171.665375
100.000000, 166.518597
100.000000, 161.371818
100.000000, 156.225040
100.000000, 151.078262
100.000000, 145.931484
100.000000, 140.784706
100.000000, 135.637928
100.000000, 130.491149
100.000000, 125.344371
100.000000, 120.197593
100.000000, 115.050815
100.000000, 109.904037
100.000000, 104.757259
100.000000, 99.610480
100.000000, 94.463702
100.000000, 89.316924
100.000000, 84.170146
100.000000, 79.023368
100.000000, 73.876590
100.000000, 68.729811
100.000000, 63.583033
100.000000, 58.436255
100.000000, 53.289477
100.000000, 48.142699
100.000000, 42.995921
100.000000, 37.849143
100.000000, 32.702364
100.000000, 27.555586
100.000000, 22.408808
100.000000, 17.262030
100.000000, 12.115252
100.000000, 6.968474
100.000000, 1.821695
100.000000, 356.674917
100.000000, 351.528139
100.000000, 346.381361
100.000000, 341.234583
100.000000, 336.087805
100.000000, 330.941026
100.000000, 325.794248
100.000000, 320.647470
100.000000, 315.500692
100.000000, 310.353914
100.000000, 305.207136
100.000000, 300.060357
100.000000, 294.913579
100.000000, 289.766801
100.000000, 284.620023
100.000000, 279.473245
100.000000, 274.326467
100.000000, 269.179689
100.000000, 264.032910
100.000000, 258.886132
100.000000, 253.739354
100.000000, 248.592576
100.000000, 243.445798
100.000000, 238.299020
100.000000, 233.152241
100.000000, 228.005463
100.000000, 222.858685
100.000000, 217.711907
100.000000, 212.565129
100.000000, 207.418351
100.000000, 202.271572
100.000000, 197.124794
100.000000, 191.978016
100.000000, 186.831238
100.000000, 181.684460
100.000000, 176.537682
100.000000, 171.390903
100.000000, 166.244125
100.000000, 161.097347
100.000000, 155.950569
100.000000, 150.803791
100.000000, 145.657013
100.000000, 140.510235
100.000000, 135.363456
100.000000, 130.216678
100.000000, 125.069900
100.000000, 119.923122
100.000000, 114.776344
100.000000, 109.629566
100.000000, 104.482787
100.000000, 99.336009
100.000000, 94.189231
100.000000, 89.042453
100.000000, 83.895675
100.000000, 78.748897
100.000000, 73.602118
100.000000, 68.455340
100.000000, 63.308562
100.000000, 58.161784
100.000000, 53.015006
100.000000, 47.868228
100.000000, 42.721449
100.000000, 37.574671
100.000000, 32.427893
100.000000, 27.281115
100.000000, 22.134337
100.000000, 16.987559
100.000000, 11.840781
100.000000, 6.694002
100.000000, 1.547224
100.000000, 356.400446
100.000000, 351.253668
100.000000, 346.106890
100.000000, 340.960112
100.000000, 335.813333
100.000000, 330.666555
100.000000, 325.519777
100.000000, 320.372999
100.000000, 315.226221
100.000000, 310.079443
100.000000, 304.932664
100.000000, 299.785886
100.000000, 294.639108
100.000000, 289.492330
100.000000, 284.345552
100.000000, 279.198774
100.000000, 274.051995
100.000000, 268.905217
100.000000, 263.758439
100.000000, 258.611661
100.000000, 253.464883
100.000000, 248.318105
100.000000, 243.171327
100.000000, 238.024548
100.000000, 232.877770
100.000000, 227.730992
100.000000, 222.584214
100.000000, 217.437436
100.000000, 212.290658
100.000000, 207.143879
100.000000, 201.997101
100.000000, 196.850323
100.000000, 191.703545
100.000000, 186.556767
100.000000, 181.409989
100.000000, 176.263210
100.000000, 171.116432
100.000000, 165.969654
100.000000, 160.822876
100.000000, 155.676098
100.000000, 150.529320
100.000000, 145.382541
100.000000, 140.235763
100.000000, 135.088985
100.000000, 129.942207
100.000000, 124.795429
100.000000, 119.648651
100.000000, 114.501873
100.000000, 109.355094
100.000000, 104.208316
100.000000, 99.061538
100.000000, 93.914760
100.000000, 88.767982
100.000000, 83.621204
100.000000, 78.474425
100.000000, 73.327647
100.000000, 68.180869
100.000000, 63.034091
100.000000, 57.887313
100.000000, 52.740535
100.000000, 47.593756
100.000000, 42.446978
100.000000, 37.300200
100.000000, 32.153422
100.000000, 27.006644
100.000000, 21.859866
100.000000, 16.713087
100.000000, 11.566309
100.000000, 6.419531
100.000000, 1.272753
100.000000, 356.125975
100.000000, 350.979197
100.000000, 345.832419
100.000000, 340.685640
100.000000, 335.538862
100.000000, 330.392084
100.000000, 325.245306
100.000000, 320.098528
100.000000, 314.951750
100.000000, 309.804971
100.000000, 304.658193
100.000000, 299.511415
100.000000, 294.364637
100.000000, 289.217859
100.000000, 284.071081
100.000000, 278.924302
100.000000, 273.777524
100.000000, 268.630746
100.000000, 263.483968
100.000000, 258.337190
100.000000, 253.190412
100.000000, 248.043633
100.000000, 242.896855
100.000000, 237.750077
100.000000, 232.603299
100.000000, 227.456521
100.000000, 222.309743
100.000000, 217.162965
100.000000, 212.016186
100.000000, 206.869408
100.000000, 201.722630
100.000000, 196.575852
100.000000, 191.429074
100.000000, 186.282296
100.000000, 181.135517
100.000000, 175.988739
100.000000, 170.841961
100.000000, 165.695183
100.000000, 160.548405
100.000000, 155.401627
100.000000, 150.254848
100.000000, 145.108070
100.000000, 139.961292
100.000000, 134.814514
100.000000, 129.667736
100.000000, 124.520958
100.000000, 119.374179
100.000000, 114.227401
100.000000, 109.080623
100.000000, 103.933845
100.000000, 98.787067
100.000000, 93.640289
100.000000, 88.493511
100.000000, 83.346732
100.000000, 78.199954
100.000000, 73.053176
100.000000, 67.906398
100.000000, 62.759620
100.000000, 57.612842
100.000000, 52.466063
100.000000, 47.319285
100.000000, 42.172507
100.000000, 37.025729
100.000000, 31.878951
100.000000, 26.732173
100.000000, 21.585394
100.000000, 16.438616
100.000000, 11.291838
100.000000, 6.145060
100.000000, 0.998282
100.000000, 355.851504
100.000000, 350.704725
100.000000, 345.557947
100.000000, 340.411169
100.000000, 335.264391
100.000000, 330.117613
100.000000, 324.970835
100.000000, 319.824057
100.000000, 314.677278
100.000000, 309.530500
100.000000, 304.383722
100.000000, 299.236944
100.000000, 294.090166
100.000000, 288.943388
100.000000, 283.796609
100.000000, 278.649831
100.000000, 273.503053
100.000000, 268.356275
100.000000, 263.209497
100.000000, 258.062719
100.000000, 252.915940
100.000000, 247.769162
100.000000, 242.622384
100.000000, 237.475606
100.000000, 232.328828
100.000000, 227.182050
100.000000, 222.035271
100.000000, 216.888493
100.000000, 211.741715
100.000000, 206.594937
100.000000, 201.448159
100.000000, 196.301381
100.000000, 191.154603
100.000000, 186.007824
100.000000, 180.861046
100.000000, 175.714268
100.000000, 170.567490
100.000000, 165.420712
100.000000, 160.273934
100.000000, 155.127155
100.000000, 149.980377
100.000000, 144.833599
100.000000, 139.686821
100.000000, 134.540043
100.000000, 129.393265
100.000000, 124.246486
100.000000, 119.099708
100.000000, 113.952930
100.000000, 108.806152
100.000000, 103.659374
100.000000, 98.512596
100.000000, 93.365817
100.000000, 88.219039
100.000000, 83.072261
100.000000, 77.925483
100.000000, 72.778705
100.000000, 67.631927
100.000000, 62.485149
100.000000, 57.338370
100.000000, 52.191592
100.000000, 47.044814
100.000000, 41.898036
100.000000, 36.751258
100.000000, 31.604480
100.000000, 26.457701
100.000000, 21.310923
100.000000, 16.164145
100.000000, 11.017367
100.000000, 5.870589
100.000000, 0.723811
100.000000, 355.577032
100.000000, 350.430254
100.000000, 345.283476
100.000000, 340.136698
100.000000, 334.989920
100.000000, 329.843142
100.000000, 324.696363
100.000000, 319.549585
100.000000, 314.402807
100.000000, 309.256029
100.000000, 304.109251
100.000000, 298.962473
100.000000, 293.815695
100.000000, 288.668916
100.000000, 283.522138
100.000000, 278.375360
100.000000, 273.228582
100.000000, 268.081804
100.000000, 262.935026
100.000000, 257.788247
100.000000, 252.641469
100.000000, 247.494691
100.000000, 242.347913
100.000000, 237.201135
100.000000, 232.054357
100.000000, 226.907578
100.000000, 221.760800
100.000000, 216.614022
100.000000, 211.467244
100.000000, 206.320466
100.000000, 201.173688
100.000000, 196.026909
100.000000, 190.880131
100.000000, 185.733353
100.000000, 180.586575
100.000000, 175.439797
100.000000, 170.293019
100.000000, 165.146241
100.000000, 159.999462
100.000000, 154.852684
100.000000, 149.705906
100.000000, 144.559128
100.000000, 139.412350
100.000000, 134.265572
100.000000, 129.118793
100.000000, 123.972015
100.000000, 118.825237
100.000000, 113.678459
100.000000, 108.531681
100.000000, 103.384903
100.000000, 98.238124
100.000000, 93.091346
100.000000, 87.944568
100.000000, 82.797790
100.000000, 77.651012
100.000000, 72.504234
100.000000, 67.357455
100.000000, 62.210677
100.000000, 57.063899
100.000000, 51.917121
100.000000, 46.770343
100.000000, 41.623565
100.000000, 36.476787
100.000000, 31.330008
100.000000, 26.183230
100.000000, 21.036452
100.000000, 15.889674
100.000000, 10.742896
100.000000, 5.596118
100.000000, 0.449339
100.000000, 355.302561
100.000000, 350.155783
100.000000, 345.009005
100.000000, 339.862227
100.000000, 334.715449
100.000000, 329.568670
100.000000, 324.421892
100.000000, 319.275114
100.000000, 314.128336
100.000000, 308.981558
100.000000, 303.834780
100.000000, 298.688001
100.000000, 293.541223
100.000000, 288.394445
100.000000, 283.247667
100.000000, 278.100889
100.000000, 272.954111
100.000000, 267.807333
100.000000, 262.660554
100.000000, 257.513776
100.000000, 252.366998
100.000000, 247.220220
100.000000, 242.073442
100.000000, 236.926664
100.000000, 231.779885
100.000000, 226.633107
100.000000, 221.486329
100.000000, 216.339551
100.000000, 211.192773
100.000000, 206.045995
100.000000, 200.899216
100.000000, 195.752438
100.000000, 190.605660
100.000000, 185.458882
100.000000, 180.312104
100.000000, 175.165326
100.000000, 170.018547
100.000000, 164.871769
100.000000, 159.724991
100.000000, 154.578213
100.000000, 149.431435
100.000000, 144.284657
100.000000, 139.137879
100.000000, 133.991100
100.000000, 128.844322
100.000000, 123.697544
100.000000, 118.550766
100.000000, 113.403988
100.000000, 108.257210
100.000000, 103.110431
100.000000, 97.963653
100.000000, 92.816875
100.000000, 87.670097
100.000000, 82.523319
100.000000, 77.376541
100.000000, 72.229762
100.000000, 67.082984
100.000000, 61.936206
100.000000, 56.789428
100.000000, 51.642650
100.000000, 46.495872
100.000000, 41.349093
100.000000, 36.202315
100.000000, 31.055537
100.000000, 25.908759
100.000000, 20.761981
100.000000, 15.615203
100.000000, 10.468425
100.000000, 5.321646
100.000000, 0.174868
100.000000, 355.028090
100.000000, 349.881312
100.000000, 344.734534
100.000000, 339.587756
100.000000, 334.440977
100.000000, 329.294199
100.000000, 324.147421
100.000000, 319.000643
100.000000, 313.853865
100.000000, 308.707087
100.000000, 303.560308
100.000000, 298.413530
100.000000, 293.266752
100.000000, 288.119974
100.000000, 282.973196
100.000000, 277.826418
100.000000, 272.679639
100.000000, 267.532861
100.000000, 262.386083
100.000000, 257.239305
100.000000, 252.092527
100.000000, 246.945749
100.000000, 241.798971
100.000000, 236.652192
100.000000, 231.505414
100.000000, 226.358636
100.000000, 221.211858
100.000000, 216.065080
100.000000, 210.918302
100.000000, 205.771523
100.000000, 200.624745
100.000000, 195.477967
100.000000, 190.331189
100.000000, 185.184411
100.000000, 180.037633
100.000000, 174.890854
100.000000, 169.744076
100.000000, 164.597298
100.000000, 159.450520
100.000000, 154.303742
100.000000, 149.156964
100.000000, 144.010185
100.000000, 138.863407
100.000000, 133.716629
100.000000, 128.569851
100.000000, 123.423073
100.000000, 118.276295
100.000000, 113.129517
100.000000, 107.982738
100.000000, 102.835960
100.000000, 97.689182
100.000000, 92.542404
100.000000, 87.395626
100.000000, 82.248848
100.000000, 77.102069
100.000000, 71.955291
100.000000, 66.808513
100.000000, 61.661735
100.000000, 56.514957
100.000000, 51.368179
100.000000, 46.221400
100.000000, 41.074622
100.000000, 35.927844
100.000000, 30.781066
100.000000, 25.634288
100.000000, 20.487510
100.000000, 15.340731
100.000000, 10.193953
100.000000, 5.047175
100.000000, 359.900397
100.000000, 354.753619
100.000000, 349.606841
100.000000, 344.460063
100.000000, 339.313284
100.000000, 334.166506
100.000000, 329.019728
100.000000, 323.872950
100.000000, 318.726172
100.000000, 313.579394
100.000000, 308.432615
100.000000, 303.285837
100.000000, 298.139059
100.000000, 292.992281
100.000000, 287.845503
100.000000, 282.698725
100.000000, 277.551946
100.000000, 272.405168
100.000000, 267.258390
100.000000, 262.111612
100.000000, 256.964834
100.000000, 251.818056
100.000000, 246.671277
100.000000, 241.524499
100.000000, 236.377721
100.000000, 231.230943
100.000000, 226.084165
100.000000, 220.937387
100.000000, 215.790609
100.000000, 210.643830
100.000000, 205.497052
100.000000, 200.350274
100.000000, 195.203496
100.000000, 190.056718
100.000000, 184.909940
100.000000, 179.763161
100.000000, 174.616383
100.000000, 169.469605
100.000000, 164.322827
100.000000, 159.176049
100.000000, 154.029271
100.000000, 148.882492
100.000000, 143.735714
100.000000, 138.588936
100.000000, 133.442158
100.000000, 128.295380
100.000000, 123.148602
100.000000, 118.001823
100.000000, 112.855045
100.000000, 107.708267
100.000000, 102.561489
100.000000, 97.414711
100.000000, 92.267933
100.000000, 87.121155
100.000000, 81.974376
100.000000, 76.827598
100.000000, 71.680820
100.000000, 66.534042
100.000000, 61.387264
100.000000, 56.240486
100.000000, 51.093707
100.000000, 45.946929
100.000000, 40.800151
100.000000, 35.653373
100.000000, 30.506595
100.000000, 25.359817
100.000000, 20.213038
100.000000, 15.066260
100.000000, 9.919482
100.000000, 4.772704
100.000000, 359.625926
100.000000, 354.479148
100.000000, 349.332369
100.000000, 344.185591
100.000000, 339.038813
100.000000, 333.892035
100.000000, 328.745257
100.000000, 323.598479
100.000000, 318.451701
100.000000, 313.304922
100.000000, 308.158144
100.000000, 303.011366
100.000000, 297.864588
100.000000, 292.717810
100.000000, 287.571032
100.000000, 282.424253
100.000000, 277.277475
100.000000, 272.130697
100.000000, 266.983919
100.000000, 261.837141
100.000000, 256.690363
100.000000, 251.543584
100.000000, 246.396806
100.000000, 241.250028
100.000000, 236.103250
100.000000, 230.956472
100.000000, 225.809694
100.000000, 220.662915
100.000000, 215.516137
100.000000, 210.369359
100.000000, 205.222581
100.000000, 200.075803
100.000000, 194.929025
100.000000, 189.782247
100.000000, 184.635468
100.000000, 179.488690
100.000000, 174.341912
100.000000, 169.195134
100.000000, 164.048356
100.000000, 158.901578
100.000000, 153.754799
100.000000, 148.608021
100.000000, 143.461243
100.000000, 138.314465
100.000000, 133.167687
100.000000, 128.020909
100.000000, 122.874130
100.000000, 117.727352
100.000000, 112.580574
100.000000, 107.433796
100.000000, 102.287018
100.000000, 97.140240
100.000000, 91.993461
100.000000, 86.846683
100.000000, 81.699905
100.000000, 76.553127
100.000000, 71.406349
100.000000, 66.259571
100.000000, 61.112793
100.000000, 55.966014
100.000000, 50.819236
100.000000, 45.672458
100.000000, 40.525680
100.000000, 35.378902
100.000000, 30.232124
100.000000, 25.085345
100.000000, 19.938567
100.000000, 14.791789
100.000000, 9.645011
100.000000, 4.498233
100.000000, 359.351455
100.000000, 354.204676
100.000000, 349.057898
100.000000, 343.911120
100.000000, 338.764342
100.000000, 333.617564
100.000000, 328.470786
100.000000, 323.324007
100.000000, 318.177229
100.000000, 313.030451
100.000000, 307.883673
100.000000, 302.736895
100.000000, 297.590117
100.000000, 292.443339
100.000000, 287.296560
100.000000, 282.149782
100.000000, 277.003004
100.000000, 271.856226
100.000000, 266.709448
100.000000, 261.562670
100.000000, 256.415891
100.000000, 251.269113
100.000000, 246.122335
100.000000, 240.975557
100.000000, 235.828779
100.000000, 230.682001
100.000000, 225.535222
100.000000, 220.388444
100.000000, 215.241666
100.000000, 210.094888
100.000000, 204.948110
100.000000, 199.801332
100.000000, 194.654553
100.000000, 189.507775
100.000000, 184.360997
100.000000, 179.214219
100.000000, 174.067441
100.000000, 168.920663
100.000000, 163.773885
100.000000, 158.627106
100.000000, 153.480328
100.000000, 148.333550
100.000000, 143.186772
100.000000, 138.039994
100.000000, 132.893216
100.000000, 127.746437
100.000000, 122.599659
100.000000, 117.452881
100.000000, 112.306103
100.000000, 107.159325
100.000000, 102.012547
100.000000, 96.865768
100.000000, 91.718990
100.000000, 86.572212
100.000000, 81.425434
100.000000, 76.278656
100.000000, 71.131878
100.000000, 65.985099
100.000000, 60.838321
100.000000, 55.691543
100.000000, 50.544765
100.000000, 45.397987
100.000000, 40.251209
100.000000, 35.104431
100.000000, 29.957652
100.000000, 24.810874
100.000000, 19.664096
100.000000, 14.517318
100.000000, 9.370540
100.000000, 4.223762
100.000000, 359.076983
100.000000, 353.930205
100.000000, 348.783427
100.000000, 343.636649
100.000000, 338.489871
100.000000, 333.343093
100.000000, 328.196314
100.000000, 323.049536
100.000000, 317.902758
100.000000, 312.755980
100.000000, 307.609202
100.000000, 302.462424
100.000000, 297.315645
100.000000, 292.168867
100.000000, 287.022089
100.000000, 281.875311
100.000000, 276.728533
100.000000, 271.581755
100.000000, 266.434977
100.000000, 261.288198
100.000000, 256.141420
100.000000, 250.994642
100.000000, 245.847864
100.000000, 240.701086
100.000000, 235.554308
100.000000, 230.407529
100.000000, 225.260751
100.000000, 220.113973
100.000000, 214.967195
100.000000, 209.820417
100.000000, 204.673639
100.000000, 199.526860
100.000000, 194.380082
100.000000, 189.233304
100.000000, 184.086526
100.000000, 178.939748
100.000000, 173.792970
100.000000, 168.646191
100.000000, 163.499413
100.000000, 158.352635
100.000000, 153.205857
100.000000, 148.059079
100.000000, 142.912301
100.000000, 137.765523
100.000000, 132.618744
100.000000, 127.471966
100.000000, 122.325188
100.000000, 117.178410
100.000000, 112.031632
100.000000, 106.884854
100.000000, 101.738075
100.000000, 96.591297
100.000000, 91.444519
100.000000, 86.297741
100.000000, 81.150963
100.000000, 76.004185
100.000000, 70.857406
100.000000, 65.710628
100.000000, 60.563850
100.000000, 55.417072
100.000000, 50.270294
100.000000, 45.123516
100.000000, 39.976737
100.000000, 34.829959
100.000000, 29.683181
100.000000, 24.536403
100.000000, 19.389625
100.000000, 14.242847
100.000000, 9.096069
100.000000, 3.949290
100.000000, 358.802512
100.000000, 353.655734
100.000000, 348.508956
100.000000, 343.362178
100.000000, 338.215400
100.000000, 333.068621
100.000000, 327.921843
100.000000, 322.775065
100.000000, 317.628287
100.000000, 312.481509
100.000000, 307.334731
100.000000, 302.187952
100.000000, 297.041174
100.000000, 291.894396
100.000000, 286.747618
100.000000, 281.600840
100.000000, 276.454062
100.000000, 271.307283
100.000000, 266.160505
100.000000, 261.013727
100.000000, 255.866949
100.000000, 250.720171
100.000000, 245.573393
100.000000, 240.426615
100.000000, 235.279836
100.000000, 230.133058
100.000000, 224.986280
100.000000, 219.839502
100.000000, 214.692724
100.000000, 209.545946
100.000000, 204.399167
100.000000, 199.252389
100.000000, 194.105611
100.000000, 188.958833
100.000000, 183.812055
100.000000, 178.665277
100.000000, 173.518498
100.000000, 168.371720
100.000000, 163.224942
100.000000, 158.078164
100.000000, 152.931386
100.000000, 147.784608
100.000000, 142.637829
100.000000, 137.491051
100.000000, 132.344273
100.000000, 127.197495
100.000000, 122.050717
100.000000, 116.903939
100.000000, 111.757161
100.000000, 106.610382
100.000000, 101.463604
100.000000, 96.316826
100.000000, 91.170048
100.000000, 86.023270
100.000000, 80.876492
100.000000, 75.729713
100.000000, 70.582935
100.000000, 65.436157
100.000000, 60.289379
100.000000, 55.142601
100.000000, 49.995823
100.000000, 44.849044
100.000000, 39.702266
100.000000, 34.555488
100.000000, 29.408710
100.000000, 24.261932
100.000000, 19.115154
100.000000, 13.968375
100.000000, 8.821597
100.000000, 3.674819
100.000000, 358.528041
100.000000, 353.381263
100.000000, 348.234485
100.000000, 343.087707
100.000000, 337.940928
100.000000, 332.794150
100.000000, 327.647372
100.000000, 322.500594
100.000000, 317.353816
100.000000, 312.207038
100.000000, 307.060259
100.000000, 301.913481
100.000000, 296.766703
100.000000, 291.619925
100.000000, 286.473147
100.000000, 281.326369
100.000000, 276.179590
100.000000, 271.032812
100.000000, 265.886034
100.000000, 260.739256
100.000000, 255.592478
100.000000, 250.445700
100.000000, 245.298921
100.000000, 240.152143
100.000000, 235.005365
100.000000, 229.858587
100.000000, 224.711809
100.000000, 219.565031
100.000000, 214.418253
100.000000, 209.271474
100.000000, 204.124696
100.000000, 198.977918
100.000000, 193.831140
100.000000, 188.684362
100.000000, 183.537584
100.000000, 178.390805
100.000000, 173.244027
100.000000, 168.097249
100.000000, 162.950471
100.000000, 157.803693
100.000000, 152.656915
100.000000, 147.510136
100.000000, 142.363358
100.000000, 137.216580
100.000000, 132.069802
100.000000, 126.923024
100.000000, 121.776246
100.000000, 116.629467
100.000000, 111.482689
100.000000, 106.335911
100.000000, 101.189133
100.000000, 96.042355
100.000000, 90.895577
100.000000, 85.748799
100.000000, 80.602020
100.000000, 75.455242
100.000000, 70.308464
100.000000, 65.161686
100.000000, 60.014908
100.000000, 54.868130
100.000000, 49.721351
100.000000, 44.574573
100.000000, 39.427795
100.000000, 34.281017
100.000000, 29.134239
100.000000, 23.987461
100.000000, 18.840682
100.000000, 13.693904
100.000000, 8.547126
100.000000, 3.400348
100.000000, 358.253570
100.000000, 353.106792
100.000000, 347.960013
100.000000, 342.813235
100.000000, 337.666457
100.000000, 332.519679
100.000000, 327.372901
100.000000, 322.226123
100.000000, 317.079345
100.000000, 311.932566
100.000000, 306.785788
100.000000, 301.639010
100.000000, 296.492232
100.000000, 291.345454
100.000000, 286.198676
100.000000, 281.051897
100.000000, 275.905119
100.000000, 270.758341
100.000000, 265.611563
100.000000, 260.464785
100.000000, 255.318007
100.000000, 250.171228
100.000000, 245.024450
100.000000, 239.877672
100.000000, 234.730894
100.000000, 229.584116
100.000000, 224.437338
100.000000, 219.290559
100.000000, 214.143781
100.000000, 208.997003
100.000000, 203.850225
100.000000, 198.703447
100.000000, 193.556669
100.000000, 188.409891
100.000000, 183.263112
100.000000, 178.116334
100.000000, 172.969556
100.000000, 167.822778
100.000000, 162.676000
100.000000, 157.529222
100.000000, 152.382443
100.000000, 147.235665
100.000000, 142.088887
100.000000, 136.942109
100.000000, 131.795331
100.000000, 126.648553
100.000000, 121.501774
100.000000, 116.354996
100.000000, 111.208218
100.000000, 106.061440
100.000000, 100.914662
100.000000, 95.767884
100.000000, 90.621105
100.000000, 85.474327
100.000000, 80.327549
100.000000, 75.180771
100.000000, 70.033993
100.000000, 64.887215
100.000000, 59.740437
100.000000, 54.593658
100.000000, 49.446880
100.000000, 44.300102
100.000000, 39.153324
100.000000, 34.006546
100.000000, 28.859768
100.000000, 23.712989
100.000000, 18.566211
100.000000, 13.419433
100.000000, 8.272655
100.000000, 3.125877
100.000000, 357.979099
100.000000, 352.832320
100.000000, 347.685542
100.000000, 342.538764
100.000000, 337.391986
100.000000, 332.245208
100.000000, 327.098430
100.000000, 321.951651
100.000000, 316.804873
100.000000, 311.658095
100.000000, 306.511317
100.000000, 301.364539
100.000000, 296.217761
100.000000, 291.070983
100.000000, 285.924204
100.000000, 280.777426
100.000000, 275.630648
100.000000, 270.483870
100.000000, 265.337092
100.000000, 260.190314
100.000000, 255.043535
100.000000, 249.896757
100.000000, 244.749979
100.000000, 239.603201
100.000000, 234.456423
100.000000, 229.309645
100.000000, 224.162866
100.000000, 219.016088
100.000000, 213.869310
100.000000, 208.722532
100.000000, 203.575754
100.000000, 198.428976
100.000000, 193.282197
100.000000, 188.135419
100.000000, 182.988641
100.000000, 177.841863
100.000000, 172.695085
100.000000, 167.548307
100.000000, 162.401529
100.000000, 157.254750
100.000000, 152.107972
100.000000, 146.961194
100.000000, 141.814416
100.000000, 136.667638
100.000000, 131.520860
100.000000, 126.374081
100.000000, 121.227303
100.000000, 116.080525
100.000000, 110.933747
100.000000, 105.786969
100.000000, 100.640191
100.000000, 95.493412
100.000000, 90.346634
100.000000, 85.199856
100.000000, 80.053078
100.000000, 74.906300
100.000000, 69.759522
100.000000, 64.612743
100.000000, 59.465965
100.000000, 54.319187
100.000000, 49.172409
100.000000, 44.025631
100.000000, 38.878853
100.000000, 33.732075
100.000000, 28.585296
100.000000, 23.438518
100.000000, 18.291740
100.000000, 13.144962
100.000000, 7.998184
100.000000, 2.851406
100.000000, 357.704627
100.000000, 352.557849
100.000000, 347.411071
100.000000, 342.264293
100.000000, 337.117515
100.000000, 331.970737
100.000000, 326.823958
100.000000, 321.677180
100.000000, 316.530402
100.000000, 311.383624
100.000000, 306.236846
100.000000, 301.090068
100.000000, 295.943289
100.000000, 290.796511
100.000000, 285.649733
100.000000, 280.502955
100.000000, 275.356177
100.000000, 270.209399
100.000000, 265.062621
100.000000, 259.915842
100.000000, 254.769064
100.000000, 249.622286
100.000000, 244.475508
100.000000, 239.328730
100.000000, 234.181952
100.000000, 229.035173
100.000000, 223.888395
100.000000, 218.741617
100.000000, 213.594839
100.000000, 208.448061
100.000000, 203.301283
100.000000, 198.154504
100.000000, 193.007726
100.000000, 187.860948
100.000000, 182.714170
100.000000, 177.567392
100.000000, 172.420614
100.000000, 167.273835
100.000000, 162.127057
100.000000, 156.980279
100.000000, 151.833501
100.000000, 146.686723
100.000000, 141.539945
100.000000, 136.393167
100.000000, 131.246388
100.000000, 126.099610
100.000000, 120.952832
100.000000, 115.806054
100.000000, 110.659276
100.000000, 105.512498
100.000000, 100.365719
100.000000, 95.218941
100.000000, 90.072163
100.000000, 84.925385
100.000000, 79.778607
100.000000, 74.631829
100.000000, 69.485050
100.000000, 64.338272
100.000000, 59.191494
100.000000, 54.044716
100.000000, 48.897938
100.000000, 43.751160
100.000000, 38.604381
100.000000, 33.457603
100.000000, 28.310825
100.000000, 23.164047
100.000000, 18.017269
100.000000, 12.870491
100.000000, 7.723713
100.000000, 2.576934
100.000000, 357.430156
100.000000, 352.283378
100.000000, 347.136600
100.000000, 341.989822
100.000000, 336.843044
100.000000, 331.696265
100.000000, 326.549487
100.000000, 321.402709
100.000000, 316.255931
100.000000, 311.109153
100.000000, 305.962375
100.000000, 300.815596
100.000000, 295.668818
100.000000, 290.522040
100.000000, 285.375262
100.000000, 280.228484
100.000000, 275.081706
100.000000, 269.934927
100.000000, 264.788149
100.000000, 259.641371
100.000000, 254.494593
100.000000, 249.347815
100.000000, 244.201037
100.000000, 239.054259
100.000000, 233.907480
100.000000, 228.760702
100.000000, 223.613924
100.000000, 218.467146
100.000000, 213.320368
100.000000, 208.173590
100.000000, 203.026811
100.000000, 197.880033
100.000000, 192.733255
100.000000, 187.586477
100.000000, 182.439699
100.000000, 177.292921
100.000000, 172.146142
100.000000, 166.999364
100.000000, 161.852586
100.000000, 156.705808
100.000000, 151.559030
100.000000, 146.412252
100.000000, 141.265473
100.000000, 136.118695
100.000000, 130.971917
100.000000, 125.825139
100.000000, 120.678361
100.000000, 115.531583
100.000000, 110.384805
100.000000, 105.238026
100.000000, 100.091248
100.000000, 94.944470
100.000000, 89.797692
100.000000, 84.650914
100.000000, 79.504136
100.000000, 74.357357
100.000000, 69.210579
100.000000, 64.063801
100.000000, 58.917023
100.000000, 53.770245
100.000000, 48.623467
100.000000, 43.476688
100.000000, 38.329910
100.000000, 33.183132
100.000000, 28.036354
100.000000, 22.889576
100.000000, 17.742798
100.000000, 12.596019
100.000000, 7.449241
100.000000, 2.302463
100.000000, 357.155685
100.000000, 352.008907
100.000000, 346.862129
100.000000, 341.715351
100.000000, 336.568572
100.000000, 331.421794
100.000000, 326.275016
100.000000, 321.128238
100.000000, 315.981460
100.000000, 310.834682
100.000000, 305.687903
100.000000, 300.541125
100.000000, 295.394347
100.000000, 290.247569
100.000000, 285.100791
100.000000, 279.954013
100.000000, 274.807234
100.000000, 269.660456
100.000000, 264.513678
100.000000, 259.366900
100.000000, 254.220122
100.000000, 249.073344
100.000000, 243.926565
100.000000, 238.779787
100.000000, 233.633009
100.000000, 228.486231
100.000000, 223.339453
100.000000, 218.192675
100.000000, 213.045897
100.000000, 207.899118
100.000000, 202.752340
100.000000, 197.605562
100.000000, 192.458784
100.000000, 187.312006
100.000000, 182.165228
100.000000, 177.018449
100.000000, 171.871671
100.000000, 166.724893
100.000000, 161.578115
100.000000, 156.431337
100.000000, 151.284559
100.000000, 146.137780
100.000000, 140.991002
100.000000, 135.844224
100.000000, 130.697446
100.000000, 125.550668
100.000000, 120.403890
100.000000, 115.257111
100.000000, 110.110333
100.000000, 104.963555
100.000000, 99.816777
100.000000, 94.669999
100.000000, 89.523221
100.000000, 84.376443
100.000000, 79.229664
100.000000, 74.082886
100.000000, 68.936108
100.000000, 63.789330
100.000000, 58.642552
100.000000, 53.495774
100.000000, 48.348995
100.000000, 43.202217
100.000000, 38.055439
100.000000, 32.908661
100.000000, 27.761883
100.000000, 22.615105
100.000000, 17.468326
100.000000, 12.321548
100.000000, 7.174770
100.000000, 2.027992
100.000000, 356.881214
100.000000, 351.734436
100.000000, 346.587657
100.000000, 341.440879
100.000000, 336.294101
100.000000, 331.147323
100.000000, 326.000545
100.000000, 320.853767
100.000000, 315.706989
100.000000, 310.560210
100.000000, 305.413432
100.000000, 300.266654
100.000000, 295.119876
100.000000, 289.973098
100.000000, 284.826320
100.000000, 279.679541
100.000000, 274.532763
100.000000, 269.385985
100.000000, 264.239207
100.000000, 259.092429
100.000000, 253.945651
100.000000, 248.798872
100.000000, 243.652094
100.000000, 238.505316
100.000000, 233.358538
100.000000, 228.211760
100.000000, 223.064982
100.000000, 217.918203
100.000000, 212.771425
100.000000, 207.624647
100.000000, 202.477869
100.000000, 197.331091
100.000000, 192.184313
100.000000, 187.037535
100.000000, 181.890756
100.000000, 176.743978
100.000000, 171.597200
100.000000, 166.450422
100.000000, 161.303644
100.000000, 156.156866
100.000000, 151.010087
100.000000, 145.863309
100.000000, 140.716531
100.000000, 135.569753
100.000000, 130.422975
100.000000, 125.276197
100.000000, 120.129418
100.000000, 114.982640
100.000000, 109.835862
100.000000, 104.689084
100.000000, 99.542306
100.000000, 94.395528
100.000000, 89.248749
100.000000, 84.101971
100.000000, 78.955193
100.000000, 73.808415
100.000000, 68.661637
100.000000, 63.514859
100.000000, 58.368081
100.000000, 53.221302
100.000000, 48.074524
100.000000, 42.927746
100.000000, 37.780968
100.000000, 32.634190
100.000000, 27.487412
100.000000, 22.340633
100.000000, 17.193855
100.000000, 12.047077
100.000000, 6.900299
100.000000, 1.753521
100.000000, 356.606743
100.000000, 351.459964
100.000000, 346.313186
100.000000, 341.166408
100.000000, 336.019630
100.000000, 330.872852
100.000000, 325.726074
100.000000, 320.579295
100.000000, 315.432517
100.000000, 310.285739
100.000000, 305.138961
100.000000, 299.992183
100.000000, 294.845405
100.000000, 289.698627
100.000000, 284.551848
100.000000, 279.405070
100.000000, 274.258292
100.000000, 269.111514
100.000000, 263.964736
100.000000, 258.817958
100.000000, 253.671179
100.000000, 248.524401
100.000000, 243.377623
100.000000, 238.230845
100.000000, 233.084067
100.000000, 227.937289
100.000000, 222.790510
100.000000, 217.643732
100.000000, 212.496954
100.000000, 207.350176
100.000000, 202.203398
100.000000, 197.056620
100.000000, 191.909841
100.000000, 186.763063
100.000000, 181.616285
100.000000, 176.469507
100.000000, 171.322729
100.000000, 166.175951
100.000000, 161.029173
100.000000, 155.882394
100.000000, 150.735616
100.000000, 145.588838
100.000000, 140.442060
100.000000, 135.295282
100.000000, 130.148504
100.000000, 125.001725
100.000000, 119.854947
100.000000, 114.708169
100.000000, 109.561391
100.000000, 104.414613
100.000000, 99.267835
100.000000, 94.121056
100.000000, 88.974278
100.000000, 83.827500
100.000000, 78.680722
100.000000, 73.533944
100.000000, 68.387166
100.000000, 63.240387
100.000000, 58.093609
100.000000, 52.946831
100.000000, 47.800053
100.000000, 42.653275
100.000000, 37.506497
100.000000, 32.359719
100.000000, 27.212940
100.000000, 22.066162
100.000000, 16.919384
100.000000, 11.772606
100.000000, 6.625828
100.000000, 1.479050
100.000000, 356.332271
100.000000, 351.185493
100.000000, 346.038715
100.000000, 340.891937
100.000000, 335.745159
100.000000, 330.598381
100.000000, 325.451602
100.000000, 320.304824
100.000000, 315.158046
100.000000, 310.011268
100.000000, 304.864490
100.000000, 299.717712
100.000000, 294.570933
100.000000, 289.424155
100.000000, 284.277377
100.000000, 279.130599
100.000000, 273.983821
100.000000, 268.837043
100.000000, 263.690265
100.000000, 258.543486
100.000000, 253.396708
100.000000, 248.249930
100.000000, 243.103152
100.000000, 237.956374
100.000000, 232.809596
100.000000, 227.662817
100.000000, 222.516039
100.000000, 217.369261
100.000000, 212.222483
100.000000, 207.075705
100.000000, 201.928927
100.000000, 196.782148
100.000000, 191.635370
100.000000, 186.488592
100.000000, 181.341814
100.000000, 176.195036
100.000000, 171.048258
100.000000, 165.901479
100.000000, 160.754701
100.000000, 155.607923
100.000000, 150.461145
100.000000, 145.314367
100.000000, 140.167589
100.000000, 135.020811
100.000000, 129.874032
100.000000, 124.727254
100.000000, 119.580476
100.000000, 114.433698
100.000000, 109.286920
100.000000, 104.140142
100.000000, 98.993363
100.000000, 93.846585
100.000000, 88.699807
100.000000, 83.553029
100.000000, 78.406251
100.000000, 73.259473
100.000000, 68.112694
100.000000, 62.965916
100.000000, 57.819138
100.000000, 52.672360
100.000000, 47.525582
100.000000, 42.378804
100.000000, 37.232025
100.000000, 32.085247
100.000000, 26.938469
100.000000, 21.791691
100.000000, 16.644913
100.000000, 11.498135
100.000000, 6.351357
100.000000, 1.204578
100.000000, 356.057800
100.000000, 350.911022
100.000000, 345.764244
100.000000, 340.617466
100.000000, 335.470688
100.000000, 330.323909
100.000000, 325.177131
100.000000, 320.030353
100.000000, 314.883575
100.000000, 309.736797
100.000000, 304.590019
100.000000, 299.443240
100.000000, 294.296462
100.000000, 289.149684
100.000000, 284.002906
100.000000, 278.856128
100.000000, 273.709350
100.000000, 268.562571
100.000000, 263.415793
100.000000, 258.269015
100.000000, 253.122237
100.000000, 247.975459
100.000000, 242.828681
100.000000, 237.681903
100.000000, 232.535124
100.000000, 227.388346
100.000000, 222.241568
100.000000, 217.094790
100.000000, 211.948012
100.000000, 206.801234
100.000000, 201.654455
100.000000, 196.507677
100.000000, 191.360899
100.000000, 186.214121
100.000000, 181.067343
100.000000, 175.920565
100.000000, 170.773786
100.000000, 165.627008
100.000000, 160.480230
100.000000, 155.333452
100.000000, 150.186674
100.000000, 145.039896
100.000000, 139.893117
100.000000, 134.746339
100.000000, 129.599561
100.000000, 124.452783
100.000000, 119.306005
100.000000, 114.159227
100.000000, 109.012449
100.000000, 103.865670
100.000000, 98.718892
100.000000, 93.572114
100.000000, 88.425336
100.000000, 83.278558
100.000000, 78.131780
100.000000, 72.985001
100.000000, 67.838223
100.000000, 62.691445
100.000000, 57.544667
100.000000, 52.397889
100.000000, 47.251111
100.000000, 42.104332
100.000000, 36.957554
100.000000, 31.810776
100.000000, 26.663998
100.000000, 21.517220
100.000000, 16.370442
100.000000, 11.223663
100.000000, 6.076885
100.000000, 0.930107
100.000000, 355.783329
100.000000, 350.636551
100.000000, 345.489773
100.000000, 340.342995
100.000000, 335.196216
100.000000, 330.049438
100.000000, 324.902660
100.000000, 319.755882
100.000000, 314.609104
100.000000, 309.462326
100.000000, 304.315547
100.000000, 299.168769
100.000000, 294.021991
100.000000, 288.875213
100.000000, 283.728435
100.000000, 278.581657
100.000000, 273.434878
100.000000, 268.288100
100.000000, 263.141322
100.000000, 257.994544
100.000000, 252.847766
100.000000, 247.700988
100.000000, 242.554209
100.000000, 237.407431
100.000000, 232.260653
100.000000, 227.113875
100.000000, 221.967097
100.000000, 216.820319
100.000000, 211.673541
100.000000, 206.526762
100.000000, 201.379984
100.000000, 196.233206
100.000000, 191.086428
100.000000, 185.939650
100.000000, 180.792872
100.000000, 175.646093
100.000000, 170.499315
100.000000, 165.352537
100.000000, 160.205759
100.000000, 155.058981
100.000000, 149.912203
100.000000, 144.765424
100.000000, 139.618646
100.000000, 134.471868
100.000000, 129.325090
100.000000, 124.178312
100.000000, 119.031534
100.000000, 113.884755
100.000000, 108.737977
100.000000, 103.591199
100.000000, 98.444421
100.000000, 93.297643
100.000000, 88.150865
100.000000, 83.004087
100.000000, 77.857308
100.000000, 72.710530
100.000000, 67.563752
100.000000, 62.416974
100.000000, 57.270196
100.000000, 52.123418
100.000000, 46.976639
100.000000, 41.829861
100.000000, 36.683083
100.000000, 31.536305
100.000000, 26.389527
100.000000, 21.242749
100.000000, 16.095970
100.000000, 10.949192
100.000000, 5.802414
100.000000, 0.655636
100.000000, 355.508858
100.000000, 350.362080
100.000000, 345.215301
100.000000, 340.068523
100.000000, 334.921745
100.000000, 329.774967
100.000000, 324.628189
100.000000, 319.481411
100.000000, 314.334633
100.000000, 309.187854
100.000000, 304.041076
100.000000, 298.894298
100.000000, 293.747520
100.000000, 288.600742
100.000000, 283.453964
100.000000, 278.307185
100.000000, 273.160407
100.000000, 268.013629
100.000000, 262.866851
100.000000, 257.720073
100.000000, 252.573295
100.000000, 247.426516
100.000000, 242.279738
100.000000, 237.132960
100.000000, 231.986182
100.000000, 226.839404
100.000000, 221.692626
100.000000, 216.545847
100.000000, 211.399069
100.000000, 206.252291
100.000000, 201.105513
100.000000, 195.958735
100.000000, 190.811957
100.000000, 185.665179
100.000000, 180.518400
100.000000, 175.371622
100.000000, 170.224844
100.000000, 165.078066
100.000000, 159.931288
100.000000, 154.784510
100.000000, 149.637731
100.000000, 144.490953
100.000000, 139.344175
100.000000, 134.197397
100.000000, 129.050619
100.000000, 123.903841
100.000000, 118.757062
100.000000, 113.610284
100.000000, 108.463506
100.000000, 103.316728
100.000000, 98.169950
100.000000, 93.023172
100.000000, 87.876393
100.000000, 82.729615
100.000000, 77.582837
100.000000, 72.436059
100.000000, 67.289281
100.000000, 62.142503
100.000000, 56.995725
100.000000, 51.848946
100.000000, 46.702168
100.000000, 41.555390
100.000000, 36.408612
100.000000, 31.261834
100.000000, 26.115056
100.000000, 20.968277
100.000000, 15.821499
100.000000, 10.674721
100.000000, 5.527943
100.000000, 0.381165
100.000000, 355.234387
100.000000, 350.087608
100.000000, 344.940830
100.000000, 339.794052
100.000000, 334.647274
100.000000, 329.500496
100.000000, 324.353718
100.000000, 319.206939
100.000000, 314.060161
100.000000, 308.913383
100.000000, 303.766605
100.000000, 298.619827
100.000000, 293.473049
100.000000, 288.326271
100.000000, 283.179492
100.000000, 278.032714
100.000000, 272.885936
100.000000, 267.739158
100.000000, 262.592380
100.000000, 257.445602
100.000000, 252.298823
100.000000, 247.152045
100.000000, 242.005267
100.000000, 236.858489
100.000000, 231.711711
100.000000, 226.564933
100.000000, 221.418154
100.000000, 216.271376
100.000000, 211.124598
100.000000, 205.977820
100.000000, 200.831042
100.000000, 195.684264
100.000000, 190.537485
100.000000, 185.390707
100.000000, 180.243929
100.000000, 175.097151
100.000000, 169.950373
100.000000, 164.803595
100.000000, 159.656817
100.000000, 154.510038
100.000000, 149.363260
100.000000, 144.216482
100.000000, 139.069704
100.000000, 133.922926
100.000000, 128.776148
100.000000, 123.629369
100.000000, 118.482591
100.000000, 113.335813
100.000000, 108.189035
100.000000, 103.042257
100.000000, 97.895479
100.000000, 92.748700
100.000000, 87.601922
100.000000, 82.455144
100.000000, 77.308366
100.000000, 72.161588
100.000000, 67.014810
100.000000, 61.868031
100.000000, 56.721253
100.000000, 51.574475
100.000000, 46.427697
100.000000, 41.280919
100.000000, 36.134141
100.000000, 30.987363
100.000000, 25.840584
100.000000, 20.693806
100.000000, 15.547028
100.000000, 10.400250
100.000000, 5.253472
100.000000, 0.106694
100.000000, 354.959915
100.000000, 349.813137
100.000000, 344.666359
100.000000, 339.519581
100.000000, 334.372803
100.000000, 329.226025
100.000000, 324.079246
100.000000, 318.932468
100.000000, 313.785690
100.000000, 308.638912
100.000000, 303.492134
100.000000, 298.345356
100.000000, 293.198577
100.000000, 288.051799
100.000000, 282.905021
100.000000, 277.758243
100.000000, 272.611465
100.000000, 267.464687
100.000000, 262.317909
100.000000, 257.171130
100.000000, 252.024352
100.000000, 246.877574
100.000000, 241.730796
100.000000, 236.584018
100.000000, 231.437240
100.000000, 226.290461
100.000000, 221.143683
100.000000, 215.996905
100.000000, 210.850127
100.000000, 205.703349
100.000000, 200.556571
100.000000, 195.409792
100.000000, 190.263014
100.000000, 185.116236
100.000000, 179.969458
100.000000, 174.822680
100.000000, 169.675902
100.000000, 164.529123
100.000000, 159.382345
100.000000, 154.235567
100.000000, 149.088789
100.000000, 143.942011
100.000000, 138.795233
100.000000, 133.648455
100.000000, 128.501676
100.000000, 123.354898
100.000000, 118.208120
100.000000, 113.061342
100.000000, 107.914564
100.000000, 102.767786
100.000000, 97.621007
100.000000, 92.474229
100.000000, 87.327451
100.000000, 82.180673
100.000000, 77.033895
100.000000, 71.887117
100.000000, 66.740338
100.000000, 61.593560
100.000000, 56.446782
100.000000, 51.300004
100.000000, 46.153226
100.000000, 41.006448
100.000000, 35.859669
100.000000, 30.712891
100.000000, 25.566113
100.000000, 20.419335
100.000000, 15.272557
100.000000, 10.125779
100.000000, 4.979001
100.000000, 359.832222
100.000000, 354.685444
100.000000, 349.538666
100.000000, 344.391888
100.000000, 339.245110
100.000000, 334.098332
100.000000, 328.951553
100.000000, 323.804775
100.000000, 318.657997
100.000000, 313.511219
100.000000, 308.364441
100.000000, 303.217663
100.000000, 298.070884
100.000000, 292.924106
100.000000, 287.777328
100.000000, 282.630550
100.000000, 277.483772
100.000000, 272.336994
100.000000, 267.190215
100.000000, 262.043437
100.000000, 256.896659
100.000000, 251.749881
100.000000, 246.603103
100.000000, 241.456325
100.000000, 236.309547
100.000000, 231.162768
100.000000, 226.015990
100.000000, 220.869212
100.000000, 215.722434
100.000000, 210.575656
100.000000, 205.428878
100.000000, 200.282099
100.000000, 195.135321
100.000000, 189.988543
100.000000, 184.841765
100.000000, 179.694987
100.000000, 174.548209
100.000000, 169.401430
100.000000, 164.254652
100.000000, 159.107874
100.000000, 153.961096
100.000000, 148.814318
100.000000, 143.667540
100.000000, 138.520761
100.000000, 133.373983
100.000000, 128.227205
100.000000, 123.080427
100.000000, 117.933649
100.000000, 112.786871
100.000000, 107.640093
100.000000, 102.493314
100.000000, 97.346536
100.000000, 92.199758
100.000000, 87.052980
100.000000, 81.906202
100.000000, 76.759424
100.000000, 71.612645
100.000000, 66.465867
100.000000, 61.319089
100.000000, 56.172311
100.000000, 51.025533
100.000000, 45.878755
100.000000, 40.731976
100.000000, 35.585198
100.000000, 30.438420
100.000000, 25.291642
100.000000, 20.144864
100.000000, 14.998086
100.000000, 9.851307
100.000000, 4.704529
100.000000, 359.557751
100.000000, 354.410973
100.000000, 349.264195
100.000000, 344.117417
100.000000, 338.970639
100.000000, 333.823860
100.000000, 328.677082
100.000000, 323.530304
100.000000, 318.383526
100.000000, 313.236748
100.000000, 308.089970
100.000000, 302.943191
100.000000, 297.796413
100.000000, 292.649635
100.000000, 287.502857
100.000000, 282.356079
100.000000, 277.209301
100.000000, 272.062522
100.000000, 266.915744
100.000000, 261.768966
100.000000, 256.622188
100.000000, 251.475410
100.000000, 246.328632
100.000000, 241.181853
100.000000, 236.035075
100.000000, 230.888297
100.000000, 225.741519
100.000000, 220.594741
100.000000, 215.447963
100.000000, 210.301185
100.000000, 205.154406
100.000000, 200.007628
100.000000, 194.860850
100.000000, 189.714072
100.000000, 184.567294
100.000000, 179.420516
100.000000, 174.273737
100.000000, 169.126959
100.000000, 163.980181
100.000000, 158.833403
100.000000, 153.686625
100.000000, 148.539847
100.000000, 143.393068
100.000000, 138.246290
100.000000, 133.099512
100.000000, 127.952734
100.000000, 122.805956
100.000000, 117.659178
100.000000, 112.512399
100.000000, 107.365621
100.000000, 102.218843
100.000000, 97.072065
100.000000, 91.925287
100.000000, 86.778509
100.000000, 81.631731
100.000000, 76.484952
100.000000, 71.338174
100.000000, 66.191396
100.000000, 61.044618
100.000000, 55.897840
100.000000, 50.751062
100.000000, 45.604283
100.000000, 40.457505
100.000000, 35.310727
100.000000, 30.163949
100.000000, 25.017171
100.000000, 19.870393
100.000000, 14.723614
100.000000, 9.576836
100.000000, 4.430058
100.000000, 359.283280
100.000000, 354.136502
100.000000, 348.989724
100.000000, 343.842945
100.000000, 338.696167
100.000000, 333.549389
100.000000, 328.402611
100.000000, 323.255833
100.000000, 318.109055
100.000000, 312.962277
100.000000, 307.815498
100.000000, 302.668720
100.000000, 297.521942
100.000000, 292.375164
100.000000, 287.228386
100.000000, 282.081608
100.000000, 276.934829
100.000000, 271.788051
100.000000, 266.641273
100.000000, 261.494495
100.000000, 256.347717
100.000000, 251.200939
100.000000, 246.054160
100.000000, 240.907382
100.000000, 235.760604
100.000000, 230.613826
100.000000, 225.467048
100.000000, 220.320270
100.000000, 215.173491
100.000000, 210.026713
100.000000, 204.879935
100.000000, 199.733157
100.000000, 194.586379
100.000000, 189.439601
100.000000, 184.292823
100.000000, 179.146044
100.000000, 173.999266
100.000000, 168.852488
100.000000, 163.705710
100.000000, 158.558932
100.000000, 153.412154
100.000000, 148.265375
100.000000, 143.118597
100.000000, 137.971819
100.000000, 132.825041
100.000000, 127.678263
100.000000, 122.531485
100.000000, 117.384706
100.000000, 112.237928
100.000000, 107.091150
100.000000, 101.944372
100.000000, 96.797594
100.000000, 91.650816
100.000000, 86.504037
100.000000, 81.357259
100.000000, 76.210481
100.000000, 71.063703
100.000000, 65.916925
100.000000, 60.770147
100.000000, 55.623369
100.000000, 50.476590
100.000000, 45.329812
100.000000, 40.183034
100.000000, 35.036256
100.000000, 29.889478
100.000000, 24.742700
100.000000, 19.595921
100.000000, 14.449143
100.000000, 9.302365
100.000000, 4.155587
100.000000, 359.008809
100.000000, 353.862031
100.000000, 348.715252
100.000000, 343.568474
100.000000, 338.421696
100.000000, 333.274918
100.000000, 328.128140
100.000000, 322.981362
100.000000, 317.834583
100.000000, 312.687805
100.000000, 307.541027
100.000000, 302.394249
100.000000, 297.247471
100.000000, 292.100693
100.000000, 286.953915
100.000000, 281.807136
100.000000, 276.660358
100.000000, 271.513580
100.000000, 266.366802
100.000000, 261.220024
100.000000, 256.073246
100.000000, 250.926467
100.000000, 245.779689
100.000000, 240.632911
100.000000, 235.486133
100.000000, 230.339355
100.000000, 225.192577
100.000000, 220.045798
100.000000, 214.899020
100.000000, 209.752242
100.000000, 204.605464
100.000000, 199.458686
100.000000, 194.311908
100.000000, 189.165129
100.000000, 184.018351
100.000000, 178.871573
100.000000, 173.724795
100.000000, 168.578017
100.000000, 163.431239
100.000000, 158.284461
100.000000, 153.137682
100.000000, 147.990904
100.000000, 142.844126
100.000000, 137.697348
100.000000, 132.550570
100.000000, 127.403792
100.000000, 122.257013
100.000000, 117.110235
100.000000, 111.963457
100.000000, 106.816679
100.000000, 101.669901
100.000000, 96.523123
100.000000, 91.376344
100.000000, 86.229566
100.000000, 81.082788
100.000000, 75.936010
100.000000, 70.789232
100.000000, 65.642454
100.000000, 60.495675
100.000000, 55.348897
100.000000, 50.202119
100.000000, 45.055341
100.000000, 39.908563
100.000000, 34.761785
100.000000, 29.615007
100.000000, 24.468228
100.000000, 19.321450
100.000000, 14.174672
100.000000, 9.027894
100.000000, 3.881116
100.000000, 358.734338
100.000000, 353.587559
100.000000, 348.440781
100.000000, 343.294003
100.000000, 338.147225
100.000000, 333.000447
100.000000, 327.853669
100.000000, 322.706890
100.000000, 317.560112
100.000000, 312.413334
100.000000, 307.266556
100.000000, 302.119778
100.000000, 296.973000
100.000000, 291.826221
100.000000, 286.679443
100.000000, 281.532665
100.000000, 276.385887
100.000000, 271.239109
100.000000, 266.092331
100.000000, 260.945553
100.000000, 255.798774
100.000000, 250.651996
100.000000, 245.505218
100.000000, 240.358440
100.000000, 235.211662
100.000000, 230.064884
100.000000, 224.918105
100.000000, 219.771327
100.000000, 214.624549
100.000000, 209.477771
100.000000, 204.330993
100.000000, 199.184215
100.000000, 194.037436
100.000000, 188.890658
100.000000, 183.743880
100.000000, 178.597102
100.000000, 173.450324
100.000000, 168.303546
100.000000, 163.156767
100.000000, 158.009989
100.000000, 152.863211
100.000000, 147.716433
100.000000, 142.569655
100.000000, 137.422877
100.000000, 132.276099
100.000000, 127.129320
100.000000, 121.982542
100.000000, 116.835764
100.000000, 111.688986
100.000000, 106.542208
100.000000, 101.395430
100.000000, 96.248651
100.000000, 91.101873
100.000000, 85.955095
100.000000, 80.808317
100.000000, 75.661539
100.000000, 70.514761
100.000000, 65.367982
100.000000, 60.221204
100.000000, 55.074426
100.000000, 49.927648
100.000000, 44.780870
100.000000, 39.634092
100.000000, 34.487313
100.000000, 29.340535
100.000000, 24.193757
100.000000, 19.046979
100.000000, 13.900201
100.000000, 8.753423
100.000000, 3.606645
100.000000, 358.459866
100.000000, 353.313088
100.000000, 348.166310
100.000000, 343.019532
100.000000, 337.872754
100.000000, 332.725976
100.000000, 327.579197
100.000000, 322.432419
100.000000, 317.285641
100.000000, 312.138863
100.000000, 306.992085
100.000000, 301.845307
100.000000, 296.698528
100.000000, 291.551750
100.000000, 286.404972
100.000000, 281.258194
100.000000, 276.111416
100.000000, 270.964638
100.000000, 265.817859
100.000000, 260.671081
100.000000, 255.524303
100.000000, 250.377525
100.000000, 245.230747
100.000000, 240.083969
100.000000, 234.937191
100.000000, 229.790412
100.000000, 224.643634
100.000000, 219.496856
100.000000, 214.350078
100.000000, 209.203300
100.000000, 204.056522
100.000000, 198.909743
100.000000, 193.762965
100.000000, 188.616187
100.000000, 183.469409
100.000000, 178.322631
100.000000, 173.175853
100.000000, 168.029074
100.000000, 162.882296
100.000000, 157.735518
100.000000, 152.588740
100.000000, 147.441962
100.000000, 142.295184
100.000000, 137.148405
100.000000, 132.001627
100.000000, 126.854849
100.000000, 121.708071
100.000000, 116.561293
100.000000, 111.414515
100.000000, 106.267737
100.000000, 101.120958
100.000000, 95.974180
100.000000, 90.827402
100.000000, 85.680624
100.000000, 80.533846
100.000000, 75.387068
100.000000, 70.240289
100.000000, 65.093511
100.000000, 59.946733
100.000000, 54.799955
100.000000, 49.653177
100.000000, 44.506399
100.000000, 39.359620
100.000000, 34.212842
100.000000, 29.066064
100.000000, 23.919286
100.000000, 18.772508
100.000000, 13.625730
100.000000, 8.478951
100.000000, 3.332173
100.000000, 358.185395
100.000000, 353.038617
100.000000, 347.891839
100.000000, 342.745061
100.000000, 337.598283
100.000000, 332.451504
100.000000, 327.304726
100.000000, 322.157948
100.000000, 317.011170
100.000000, 311.864392
100.000000, 306.717614
100.000000, 301.570835
100.000000, 296.424057
100.000000, 291.277279
100.000000, 286.130501
100.000000, 280.983723
100.000000, 275.836945
100.000000, 270.690166
100.000000, 265.543388
100.000000, 260.396610
100.000000, 255.249832
100.000000, 250.103054
100.000000, 244.956276
100.000000, 239.809497
100.000000, 234.662719
100.000000, 229.515941
100.000000, 224.369163
100.000000, 219.222385
100.000000, 214.075607
100.000000, 208.928829
100.000000, 203.782050
100.000000, 198.635272
100.000000, 193.488494
100.000000, 188.341716
100.000000, 183.194938
100.000000, 178.048160
100.000000, 172.901381
100.000000, 167.754603
100.000000, 162.607825
100.000000, 157.461047
100.000000, 152.314269
100.000000, 147.167491
100.000000, 142.020712
100.000000, 136.873934
100.000000, 131.727156
100.000000, 126.580378
100.000000, 121.433600
100.000000, 116.286822
100.000000, 111.140043
100.000000, 105.993265
100.000000, 100.846487
100.000000, 95.699709
100.000000, 90.552931
100.000000, 85.406153
100.000000, 80.259375
100.000000, 75.112596
100.000000, 69.965818
100.000000, 64.819040
100.000000, 59.672262
100.000000, 54.525484
100.000000, 49.378706
100.000000, 44.231927
100.000000, 39.085149
100.000000, 33.938371
100.000000, 28.791593
100.000000, 23.644815
100.000000, 18.498037
100.000000, 13.351258
100.000000, 8.204480
100.000000, 3.057702
100.000000, 357.910924
100.000000, 352.764146
100.000000, 347.617368
100.000000, 342.470589
100.000000, 337.323811
100.000000, 332.177033
100.000000, 327.030255
100.000000, 321.883477
100.000000, 316.736699
100.000000, 311.589921
100.000000, 306.443142
100.000000, 301.296364
100.000000, 296.149586
100.000000, 291.002808
100.000000, 285.856030
100.000000, 280.709252
100.000000, 275.562473
100.000000, 270.415695
100.000000, 265.268917
100.000000, 260.122139
100.000000, 254.975361
100.000000, 249.828583
100.000000, 244.681804
100.000000, 239.535026
100.000000, 234.388248
100.000000, 229.241470
100.000000, 224.094692
100.000000, 218.947914
100.000000, 213.801135
100.000000, 208.654357
100.000000, 203.507579
100.000000, 198.360801
100.000000, 193.214023
100.000000, 188.067245
100.000000, 182.920467
100.000000, 177.773688
100.000000, 172.626910
100.000000, 167.480132
100.000000, 162.333354
100.000000, 157.186576
100.000000, 152.039798
100.000000, 146.893019
100.000000, 141.746241
100.000000, 136.599463
100.000000, 131.452685
100.000000, 126.305907
100.000000, 121.159129
100.000000, 116.012350
100.000000, 110.865572
100.000000, 105.718794
100.000000, 100.572016
100.000000, 95.425238
100.000000, 90.278460
100.000000, 85.131681
100.000000, 79.984903
100.000000, 74.838125
100.000000, 69.691347
100.000000, 64.544569
100.000000, 59.397791
100.000000, 54.251013
100.000000, 49.104234
100.000000, 43.957456
100.000000, 38.810678
100.000000, 33.663900
100.000000, 28.517122
100.000000, 23.370344
100.000000, 18.223565
100.000000, 13.076787
100.000000, 7.930009
100.000000, 2.783231
100.000000, 357.636453
100.000000, 352.489675
100.000000, 347.342896
100.000000, 342.196118
100.000000, 337.049340
100.000000, 331.902562
100.000000, 326.755784
100.000000, 321.609006
100.000000, 316.462227
100.000000, 311.315449
100.000000, 306.168671
100.000000, 301.021893
100.000000, 295.875115
100.000000, 290.728337
100.000000, 285.581559
100.000000, 280.434780
100.000000, 275.288002
100.000000, 270.141224
100.000000, 264.994446
100.000000, 259.847668
100.000000, 254.700890
100.000000, 249.554111
100.000000, 244.407333
100.000000, 239.260555
100.000000, 234.113777
100.000000, 228.966999
100.000000, 223.820221
100.000000, 218.673442
100.000000, 213.526664
100.000000, 208.379886
100.000000, 203.233108
100.000000, 198.086330
100.000000, 192.939552
100.000000, 187.792773
100.000000, 182.645995
100.000000, 177.499217
100.000000, 172.352439
100.000000, 167.205661
100.000000, 162.058883
100.000000, 156.912105
100.000000, 151.765326
100.000000, 146.618548
100.000000, 141.471770
100.000000, 136.324992
100.000000, 131.178214
100.000000, 126.031436
100.000000, 120.884657
100.000000, 115.737879
100.000000, 110.591101
100.000000, 105.444323
100.000000, 100.297545
100.000000, 95.150767
100.000000, 90.003988
100.000000, 84.857210
100.000000, 79.710432
100.000000, 74.563654
100.000000, 69.416876
100.000000, 64.270098
100.000000, 59.123319
100.000000, 53.976541
100.000000, 48.829763
100.000000, 43.682985
100.000000, 38.536207
100.000000, 33.389429
100.000000, 28.242651
100.000000, 23.095872
100.000000, 17.949094
100.000000, 12.802316
100.000000, 7.655538
100.000000, 2.508760
100.000000, 357.361982
100.000000, 352.215203
100.000000, 347.068425
100.000000, 341.921647
100.000000, 336.774869
100.000000, 331.628091
100.000000, 326.481313
100.000000, 321.334534
100.000000, 316.187756
100.000000, 311.040978
100.000000, 305.894200
100.000000, 300.747422
100.000000, 295.600644
100.000000, 290.453865
100.000000, 285.307087
100.000000, 280.160309
100.000000, 275.013531
100.000000, 269.866753
100.000000, 264.719975
100.000000, 259.573197
100.000000, 254.426418
100.000000, 249.279640
100.000000, 244.132862
100.000000, 238.986084
100.000000, 233.839306
100.000000, 228.692528
100.000000, 223.545749
100.000000, 218.398971
100.000000, 213.252193
100.000000, 208.105415
100.000000, 202.958637
100.000000, 197.811859
100.000000, 192.665080
100.000000, 187.518302
100.000000, 182.371524
100.000000, 177.224746
100.000000, 172.077968
100.000000, 166.931190
100.000000, 161.784411
100.000000, 156.637633
100.000000, 151.490855
100.000000, 146.344077
100.000000, 141.197299
100.000000, 136.050521
100.000000, 130.903743
100.000000, 125.756964
100.000000, 120.610186
100.000000, 115.463408
100.000000, 110.316630
100.000000, 105.169852
100.000000, 100.023074
100.000000, 94.876295
100.000000, 89.729517
100.000000, 84.582739
100.000000, 79.435961
100.000000, 74.289183
100.000000, 69.142405
100.000000, 63.995626
100.000000, 58.848848
100.000000, 53.702070
100.000000, 48.555292
100.000000, 43.408514
100.000000, 38.261736
100.000000, 33.114957
100.000000, 27.968179
100.000000, 22.821401
100.000000, 17.674623
100.000000, 12.527845
100.000000, 7.381067
100.000000, 2.234289
100.000000, 357.087510
100.000000, 351.940732
100.000000, 346.793954
100.000000, 341.647176
100.000000, 336.500398
100.000000, 331.353620
100.000000, 326.206841
100.000000, 321.060063
100.000000, 315.913285
100.000000, 310.766507
100.000000, 305.619729
100.000000, 300.472951
100.000000, 295.326172
100.000000, 290.179394
100.000000, 285.032616
100.000000, 279.885838
100.000000, 274.739060
100.000000, 269.592282
100.000000, 264.445503
100.000000, 259.298725
100.000000, 254.151947
100.000000, 249.005169
100.000000, 243.858391
100.000000, 238.711613
100.000000, 233.564835
100.000000, 228.418056
100.000000, 223.271278
100.000000, 218.124500
100.000000, 212.977722
100.000000, 207.830944
100.000000, 202.684166
100.000000, 197.537387
100.000000, 192.390609
100.000000, 187.243831
100.000000, 182.097053
100.000000, 176.950275
100.000000, 171.803497
100.000000, 166.656718
100.000000, 161.509940
100.000000, 156.363162
100.000000, 151.216384
100.000000, 146.069606
100.000000, 140.922828
100.000000, 135.776049
100.000000, 130.629271
100.000000, 125.482493
100.000000, 120.335715
100.000000, 115.188937
100.000000, 110.042159
100.000000, 104.895381
100.000000, 99.748602
100.000000, 94.601824
100.000000, 89.455046
100.000000, 84.308268
100.000000, 79.161490
100.000000, 74.014712
100.000000, 68.867933
100.000000, 63.721155
100.000000, 58.574377
100.000000, 53.427599
100.000000, 48.280821
100.000000, 43.134043
100.000000, 37.987264
100.000000, 32.840486
100.000000, 27.693708
100.000000, 22.546930
100.000000, 17.400152
100.000000, 12.253374
100.000000, 7.106595
100.000000, 1.959817
100.000000, 356.813039
100.000000, 351.666261
100.000000, 346.519483
100.000000, 341.372705
100.000000, 336.225927
100.000000, 331.079148
100.000000, 325.932370
100.000000, 320.785592
100.000000, 315.638814
100.000000, 310.492036
100.000000, 305.345258
100.000000, 300.198479
100.000000, 295.051701
100.000000, 289.904923
100.000000, 284.758145
100.000000, 279.611367
100.000000, 274.464589
100.000000, 269.317810
100.000000, 264.171032
100.000000, 259.024254
100.000000, 253.877476
100.000000, 248.730698
100.000000, 243.583920
100.000000, 238.437141
100.000000, 233.290363
100.000000, 228.143585
100.000000, 222.996807
100.000000, 217.850029
100.000000, 212.703251
100.000000, 207.556473
100.000000, 202.409694
100.000000, 197.262916
100.000000, 192.116138
100.000000, 186.969360
100.000000, 181.822582
100.000000, 176.675804
100.000000, 171.529025
100.000000, 166.382247
100.000000, 161.235469
100.000000, 156.088691
100.000000, 150.941913
100.000000, 145.795135
100.000000, 140.648356
100.000000, 135.501578
100.000000, 130.354800
100.000000, 125.208022
100.000000, 120.061244
100.000000, 114.914466
100.000000, 109.767687
100.000000, 104.620909
100.000000, 99.474131
100.000000, 94.327353
100.000000, 89.180575
100.000000, 84.033797
100.000000, 78.887019
100.000000, 73.740240
100.000000, 68.593462
100.000000, 63.446684
100.000000, 58.299906
100.000000, 53.153128
100.000000, 48.006350
100.000000, 42.859571
100.000000, 37.712793
100.000000, 32.566015
100.000000, 27.419237
100.000000, 22.272459
100.000000, 17.125681
100.000000, 11.978902
100.000000, 6.832124
100.000000, 1.685346
100.000000, 356.538568
100.000000, 351.391790
100.000000, 346.245012
100.000000, 341.098233
100.000000, 335.951455
100.000000, 330.804677
100.000000, 325.657899
100.000000, 320.511121
100.000000, 315.364343
100.000000, 310.217565
100.000000, 305.070786
100.000000, 299.924008
100.000000, 294.777230
100.000000, 289.630452
100.000000, 284.483674
100.000000, 279.336896
100.000000, 274.190117
100.000000, 269.043339
100.000000, 263.896561
100.000000, 258.749783
100.000000, 253.603005
100.000000, 248.456227
100.000000, 243.309448
100.000000, 238.162670
100.000000, 233.015892
100.000000, 227.869114
100.000000, 222.722336
100.000000, 217.575558
100.000000, 212.428779
100.000000, 207.282001
100.000000, 202.135223
100.000000, 196.988445
100.000000, 191.841667
100.000000, 186.694889
100.000000, 181.548111
100.000000, 176.401332
100.000000, 171.254554
100.000000, 166.107776
100.000000, 160.960998
100.000000, 155.814220
100.000000, 150.667442
100.000000, 145.520663
100.000000, 140.373885
100.000000, 135.227107
100.000000, 130.080329
100.000000, 124.933551
100.000000, 119.786773
100.000000, 114.639994
100.000000, 109.493216
100.000000, 104.346438
100.000000, 99.199660
100.000000, 94.052882
100.000000, 88.906104
100.000000, 83.759325
100.000000, 78.612547
100.000000, 73.465769
100.000000, 68.318991
100.000000, 63.172213
100.000000, 58.025435
100.000000, 52.878657
100.000000, 47.731878
100.000000, 42.585100
100.000000, 37.438322
100.000000, 32.291544
100.000000, 27.144766
100.000000, 21.997988
100.000000, 16.851209
100.000000, 11.704431
100.000000, 6.557653
100.000000, 1.410875
100.000000, 356.264097
100.000000, 351.117319
100.000000, 345.970540
100.000000, 340.823762
100.000000, 335.676984
100.000000, 330.530206
100.000000, 325.383428
100.000000, 320.236650
100.000000, 315.089871
100.000000, 309.943093
100.000000, 304.796315
100.000000, 299.649537
100.000000, 294.502759
100.000000, 289.355981
100.000000, 284.209203
100.000000, 279.062424
100.000000, 273.915646
100.000000, 268.768868
100.000000, 263.622090
100.000000, 258.475312
100.000000, 253.328534
100.000000, 248.181755
100.000000, 243.034977
100.000000, 237.888199
100.000000, 232.741421
100.000000, 227.594643
100.000000, 222.447865
100.000000, 217.301086
100.000000, 212.154308
100.000000, 207.007530
100.000000, 201.860752
100.000000, 196.713974
100.000000, 191.567196
100.000000, 186.420417
100.000000, 181.273639
100.000000, 176.126861
100.000000, 170.980083
100.000000, 165.833305
100.000000, 160.686527
100.000000, 155.539749
100.000000, 150.392970
100.000000, 145.246192
100.000000, 140.099414
100.000000, 134.952636
100.000000, 129.805858
100.000000, 124.659080
100.000000, 119.512301
100.000000, 114.365523
100.000000, 109.218745
100.000000, 104.071967
100.000000, 98.925189
100.000000, 93.778411
100.000000, 88.631632
100.000000, 83.484854
100.000000, 78.338076
100.000000, 73.191298
100.000000, 68.044520
100.000000, 62.897742
100.000000, 57.750963
100.000000, 52.604185
100.000000, 47.457407
100.000000, 42.310629
100.000000, 37.163851
100.000000, 32.017073
100.000000, 26.870295
100.000000, 21.723516
100.000000, 16.576738
100.000000, 11.429960
100.000000, 6.283182
100.000000, 1.136404
100.000000, 355.989626
100.000000, 350.842847
100.000000, 345.696069
100.000000, 340.549291
100.000000, 335.402513
100.000000, 330.255735
100.000000, 325.108957
100.000000, 319.962178
100.000000, 314.815400
100.000000, 309.668622
100.000000, 304.521844
100.000000, 299.375066
100.000000, 294.228288
100.000000, 289.081509
100.000000, 283.934731
100.000000, 278.787953
100.000000, 273.641175
100.000000, 268.494397
100.000000, 263.347619
100.000000, 258.200841
100.000000, 253.054062
100.000000, 247.907284
100.000000, 242.760506
100.000000, 237.613728
100.000000, 232.466950
100.000000, 227.320172
100.000000, 222.173393
100.000000, 217.026615
100.000000, 211.879837
100.000000, 206.733059
100.000000, 201.586281
100.000000, 196.439503
100.000000, 191.292724
100.000000, 186.145946
100.000000, 180.999168
100.000000, 175.852390
100.000000, 170.705612
100.000000, 165.558834
100.000000, 160.412055
100.000000, 155.265277
100.000000, 150.118499
100.000000, 144.971721
100.000000, 139.824943
100.000000, 134.678165
100.000000, 129.531387
100.000000, 124.384608
100.000000, 119.237830
100.000000, 114.091052
100.000000, 108.944274
100.000000, 103.797496
100.000000, 98.650718
100.000000, 93.503939
100.000000, 88.357161
100.000000, 83.210383
100.000000, 78.063605
100.000000, 72.916827
100.000000, 67.770049
100.000000, 62.623270
100.000000, 57.476492
100.000000, 52.329714
100.000000, 47.182936
100.000000, 42.036158
100.000000, 36.889380
100.000000, 31.742601
100.000000, 26.595823
100.000000, 21.449045
100.000000, 16.302267
100.000000, 11.155489
100.000000, 6.008711
100.000000, 0.861933
100.000000, 355.715154
100.000000, 350.568376
100.000000, 345.421598
100.000000, 340.274820
100.000000, 335.128042
100.000000, 329.981264
100.000000, 324.834485
100.000000, 319.687707
100.000000, 314.540929
100.000000, 309.394151
100.000000, 304.247373
100.000000, 299.100595
100.000000, 293.953816
100.000000, 288.807038
100.000000, 283.660260
100.000000, 278.513482
100.000000, 273.366704
100.000000, 268.219926
100.000000, 263.073147
100.000000, 257.926369
100.000000, 252.779591
100.000000, 247.632813
100.000000, 242.486035
100.000000, 237.339257
100.000000, 232.192479
100.000000, 227.045700
100.000000, 221.898922
100.000000, 216.752144
100.000000, 211.605366
100.000000, 206.458588
100.000000, 201.311810
100.000000, 196.165031
100.000000, 191.018253
100.000000, 185.871475
100.000000, 180.724697
100.000000, 175.577919
100.000000, 170.431141
100.000000, 165.284362
100.000000, 160.137584
100.000000, 154.990806
100.000000, 149.844028
100.000000, 144.697250
100.000000, 139.550472
100.000000, 134.403693
100.000000, 129.256915
100.000000, 124.110137
100.000000, 118.963359
100.000000, 113.816581
100.000000, 108.669803
100.000000, 103.523025
100.000000, 98.376246
100.000000, 93.229468
100.000000, 88.082690
100.000000, 82.935912
100.000000, 77.789134
100.000000, 72.642356
100.000000, 67.495577
100.000000, 62.348799
100.000000, 57.202021
100.000000, 52.055243
100.000000, 46.908465
100.000000, 41.761687
100.000000, 36.614908
100.000000, 31.468130
100.000000, 26.321352
100.000000, 21.174574
100.000000, 16.027796
100.000000, 10.881018
100.000000, 5.734239
100.000000, 0.587461
100.000000, 355.440683
100.000000, 350.293905
100.000000, 345.147127
100.000000, 340.000349
100.000000, 334.853571
100.000000, 329.706792
100.000000, 324.560014
100.000000, 319.413236
100.000000, 314.266458
100.000000, 309.119680
100.000000, 303.972902
100.000000, 298.826123
100.000000, 293.679345
100.000000, 288.532567
100.000000, 283.385789
100.000000, 278.239011
100.000000, 273.092233
100.000000, 267.945454
100.000000, 262.798676
100.000000, 257.651898
100.000000, 252.505120
100.000000, 247.358342
100.000000, 242.211564
100.000000, 237.064785
100.000000, 231.918007
100.000000, 226.771229
100.000000, 221.624451
100.000000, 216.477673
100.000000, 211.330895
100.000000, 206.184117
100.000000, 201.037338
100.000000, 195.890560
100.000000, 190.743782
100.000000, 185.597004
100.000000, 180.450226
100.000000, 175.303448
100.000000, 170.156669
100.000000, 165.009891
100.000000, 159.863113
100.000000, 154.716335
100.000000, 149.569557
100.000000, 144.422779
100.000000, 139.276000
100.000000, 134.129222
100.000000, 128.982444
100.000000, 123.835666
100.000000, 118.688888
100.000000, 113.542110
100.000000, 108.395331
100.000000, 103.248553
100.000000, 98.101775
100.000000, 92.954997
100.000000, 87.808219
100.000000, 82.661441
100.000000, 77.514663
100.000000, 72.367884
100.000000, 67.221106
100.000000, 62.074328
100.000000, 56.927550
100.000000, 51.780772
100.000000, 46.633994
100.000000, 41.487215
100.000000, 36.340437
100.000000, 31.193659
100.000000, 26.046881
100.000000, 20.900103
100.000000, 15.753325
100.000000, 10.606546
100.000000, 5.459768
100.000000, 0.312990
100.000000, 355.166212
100.000000, 350.019434
100.000000, 344.872656
100.000000, 339.725877
100.000000, 334.579099
100.000000, 329.432321
100.000000, 324.285543
100.000000, 319.138765
100.000000, 313.991987
100.000000, 308.845209
100.000000, 303.698430
100.000000, 298.551652
100.000000, 293.404874
100.000000, 288.258096
100.000000, 283.111318
100.000000, 277.964540
100.000000, 272.817761
100.000000, 267.670983
100.000000, 262.524205
100.000000, 257.377427
100.000000, 252.230649
100.000000, 247.083871
100.000000, 241.937092
100.000000, 236.790314
100.000000, 231.643536
100.000000, 226.496758
100.000000, 221.349980
100.000000, 216.203202
100.000000, 211.056423
100.000000, 205.909645
100.000000, 200.762867
100.000000, 195.616089
100.000000, 190.469311
100.000000, 185.322533
100.000000, 180.175755
100.000000, 175.028976
100.000000, 169.882198
100.000000, 164.735420
100.000000, 159.588642
100.000000, 154.441864
100.000000, 149.295086
100.000000, 144.148307
100.000000, 139.001529
100.000000, 133.854751
100.000000, 128.707973
100.000000, 123.561195
100.000000, 118.414417
100.000000, 113.267638
100.000000, 108.120860
100.000000, 102.974082
100.000000, 97.827304
100.000000, 92.680526
100.000000, 87.533748
100.000000, 82.386969
100.000000, 77.240191
100.000000, 72.093413
100.000000, 66.946635
100.000000, 61.799857
100.000000, 56.653079
100.000000, 51.506301
100.000000, 46.359522
100.000000, 41.212744
100.000000, 36.065966
100.000000, 30.919188
100.000000, 25.772410
100.000000, 20.625632
100.000000, 15.478853
100.000000, 10.332075
100.000000, 5.185297
100.000000, 0.038519
100.000000, 354.891741
100.000000, 349.744963
100.000000, 344.598184
100.000000, 339.451406
100.000000, 334.304628
100.000000, 329.157850
100.000000, 324.011072
100.000000, 318.864294
100.000000, 313.717515
100.000000, 308.570737
100.000000, 303.423959
100.000000, 298.277181
100.000000, 293.130403
100.000000, 287.983625
100.000000, 282.836847
100.000000, 277.690068
100.000000, 272.543290
100.000000, 267.396512
100.000000, 262.249734
100.000000, 257.102956
100.000000, 251.956178
100.000000, 246.809399
100.000000, 241.662621
100.000000, 236.515843
100.000000, 231.369065
100.000000, 226.222287
100.000000, 221.075509
100.000000, 215.928730
100.000000, 210.781952
100.000000, 205.635174
100.000000, 200.488396
100.000000, 195.341618
100.000000, 190.194840
100.000000, 185.048061
100.000000, 179.901283
100.000000, 174.754505
100.000000, 169.607727
100.000000, 164.460949
100.000000, 159.314171
100.000000, 154.167393
100.000000, 149.020614
100.000000, 143.873836
100.000000, 138.727058
100.000000, 133.580280
100.000000, 128.433502
100.000000, 123.286724
100.000000, 118.139945
100.000000, 112.993167
100.000000, 107.846389
100.000000, 102.699611
100.000000, 97.552833
100.000000, 92.406055
100.000000, 87.259276
100.000000, 82.112498
100.000000, 76.965720
100.000000, 71.818942
100.000000, 66.672164
100.000000, 61.525386
100.000000, 56.378607
100.000000, 51.231829
100.000000, 46.085051
100.000000, 40.938273
100.000000, 35.791495
100.000000, 30.644717
100.000000, 25.497939
100.000000, 20.351160
100.000000, 15.204382
100.000000, 10.057604
100.000000, 4.910826
100.000000, 359.764048
100.000000, 354.617270
100.000000, 349.470491
100.000000, 344.323713
100.000000, 339.176935
100.000000, 334.030157
100.000000, 328.883379
100.000000, 323.736601
100.000000, 318.589822
100.000000, 313.443044
100.000000, 308.296266
100.000000, 303.149488
100.000000, 298.002710
100.000000, 292.855932
100.000000, 287.709153
100.000000, 282.562375
100.000000, 277.415597
100.000000, 272.268819
100.000000, 267.122041
100.000000, 261.975263
100.000000, 256.828485
100.000000, 251.681706
100.000000, 246.534928
100.000000, 241.388150
100.000000, 236.241372
100.000000, 231.094594
100.000000, 225.947816
100.000000, 220.801037
100.000000, 215.654259
100.000000, 210.507481
100.000000, 205.360703
100.000000, 200.213925
100.000000, 195.067147
100.000000, 189.920368
100.000000, 184.773590
100.000000, 179.626812
100.000000, 174.480034
100.000000, 169.333256
100.000000, 164.186478
100.000000, 159.039699
100.000000, 153.892921
100.000000, 148.746143
100.000000, 143.599365
100.000000, 138.452587
100.000000, 133.305809
100.000000, 128.159031
100.000000, 123.012252
100.000000, 117.865474
100.000000, 112.718696
100.000000, 107.571918
100.000000, 102.425140
100.000000, 97.278362
100.000000, 92.131583
100.000000, 86.984805
100.000000, 81.838027
100.000000, 76.691249
100.000000, 71.544471
100.000000, 66.397693
100.000000, 61.250914
100.000000, 56.104136
100.000000, 50.957358
100.000000, 45.810580
100.000000, 40.663802
100.000000, 35.517024
100.000000, 30.370245
100.000000, 25.223467
100.000000, 20.076689
100.000000, 14.929911
100.000000, 9.783133
100.000000, 4.636355
100.000000, 359.489577
100.000000, 354.342798
100.000000, 349.196020
100.000000, 344.049242
100.000000, 338.902464
100.000000, 333.755686
100.000000, 328.608908
100.000000, 323.462129
100.000000, 318.315351
100.000000, 313.168573
100.000000, 308.021795
100.000000, 302.875017
100.000000, 297.728239
100.000000, 292.581460
100.000000, 287.434682
100.000000, 282.287904
100.000000, 277.141126
100.000000, 271.994348
100.000000, 266.847570
100.000000, 261.700791
100.000000, 256.554013
100.000000, 251.407235
100.000000, 246.260457
100.000000, 241.113679
100.000000, 235.966901
100.000000, 230.820123
100.000000, 225.673344
100.000000, 220.526566
100.000000, 215.379788
100.000000, 210.233010
100.000000, 205.086232
100.000000, 199.939454
100.000000, 194.792675
100.000000, 189.645897
100.000000, 184.499119
100.000000, 179.352341
100.000000, 174.205563
100.000000, 169.058785
100.000000, 163.912006
100.000000, 158.765228
100.000000, 153.618450
100.000000, 148.471672
100.000000, 143.324894
100.000000, 138.178116
100.000000, 133.031337
100.000000, 127.884559
100.000000, 122.737781
100.000000, 117.591003
100.000000, 112.444225
100.000000, 107.297447
100.000000, 102.150669
100.000000, 97.003890
100.000000, 91.857112
100.000000, 86.710334
100.000000, 81.563556
100.000000, 76.416778
100.000000, 71.270000
100.000000, 66.123221
100.000000, 60.976443
100.000000, 55.829665
100.000000, 50.682887
100.000000, 45.536109
100.000000, 40.389331
100.000000, 35.242552
100.000000, 30.095774
100.000000, 24.948996
100.000000, 19.802218
100.000000, 14.655440
100.000000, 9.508662
100.000000, 4.361883
100.000000, 359.215105
100.000000, 354.068327
100.000000, 348.921549
100.000000, 343.774771
100.000000, 338.627993
100.000000, 333.481215
100.000000, 328.334436
100.000000, 323.187658
100.000000, 318.040880
100.000000, 312.894102
100.000000, 307.747324
100.000000, 302.600546
100.000000, 297.453767
100.000000, 292.306989
100.000000, 287.160211
100.000000, 282.013433
100.000000, 276.866655
100.000000, 271.719877
100.000000, 266.573098
100.000000, 261.426320
100.000000, 256.279542
100.000000, 251.132764
100.000000, 245.985986
100.000000, 240.839208
100.000000, 235.692429
100.000000, 230.545651
100.000000, 225.398873
100.000000, 220.252095
100.000000, 215.105317
100.000000, 209.958539
100.000000, 204.811761
100.000000, 199.664982
100.000000, 194.518204
100.000000, 189.371426
100.000000, 184.224648
100.000000, 179.077870
100.000000, 173.931092
100.000000, 168.784313
100.000000, 163.637535
100.000000, 158.490757
100.000000, 153.343979
100.000000, 148.197201
100.000000, 143.050423
100.000000, 137.903644
100.000000, 132.756866
100.000000, 127.610088
100.000000, 122.463310
100.000000, 117.316532
100.000000, 112.169754
100.000000, 107.022975
100.000000, 101.876197
100.000000, 96.729419
100.000000, 91.582641
100.000000, 86.435863
100.000000, 81.289085
100.000000, 76.142307
100.000000, 70.995528
100.000000, 65.848750
100.000000, 60.701972
100.000000, 55.555194
100.000000, 50.408416
100.000000, 45.261638
100.000000, 40.114859
100.000000, 34.968081
100.000000, 29.821303
100.000000, 24.674525
100.000000, 19.527747
100.000000, 14.380969
100.000000, 9.234190
100.000000, 4.087412
100.000000, 358.940634
100.000000, 353.793856
100.000000, 348.647078
100.000000, 343.500300
100.000000, 338.353521
100.000000, 333.206743
100.000000, 328.059965
100.000000, 322.913187
100.000000, 317.766409
100.000000, 312.619631
100.000000, 307.472853
100.000000, 302.326074
100.000000, 297.179296
100.000000, 292.032518
100.000000, 286.885740
100.000000, 281.738962
100.000000, 276.592184
100.000000, 271.445405
100.000000, 266.298627
100.000000, 261.151849
100.000000, 256.005071
100.000000, 250.858293
100.000000, 245.711515
100.000000, 240.564736
100.000000, 235.417958
100.000000, 230.271180
100.000000, 225.124402
100.000000, 219.977624
100.000000, 214.830846
100.000000, 209.684067
100.000000, 204.537289
100.000000, 199.390511
100.000000, 194.243733
100.000000, 189.096955
100.000000, 183.950177
100.000000, 178.803399
100.000000, 173.656620
100.000000, 168.509842
100.000000, 163.363064
100.000000, 158.216286
100.000000, 153.069508
100.000000, 147.922730
100.000000, 142.775951
100.000000, 137.629173
100.000000, 132.482395
100.000000, 127.335617
100.000000, 122.188839
100.000000, 117.042061
100.000000, 111.895282
100.000000, 106.748504
100.000000, 101.601726
100.000000, 96.454948
100.000000, 91.308170
100.000000, 86.161392
100.000000, 81.014613
100.000000, 75.867835
100.000000, 70.721057
100.000000, 65.574279
100.000000, 60.427501
100.000000, 55.280723
100.000000, 50.133945
100.000000, 44.987166
100.000000, 39.840388
100.000000, 34.693610
100.000000, 29.546832
100.000000, 24.400054
100.000000, 19.253276
100.000000, 14.106497
100.000000, 8.959719
100.000000, 3.812941
100.000000, 358.666163
100.000000, 353.519385
100.000000, 348.372607
100.000000, 343.225828
100.000000, 338.079050
100.000000, 332.932272
100.000000, 327.785494
100.000000, 322.638716
100.000000, 317.491938
100.000000, 312.345159
100.000000, 307.198381
100.000000, 302.051603
100.000000, 296.904825
100.000000, 291.758047
100.000000, 286.611269
100.000000, 281.464491
100.000000, 276.317712
100.000000, 271.170934
100.000000, 266.024156
100.000000, 260.877378
100.000000, 255.730600
100.000000, 250.583822
100.000000, 245.437043
100.000000, 240.290265
100.000000, 235.143487
100.000000, 229.996709
100.000000, 224.849931
100.000000, 219.703153
100.000000, 214.556374
100.000000, 209.409596
100.000000, 204.262818
100.000000, 199.116040
100.000000, 193.969262
100.000000, 188.822484
100.000000, 183.675705
100.000000, 178.528927
100.000000, 173.382149
100.000000, 168.235371
100.000000, 163.088593
100.000000, 157.941815
100.000000, 152.795037
100.000000, 147.648258
100.000000, 142.501480
100.000000, 137.354702
100.000000, 132.207924
100.000000, 127.061146
100.000000, 121.914368
100.000000, 116.767589
100.000000, 111.620811
100.000000, 106.474033
100.000000, 101.327255
100.000000, 96.180477
100.000000, 91.033699
100.000000, 85.886920
100.000000, 80.740142
100.000000, 75.593364
100.000000, 70.446586
100.000000, 65.299808
100.000000, 60.153030
100.000000, 55.006251
100.000000, 49.859473
100.000000, 44.712695
100.000000, 39.565917
100.000000, 34.419139
100.000000, 29.272361
100.000000, 24.125583
100.000000, 18.978804
100.000000, 13.832026
100.000000, 8.685248
100.000000, 3.538470
100.000000, 358.391692
100.000000, 353.244914
100.000000, 348.098135
100.000000, 342.951357
100.000000, 337.804579
100.000000, 332.657801
100.000000, 327.511023
100.000000, 322.364245
100.000000, 317.217466
100.000000, 312.070688
100.000000, 306.923910
100.000000, 301.777132
100.000000, 296.630354
100.000000, 291.483576
100.000000, 286.336797
100.000000, 281.190019
100.000000, 276.043241
100.000000, 270.896463
100.000000, 265.749685
100.000000, 260.602907
100.000000, 255.456129
100.000000, 250.309350
100.000000, 245.162572
100.000000, 240.015794
100.000000, 234.869016
100.000000, 229.722238
100.000000, 224.575460
100.000000, 219.428681
100.000000, 214.281903
100.000000, 209.135125
100.000000, 203.988347
100.000000, 198.841569
100.000000, 193.694791
100.000000, 188.548012
100.000000, 183.401234
100.000000, 178.254456
100.000000, 173.107678
100.000000, 167.960900
100.000000, 162.814122
100.000000, 157.667343
100.000000, 152.520565
100.000000, 147.373787
100.000000, 142.227009
100.000000, 137.080231
100.000000, 131.933453
100.000000, 126.786675
100.000000, 121.639896
100.000000, 116.493118
100.000000, 111.346340
100.000000, 106.199562
100.000000, 101.052784
100.000000, 95.906006
100.000000, 90.759227
100.000000, 85.612449
100.000000, 80.465671
100.000000, 75.318893
100.000000, 70.172115
100.000000, 65.025337
100.000000, 59.878558
100.000000, 54.731780
100.000000, 49.585002
100.000000, 44.438224
100.000000, 39.291446
100.000000, 34.144668
100.000000, 28.997889
100.000000, 23.851111
100.000000, 18.704333
100.000000, 13.557555
100.000000, 8.410777
100.000000, 3.263999
100.000000, 358.117221
100.000000, 352.970442
100.000000, 347.823664
100.000000, 342.676886
100.000000, 337.530108
100.000000, 332.383330
100.000000, 327.236552
100.000000, 322.089773
100.000000, 316.942995
100.000000, 311.796217
100.000000, 306.649439
100.000000, 301.502661
100.000000, 296.355883
100.000000, 291.209104
100.000000, 286.062326
100.000000, 280.915548
100.000000, 275.768770
100.000000, 270.621992
100.000000, 265.475214
100.000000, 260.328435
100.000000, 255.181657
100.000000, 250.034879
100.000000, 244.888101
100.000000, 239.741323
100.000000, 234.594545
100.000000, 229.447767
100.000000, 224.300988
100.000000, 219.154210
100.000000, 214.007432
100.000000, 208.860654
100.000000, 203.713876
100.000000, 198.567098
100.000000, 193.420319
100.000000, 188.273541
100.000000, 183.126763
100.000000, 177.979985
100.000000, 172.833207
100.000000, 167.686429
100.000000, 162.539650
100.000000, 157.392872
100.000000, 152.246094
100.000000, 147.099316
100.000000, 141.952538
100.000000, 136.805760
100.000000, 131.658981
100.000000, 126.512203
100.000000, 121.365425
100.000000, 116.218647
100.000000, 111.071869
100.000000, 105.925091
100.000000, 100.778313
100.000000, 95.631534
100.000000, 90.484756
100.000000, 85.337978
100.000000, 80.191200
100.000000, 75.044422
100.000000, 69.897644
100.000000, 64.750865
100.000000, 59.604087
100.000000, 54.457309
100.000000, 49.310531
100.000000, 44.163753
100.000000, 39.016975
100.000000, 33.870196
100.000000, 28.723418
100.000000, 23.576640
100.000000, 18.429862
100.000000, 13.283084
100.000000, 8.136306
100.000000, 2.989527
100.000000, 357.842749
100.000000, 352.695971
100.000000, 347.549193
100.000000, 342.402415
100.000000, 337.255637
100.000000, 332.108859
100.000000, 326.962080
100.000000, 321.815302
100.000000, 316.668524
100.000000, 311.521746
100.000000, 306.374968
100.000000, 301.228190
100.000000, 296.081411
100.000000, 290.934633
100.000000, 285.787855
100.000000, 280.641077
100.000000, 275.494299
100.000000, 270.347521
100.000000, 265.200742
100.000000, 260.053964
100.000000, 254.907186
100.000000, 249.760408
100.000000, 244.613630
100.000000, 239.466852
100.000000, 234.320073
100.000000, 229.173295
100.000000, 224.026517
100.000000, 218.879739
100.000000, 213.732961
100.000000, 208.586183
100.000000, 203.439405
100.000000, 198.292626
100.000000, 193.145848
100.000000, 187.999070
100.000000, 182.852292
100.000000, 177.705514
100.000000, 172.558736
100.000000, 167.411957
100.000000, 162.265179
100.000000, 157.118401
100.000000, 151.971623
100.000000, 146.824845
100.000000, 141.678067
100.000000, 136.531288
100.000000, 131.384510
100.000000, 126.237732
100.000000, 121.090954
100.000000, 115.944176
100.000000, 110.797398
100.000000, 105.650619
100.000000, 100.503841
100.000000, 95.357063
100.000000, 90.210285
100.000000, 85.063507
100.000000, 79.916729
100.000000, 74.769951
100.000000, 69.623172
100.000000, 64.476394
100.000000, 59.329616
100.000000, 54.182838
100.000000, 49.036060
100.000000, 43.889282
100.000000, 38.742503
100.000000, 33.595725
100.000000, 28.448947
100.000000, 23.302169
100.000000, 18.155391
100.000000, 13.008613
100.000000, 7.861834
100.000000, 2.715056
100.000000, 357.568278
100.000000, 352.421500
100.000000, 347.274722
100.000000, 342.127944
100.000000, 336.981165
100.000000, 331.834387
100.000000, 326.687609
100.000000, 321.540831
100.000000, 316.394053
100.000000, 311.247275
100.000000, 306.100497
100.000000, 300.953718
100.000000, 295.806940
100.000000, 290.660162
100.000000, 285.513384
100.000000, 280.366606
100.000000, 275.219828
100.000000, 270.073049
100.000000, 264.926271
100.000000, 259.779493
100.000000, 254.632715
100.000000, 249.485937
100.000000, 244.339159
100.000000, 239.192380
100.000000, 234.045602
100.000000, 228.898824
100.000000, 223.752046
100.000000, 218.605268
100.000000, 213.458490
100.000000, 208.311711
100.000000, 203.164933
100.000000, 198.018155
100.000000, 192.871377
100.000000, 187.724599
100.000000, 182.577821
100.000000, 177.431043
100.000000, 172.284264
100.000000, 167.137486
100.000000, 161.990708
100.000000, 156.843930
100.000000, 151.697152
100.000000, 146.550374
100.000000, 141.403595
100.000000, 136.256817
100.000000, 131.110039
100.000000, 125.963261
100.000000, 120.816483
100.000000, 115.669705
100.000000, 110.522926
100.000000, 105.376148
100.000000, 100.229370
100.000000, 95.082592
100.000000, 89.935814
100.000000, 84.789036
100.000000, 79.642257
100.000000, 74.495479
100.000000, 69.348701
100.000000, 64.201923
100.000000, 59.055145
100.000000, 53.908367
100.000000, 48.761589
100.000000, 43.614810
100.000000, 38.468032
100.000000, 33.321254
100.000000, 28.174476
100.000000, 23.027698
100.000000, 17.880920
100.000000, 12.734141
100.000000, 7.587363
100.000000, 2.440585
100.000000, 357.293807
100.000000, 352.147029
100.000000, 347.000251
100.000000, 341.853472
100.000000, 336.706694
100.000000, 331.559916
100.000000, 326.413138
100.000000, 321.266360
100.000000, 316.119582
100.000000, 310.972803
100.000000, 305.826025
100.000000, 300.679247
100.000000, 295.532469
100.000000, 290.385691
100.000000, 285.238913
100.000000, 280.092135
100.000000, 274.945356
100.000000, 269.798578
100.000000, 264.651800
100.000000, 259.505022
100.000000, 254.358244
100.000000, 249.211466
100.000000, 244.064687
100.000000, 238.917909
100.000000, 233.771131
100.000000, 228.624353
100.000000, 223.477575
100.000000, 218.330797
100.000000, 213.184018
100.000000, 208.037240
100.000000, 202.890462
100.000000, 197.743684
100.000000, 192.596906
100.000000, 187.450128
100.000000, 182.303349
100.000000, 177.156571
100.000000, 172.009793
100.000000, 166.863015
100.000000, 161.716237
100.000000, 156.569459
100.000000, 151.422681
100.000000, 146.275902
100.000000, 141.129124
100.000000, 135.982346
100.000000, 130.835568
100.000000, 125.688790
100.000000, 120.542012
100.000000, 115.395233
100.000000, 110.248455
100.000000, 105.101677
100.000000, 99.954899
100.000000, 94.808121
100.000000, 89.661343
100.000000, 84.514564
100.000000, 79.367786
100.000000, 74.221008
100.000000, 69.074230
100.000000, 63.927452
100.000000, 58.780674
100.000000, 53.633895
100.000000, 48.487117
100.000000, 43.340339
100.000000, 38.193561
100.000000, 33.046783
100.000000, 27.900005
100.000000, 22.753227
100.000000, 17.606448
100.000000, 12.459670
100.000000, 7.312892
100.000000, 2.166114
100.000000, 357.019336
100.000000, 351.872558
100.000000, 346.725779
100.000000, 341.579001
100.000000, 336.432223
100.000000, 331.285445
100.000000, 326.138667
100.000000, 320.991889
100.000000, 315.845110
100.000000, 310.698332
100.000000, 305.551554
100.000000, 300.404776
100.000000, 295.257998
100.000000, 290.111220
100.000000, 284.964441
100.000000, 279.817663
100.000000, 274.670885
100.000000, 269.524107
100.000000, 264.377329
100.000000, 259.230551
100.000000, 254.083773
100.000000, 248.936994
100.000000, 243.790216
100.000000, 238.643438
100.000000, 233.496660
100.000000, 228.349882
100.000000, 223.203104
100.000000, 218.056325
100.000000, 212.909547
100.000000, 207.762769
100.000000, 202.615991
100.000000, 197.469213
100.000000, 192.322435
100.000000, 187.175656
100.000000, 182.028878
100.000000, 176.882100
100.000000, 171.735322
100.000000, 166.588544
100.000000, 161.441766
100.000000, 156.294987
100.000000, 151.148209
100.000000, 146.001431
100.000000, 140.854653
100.000000, 135.707875
100.000000, 130.561097
100.000000, 125.414319
100.000000, 120.267540
100.000000, 115.120762
100.000000, 109.973984
100.000000, 104.827206
100.000000, 99.680428
100.000000, 94.533650
100.000000, 89.386871
100.000000, 84.240093
100.000000, 79.093315
100.000000, 73.946537
100.000000, 68.799759
100.000000, 63.652981
100.000000, 58.506202
100.000000, 53.359424
100.000000, 48.212646
100.000000, 43.065868
100.000000, 37.919090
100.000000, 32.772312
100.000000, 27.625533
100.000000, 22.478755
100.000000, 17.331977
100.000000, 12.185199
100.000000, 7.038421
100.000000, 1.891643
100.000000, 356.744865
100.000000, 351.598086
100.000000, 346.451308
100.000000, 341.304530
100.000000, 336.157752
100.000000, 331.010974
100.000000, 325.864196
100.000000, 320.717417
100.000000, 315.570639
100.000000, 310.423861
100.000000, 305.277083
100.000000, 300.130305
100.000000, 294.983527
100.000000, 289.836748
100.000000, 284.689970
100.000000, 279.543192
100.000000, 274.396414
100.000000, 269.249636
100.000000, 264.102858
100.000000, 258.956079
100.000000, 253.809301
100.000000, 248.662523
100.000000, 243.515745
100.000000, 238.368967
100.000000, 233.222189
100.000000, 228.075411
100.000000, 222.928632
100.000000, 217.781854
100.000000, 212.635076
100.000000, 207.488298
100.000000, 202.341520
100.000000, 197.194742
100.000000, 192.047963
100.000000, 186.901185
100.000000, 181.754407
100.000000, 176.607629
100.000000, 171.460851
100.000000, 166.314073
100.000000, 161.167294
100.000000, 156.020516
100.000000, 150.873738
100.000000, 145.726960
100.000000, 140.580182
100.000000, 135.433404
100.000000, 130.286625
100.000000, 125.139847
100.000000, 119.993069
100.000000, 114.846291
100.000000, 109.699513
100.000000, 104.552735
100.000000, 99.405957
100.000000, 94.259178
100.000000, 89.112400
100.000000, 83.965622
100.000000, 78.818844
100.000000, 73.672066
100.000000, 68.525288
100.000000, 63.378509
100.000000, 58.231731
100.000000, 53.084953
100.000000, 47.938175
100.000000, 42.791397
100.000000, 37.644619
100.000000, 32.497840
100.000000, 27.351062
100.000000, 22.204284
100.000000, 17.057506
100.000000, 11.910728
100.000000, 6.763950
100.000000, 1.617171
100.000000, 356.470393
100.000000, 351.323615
100.000000, 346.176837
100.000000, 341.030059
100.000000, 335.883281
100.000000, 330.736503
100.000000, 325.589724
100.000000, 320.442946
100.000000, 315.296168
100.000000, 310.149390
100.000000, 305.002612
100.000000, 299.855834
100.000000, 294.709055
100.000000, 289.562277
100.000000, 284.415499
100.000000, 279.268721
100.000000, 274.121943
100.000000, 268.975165
100.000000, 263.828386
100.000000, 258.681608
100.000000, 253.534830
100.000000, 248.388052
100.000000, 243.241274
100.000000, 238.094496
100.000000, 232.947717
100.000000, 227.800939
100.000000, 222.654161
100.000000, 217.507383
100.000000, 212.360605
100.000000, 207.213827
100.000000, 202.067049
100.000000, 196.920270
100.000000, 191.773492
100.000000, 186.626714
100.000000, 181.479936
100.000000, 176.333158
100.000000, 171.186380
100.000000, 166.039601
100.000000, 160.892823
100.000000, 155.746045
100.000000, 150.599267
100.000000, 145.452489
100.000000, 140.305711
100.000000, 135.158932
100.000000, 130.012154
100.000000, 124.865376
100.000000, 119.718598
100.000000, 114.571820
100.000000, 109.425042
100.000000, 104.278263
100.000000, 99.131485
100.000000, 93.984707
100.000000, 88.837929
100.000000, 83.691151
100.000000, 78.544373
100.000000, 73.397595
100.000000, 68.250816
100.000000, 63.104038
100.000000, 57.957260
100.000000, 52.810482
100.000000, 47.663704
100.000000, 42.516926
100.000000, 37.370147
100.000000, 32.223369
100.000000, 27.076591
100.000000, 21.929813
100.000000, 16.783035
100.000000, 11.636257
100.000000, 6.489478
100.000000, 1.342700
100.000000, 356.195922
100.000000, 351.049144
100.000000, 345.902366
100.000000, 340.755588
100.000000, 335.608809
100.000000, 330.462031
100.000000, 325.315253
100.000000, 320.168475
100.000000, 315.021697
100.000000, 309.874919
100.000000, 304.728141
100.000000, 299.581362
100.000000, 294.434584
100.000000, 289.287806
100.000000, 284.141028
100.000000, 278.994250
100.000000, 273.847472
100.000000, 268.700693
100.000000, 263.553915
100.000000, 258.407137
100.000000, 253.260359
100.000000, 248.113581
100.000000, 242.966803
100.000000, 237.820024
100.000000, 232.673246
100.000000, 227.526468
100.000000, 222.379690
100.000000, 217.232912
100.000000, 212.086134
100.000000, 206.939355
100.000000, 201.792577
100.000000, 196.645799
100.000000, 191.499021
100.000000, 186.352243
100.000000, 181.205465
100.000000, 176.058687
100.000000, 170.911908
100.000000, 165.765130
100.000000, 160.618352
100.000000, 155.471574
100.000000, 150.324796
100.000000, 145.178018
100.000000, 140.031239
100.000000, 134.884461
100.000000, 129.737683
100.000000, 124.590905
100.000000, 119.444127
100.000000, 114.297349
100.000000, 109.150570
100.000000, 104.003792
100.000000, 98.857014
100.000000, 93.710236
100.000000, 88.563458
100.000000, 83.416680
100.000000, 78.269901
100.000000, 73.123123
100.000000, 67.976345
100.000000, 62.829567
100.000000, 57.682789
100.000000, 52.536011
100.000000, 47.389233
100.000000, 42.242454
100.000000, 37.095676
100.000000, 31.948898
100.000000, 26.802120
100.000000, 21.655342
100.000000, 16.508564
100.000000, 11.361785
100.000000, 6.215007
100.000000, 1.068229
100.000000, 355.921451
100.000000, 350.774673
100.000000, 345.627895
100.000000, 340.481116
100.000000, 335.334338
100.000000, 330.187560
100.000000, 325.040782
100.000000, 319.894004
100.000000, 314.747226
100.000000, 309.600447
100.000000, 304.453669
100.000000, 299.306891
100.000000, 294.160113
100.000000, 289.013335
100.000000, 283.866557
100.000000, 278.719779
100.000000, 273.573000
100.000000, 268.426222
100.000000, 263.279444
100.000000, 258.132666
100.000000, 252.985888
100.000000, 247.839110
100.000000, 242.692331
100.000000, 237.545553
100.000000, 232.398775
100.000000, 227.251997
100.000000, 222.105219
100.000000, 216.958441
100.000000, 211.811662
100.000000, 206.664884
100.000000, 201.518106
100.000000, 196.371328
100.000000, 191.224550
100.000000, 186.077772
100.000000, 180.930993
100.000000, 175.784215
100.000000, 170.637437
100.000000, 165.490659
100.000000, 160.343881
100.000000, 155.197103
100.000000, 150.050325
100.000000, 144.903546
100.000000, 139.756768
100.000000, 134.609990
100.000000, 129.463212
100.000000, 124.316434
100.000000, 119.169656
100.000000, 114.022877
100.000000, 108.876099
100.000000, 103.729321
100.000000, 98.582543
100.000000, 93.435765
100.000000, 88.288987
100.000000, 83.142208
100.000000, 77.995430
100.000000, 72.848652
100.000000, 67.701874
100.000000, 62.555096
100.000000, 57.408318
100.000000, 52.261539
100.000000, 47.114761
100.000000, 41.967983
100.000000, 36.821205
100.000000, 31.674427
100.000000, 26.527649
100.000000, 21.380871
100.000000, 16.234092
100.000000, 11.087314
100.000000, 5.940536
100.000000, 0.793758
100.000000, 355.646980
100.000000, 350.500202
100.000000, 345.353423
100.000000, 340.206645
100.000000, 335.059867
100.000000, 329.913089
100.000000, 324.766311
100.000000, 319.619533
100.000000, 314.472754
100.000000, 309.325976
100.000000, 304.179198
100.000000, 299.032420
100.000000, 293.885642
100.000000, 288.738864
100.000000, 283.592085
100.000000, 278.445307
100.000000, 273.298529
100.000000, 268.151751
100.000000, 263.004973
100.000000, 257.858195
100.000000, 252.711417
100.000000, 247.564638
100.000000, 242.417860
100.000000, 237.271082
100.000000, 232.124304
100.000000, 226.977526
100.000000, 221.830748
100.000000, 216.683969
100.000000, 211.537191
100.000000, 206.390413
100.000000, 201.243635
100.000000, 196.096857
100.000000, 190.950079
100.000000, 185.803300
100.000000, 180.656522
100.000000, 175.509744
100.000000, 170.362966
100.000000, 165.216188
100.000000, 160.069410
100.000000, 154.922631
100.000000, 149.775853
100.000000, 144.629075
100.000000, 139.482297
100.000000, 134.335519
100.000000, 129.188741
100.000000, 124.041963
100.000000, 118.895184
100.000000, 113.748406
100.000000, 108.601628
100.000000, 103.454850
100.000000, 98.308072
100.000000, 93.161294
100.000000, 88.014515
100.000000, 82.867737
100.000000, 77.720959
100.000000, 72.574181
100.000000, 67.427403
100.000000, 62.280625
100.000000, 57.133846
100.000000, 51.987068
100.000000, 46.840290
100.000000, 41.693512
100.000000, 36.546734
100.000000, 31.399956
100.000000, 26.253177
100.000000, 21.106399
100.000000, 15.959621
100.000000, 10.812843
100.000000, 5.666065
100.000000, 0.519287
100.000000, 355.372509
100.000000, 350.225730
100.000000, 345.078952
100.000000, 339.932174
100.000000, 334.785396
100.000000, 329.638618
100.000000, 324.491840
100.000000, 319.345061
100.000000, 314.198283
100.000000, 309.051505
100.000000, 303.904727
100.000000, 298.757949
100.000000, 293.611171
100.000000, 288.464392
100.000000, 283.317614
100.000000, 278.170836
100.000000, 273.024058
100.000000, 267.877280
100.000000, 262.730502
100.000000, 257.583723
100.000000, 252.436945
100.000000, 247.290167
100.000000, 242.143389
100.000000, 236.996611
100.000000, 231.849833
100.000000, 226.703055
100.000000, 221.556276
100.000000, 216.409498
100.000000, 211.262720
100.000000, 206.115942
100.000000, 200.969164
100.000000, 195.822386
100.000000, 190.675607
100.000000, 185.528829
100.000000, 180.382051
100.000000, 175.235273
100.000000, 170.088495
100.000000, 164.941717
100.000000, 159.794938
100.000000, 154.648160
100.000000, 149.501382
100.000000, 144.354604
100.000000, 139.207826
100.000000, 134.061048
100.000000, 128.914269
100.000000, 123.767491
100.000000, 118.620713
100.000000, 113.473935
100.000000, 108.327157
100.000000, 103.180379
100.000000, 98.033601
100.000000, 92.886822
100.000000, 87.740044
100.000000, 82.593266
100.000000, 77.446488
100.000000, 72.299710
100.000000, 67.152932
100.000000, 62.006153
100.000000, 56.859375
100.000000, 51.712597
100.000000, 46.565819
100.000000, 41.419041
100.000000, 36.272263
100.000000, 31.125484
100.000000, 25.978706
100.000000, 20.831928
100.000000, 15.685150
100.000000, 10.538372
100.000000, 5.391594
100.000000, 0.244815
100.000000, 355.098037
100.000000, 349.951259
100.000000, 344.804481
100.000000, 339.657703
100.000000, 334.510925
100.000000, 329.364147
100.000000, 324.217368
100.000000, 319.070590
100.000000, 313.923812
100.000000, 308.777034
100.000000, 303.630256
100.000000, 298.483478
100.000000, 293.336699
100.000000, 288.189921
100.000000, 283.043143
100.000000, 277.896365
100.000000, 272.749587
100.000000, 267.602809
100.000000, 262.456030
100.000000, 257.309252
100.000000, 252.162474
100.000000, 247.015696
100.000000, 241.868918
100.000000, 236.722140
100.000000, 231.575361
100.000000, 226.428583
100.000000, 221.281805
100.000000, 216.135027
100.000000, 210.988249
100.000000, 205.841471
100.000000, 200.694693
100.000000, 195.547914
100.000000, 190.401136
100.000000, 185.254358
100.000000, 180.107580
100.000000, 174.960802
100.000000, 169.814024
100.000000, 164.667245
100.000000, 159.520467
100.000000, 154.373689
100.000000, 149.226911
100.000000, 144.080133
100.000000, 138.933355
100.000000, 133.786576
100.000000, 128.639798
100.000000, 123.493020
100.000000, 118.346242
100.000000, 113.199464
100.000000, 108.052686
100.000000, 102.905907
100.000000, 97.759129
100.000000, 92.612351
100.000000, 87.465573
100.000000, 82.318795
100.000000, 77.172017
100.000000, 72.025239
100.000000, 66.878460
100.000000, 61.731682
100.000000, 56.584904
100.000000, 51.438126
100.000000, 46.291348
100.000000, 41.144570
100.000000, 35.997791
100.000000, 30.851013
100.000000, 25.704235
100.000000, 20.557457
100.000000, 15.410679
100.000000, 10.263901
100.000000, 5.117122
100.000000, 359.970344
100.000000, 354.823566
100.000000, 349.676788
100.000000, 344.530010
100.000000, 339.383232
100.000000, 334.236453
100.000000, 329.089675
100.000000, 323.942897
100.000000, 318.796119
100.000000, 313.649341
100.000000, 308.502563
100.000000, 303.355785
100.000000, 298.209006
100.000000, 293.062228
100.000000, 287.915450
100.000000, 282.768672
100.000000, 277.621894
100.000000, 272.475116
100.000000, 267.328337
100.000000, 262.181559
100.000000, 257.034781
100.000000, 251.888003
100.000000, 246.741225
100.000000, 241.594447
100.000000, 236.447668
100.000000, 231.300890
100.000000, 226.154112
100.000000, 221.007334
100.000000, 215.860556
100.000000, 210.713778
100.000000, 205.566999
100.000000, 200.420221
100.000000, 195.273443
100.000000, 190.126665
100.000000, 184.979887
100.000000, 179.833109
100.000000, 174.686331
100.000000, 169.539552
100.000000, 164.392774
100.000000, 159.245996
100.000000, 154.099218
100.000000, 148.952440
100.000000, 143.805662
100.000000, 138.658883
100.000000, 133.512105
100.000000, 128.365327
100.000000, 123.218549
100.000000, 118.071771
100.000000, 112.924993
100.000000, 107.778214
100.000000, 102.631436
100.000000, 97.484658
100.000000, 92.337880
100.000000, 87.191102
100.000000, 82.044324
100.000000, 76.897545
100.000000, 71.750767
100.000000, 66.603989
100.000000, 61.457211
100.000000, 56.310433
100.000000, 51.163655
100.000000, 46.016877
100.000000, 40.870098
100.000000, 35.723320
100.000000, 30.576542
100.000000, 25.429764
100.000000, 20.282986
100.000000, 15.136208
100.000000, 9.989429
100.000000, 4.842651
100.000000, 359.695873
100.000000, 354.549095
100.000000, 349.402317
100.000000, 344.255539
100.000000, 339.108760
100.000000, 333.961982
100.000000, 328.815204
100.000000, 323.668426
100.000000, 318.521648
100.000000, 313.374870
100.000000, 308.228091
100.000000, 303.081313
100.000000, 297.934535
100.000000, 292.787757
100.000000, 287.640979
100.000000, 282.494201
100.000000, 277.347423
100.000000, 272.200644
100.000000, 267.053866
100.000000, 261.907088
100.000000, 256.760310
100.000000, 251.613532
100.000000, 246.466754
100.000000, 241.319975
100.000000, 236.173197
100.000000, 231.026419
100.000000, 225.879641
100.000000, 220.732863
100.000000, 215.586085
100.000000, 210.439306
100.000000, 205.292528
100.000000, 200.145750
100.000000, 194.998972
100.000000, 189.852194
100.000000, 184.705416
100.000000, 179.558637
100.000000, 174.411859
100.000000, 169.265081
100.000000, 164.118303
100.000000, 158.971525
100.000000, 153.824747
100.000000, 148.677969
100.000000, 143.531190
100.000000, 138.384412
100.000000, 133.237634
100.000000, 128.090856
100.000000, 122.944078
100.000000, 117.797300
100.000000, 112.650521
100.000000, 107.503743
100.000000, 102.356965
100.000000, 97.210187
100.000000, 92.063409
100.000000, 86.916631
100.000000, 81.769852
100.000000, 76.623074
100.000000, 71.476296
100.000000, 66.329518
100.000000, 61.182740
100.000000, 56.035962
100.000000, 50.889183
100.000000, 45.742405
100.000000, 40.595627
100.000000, 35.448849
100.000000, 30.302071
100.000000, 25.155293
100.000000, 20.008515
100.000000, 14.861736
100.000000, 9.714958
100.000000, 4.568180
100.000000, 359.421402
100.000000, 354.274624
100.000000, 349.127846
100.000000, 343.981067
100.000000, 338.834289
100.000000, 333.687511
100.000000, 328.540733
100.000000, 323.393955
100.000000, 318.247177
100.000000, 313.100398
100.000000, 307.953620
100.000000, 302.806842
100.000000, 297.660064
100.000000, 292.513286
100.000000, 287.366508
100.000000, 282.219729
100.000000, 277.072951
100.000000, 271.926173
100.000000, 266.779395
100.000000, 261.632617
100.000000, 256.485839
100.000000, 251.339061
100.000000, 246.192282
100.000000, 241.045504
100.000000, 235.898726
100.000000, 230.751948
100.000000, 225.605170
100.000000, 220.458392
100.000000, 215.311613
100.000000, 210.164835
100.000000, 205.018057
100.000000, 199.871279
100.000000, 194.724501
100.000000, 189.577723
100.000000, 184.430944
100.000000, 179.284166
100.000000, 174.137388
100.000000, 168.990610
100.000000, 163.843832
100.000000, 158.697054
100.000000, 153.550275
100.000000, 148.403497
100.000000, 143.256719
100.000000, 138.109941
100.000000, 132.963163
100.000000, 127.816385
100.000000, 122.669607
100.000000, 117.522828
100.000000, 112.376050
100.000000, 107.229272
100.000000, 102.082494
100.000000, 96.935716
100.000000, 91.788938
100.000000, 86.642159
100.000000, 81.495381
100.000000, 76.348603
100.000000, 71.201825
100.000000, 66.055047
100.000000, 60.908269
100.000000, 55.761490
100.000000, 50.614712
100.000000, 45.467934
100.000000, 40.321156
100.000000, 35.174378
100.000000, 30.027600
100.000000, 24.880821
100.000000, 19.734043
100.000000, 14.587265
100.000000, 9.440487
100.000000, 4.293709
100.000000, 359.146931
100.000000, 354.000153
100.000000, 348.853374
100.000000, 343.706596
100.000000, 338.559818
100.000000, 333.413040
100.000000, 328.266262
100.000000, 323.119484
100.000000, 317.972705
100.000000, 312.825927
100.000000, 307.679149
100.000000, 302.532371
100.000000, 297.385593
100.000000, 292.238815
100.000000, 287.092036
100.000000, 281.945258
100.000000, 276.798480
100.000000, 271.651702
100.000000, 266.504924
100.000000, 261.358146
100.000000, 256.211367
100.000000, 251.064589
100.000000, 245.917811
100.000000, 240.771033
100.000000, 235.624255
100.000000, 230.477477
100.000000, 225.330699
100.000000, 220.183920
100.000000, 215.037142
100.000000, 209.890364
100.000000, 204.743586
100.000000, 199.596808
100.000000, 194.450030
100.000000, 189.303251
100.000000, 184.156473
100.000000, 179.009695
100.000000, 173.862917
100.000000, 168.716139
100.000000, 163.569361
100.000000, 158.422582
100.000000, 153.275804
100.000000, 148.129026
100.000000, 142.982248
100.000000, 137.835470
100.000000, 132.688692
100.000000, 127.541913
100.000000, 122.395135
100.000000, 117.248357
100.000000, 112.101579
100.000000, 106.954801
100.000000, 101.808023
100.000000, 96.661245
100.000000, 91.514466
100.000000, 86.367688
100.000000, 81.220910
100.000000, 76.074132
100.000000, 70.927354
100.000000, 65.780576
100.000000, 60.633797
100.000000, 55.487019
100.000000, 50.340241
100.000000, 45.193463
100.000000, 40.046685
100.000000, 34.899907
100.000000, 29.753128
100.000000, 24.606350
100.000000, 19.459572
100.000000, 14.312794
100.000000, 9.166016
100.000000, 4.019238
100.000000, 358.872459
100.000000, 353.725681
100.000000, 348.578903
100.000000, 343.432125
100.000000, 338.285347
100.000000, 333.138569
100.000000, 327.991791
100.000000, 322.845012
100.000000, 317.698234
100.000000, 312.551456
100.000000, 307.404678
100.000000, 302.257900
100.000000, 297.111122
100.000000, 291.964343
100.000000, 286.817565
100.000000, 281.670787
100.000000, 276.524009
100.000000, 271.377231
100.000000, 266.230453
100.000000, 261.083674
100.000000, 255.936896
100.000000, 250.790118
100.000000, 245.643340
100.000000, 240.496562
100.000000, 235.349784
100.000000, 230.203005
100.000000, 225.056227
100.000000, 219.909449
100.000000, 214.762671
100.000000, 209.615893
100.000000, 204.469115
100.000000, 199.322337
100.000000, 194.175558
100.000000, 189.028780
100.000000, 183.882002
100.000000, 178.735224
100.000000, 173.588446
100.000000, 168.441668
100.000000, 163.294889
100.000000, 158.148111
100.000000, 153.001333
100.000000, 147.854555
100.000000, 142.707777
100.000000, 137.560999
100.000000, 132.414220
100.000000, 127.267442
100.000000, 122.120664
100.000000, 116.973886
100.000000, 111.827108
100.000000, 106.680330
100.000000, 101.533551
100.000000, 96.386773
100.000000, 91.239995
100.000000, 86.093217
100.000000, 80.946439
100.000000, 75.799661
100.000000, 70.652883
100.000000, 65.506104
100.000000, 60.359326
100.000000, 55.212548
100.000000, 50.065770
100.000000, 44.918992
100.000000, 39.772214
100.000000, 34.625435
100.000000, 29.478657
100.000000, 24.331879
100.000000, 19.185101
100.000000, 14.038323
100.000000, 8.891545
100.000000, 3.744766
100.000000, 358.597988
100.000000, 353.451210
100.000000, 348.304432
100.000000, 343.157654
100.000000, 338.010876
100.000000, 332.864097
100.000000, 327.717319
100.000000, 322.570541
100.000000, 317.423763
100.000000, 312.276985
100.000000, 307.130207
100.000000, 301.983429
100.000000, 296.836650
100.000000, 291.689872
100.000000, 286.543094
100.000000, 281.396316
100.000000, 276.249538
100.000000, 271.102760
100.000000, 265.955981
100.000000, 260.809203
100.000000, 255.662425
100.000000, 250.515647
100.000000, 245.368869
100.000000, 240.222091
100.000000, 235.075312
100.000000, 229.928534
100.000000, 224.781756
100.000000, 219.634978
100.000000, 214.488200
100.000000, 209.341422
100.000000, 204.194643
100.000000, 199.047865
100.000000, 193.901087
100.000000, 188.754309
100.000000, 183.607531
100.000000, 178.460753
100.000000, 173.313975
100.000000, 168.167196
100.000000, 163.020418
100.000000, 157.873640
100.000000, 152.726862
100.000000, 147.580084
100.000000, 142.433306
100.000000, 137.286527
100.000000, 132.139749
100.000000, 126.992971
100.000000, 121.846193
100.000000, 116.699415
100.000000, 111.552637
100.000000, 106.405858
100.000000, 101.259080
100.000000, 96.112302
100.000000, 90.965524
100.000000, 85.818746
100.000000, 80.671968
100.000000, 75.525189
100.000000, 70.378411
100.000000, 65.231633
100.000000, 60.084855
100.000000, 54.938077
100.000000, 49.791299
100.000000, 44.644521
100.000000, 39.497742
100.000000, 34.350964
100.000000, 29.204186
100.000000, 24.057408
100.000000, 18.910630
100.000000, 13.763852
100.000000, 8.617073
100.000000, 3.470295
100.000000, 358.323517
100.000000, 353.176739
100.000000, 348.029961
100.000000, 342.883183
100.000000, 337.736404
100.000000, 332.589626
100.000000, 327.442848
100.000000, 322.296070
100.000000, 317.149292
100.000000, 312.002514
100.000000, 306.855735
100.000000, 301.708957
100.000000, 296.562179
100.000000, 291.415401
100.000000, 286.268623
100.000000, 281.121845
100.000000, 275.975067
100.000000, 270.828288
100.000000, 265.681510
100.000000, 260.534732
100.000000, 255.387954
100.000000, 250.241176
100.000000, 245.094398
100.000000, 239.947619
100.000000, 234.800841
100.000000, 229.654063
100.000000, 224.507285
100.000000, 219.360507
100.000000, 214.213729
100.000000, 209.066950
100.000000, 203.920172
100.000000, 198.773394
100.000000, 193.626616
100.000000, 188.479838
100.000000, 183.333060
100.000000, 178.186281
100.000000, 173.039503
100.000000, 167.892725
100.000000, 162.745947
100.000000, 157.599169
100.000000, 152.452391
100.000000, 147.305613
100.000000, 142.158834
100.000000, 137.012056
100.000000, 131.865278
100.000000, 126.718500
100.000000, 121.571722
100.000000, 116.424944
100.000000, 111.278165
100.000000, 106.131387
100.000000, 100.984609
100.000000, 95.837831
100.000000, 90.691053
100.000000, 85.544275
100.000000, 80.397496
100.000000, 75.250718
100.000000, 70.103940
100.000000, 64.957162
100.000000, 59.810384
100.000000, 54.663606
100.000000, 49.516827
100.000000, 44.370049
100.000000, 39.223271
100.000000, 34.076493
100.000000, 28.929715
100.000000, 23.782937
100.000000, 18.636159
100.000000, 13.489380
100.000000, 8.342602
100.000000, 3.195824
100.000000, 358.049046
100.000000, 352.902268
100.000000, 347.755490
100.000000, 342.608711
100.000000, 337.461933
100.000000, 332.315155
100.000000, 327.168377
100.000000, 322.021599
100.000000, 316.874821
100.000000, 311.728042
100.000000, 306.581264
100.000000, 301.434486
100.000000, 296.287708
100.000000, 291.140930
100.000000, 285.994152
100.000000, 280.847373
100.000000, 275.700595
100.000000, 270.553817
100.000000, 265.407039
100.000000, 260.260261
100.000000, 255.113483
100.000000, 249.966705
100.000000, 244.819926
100.000000, 239.673148
100.000000, 234.526370
100.000000, 229.379592
100.000000, 224.232814
100.000000, 219.086036
100.000000, 213.939257
100.000000, 208.792479
100.000000, 203.645701
100.000000, 198.498923
100.000000, 193.352145
100.000000, 188.205367
100.000000, 183.058588
100.000000, 177.911810
100.000000, 172.765032
100.000000, 167.618254
100.000000, 162.471476
100.000000, 157.324698
100.000000, 152.177919
100.000000, 147.031141
100.000000, 141.884363
100.000000, 136.737585
100.000000, 131.590807
100.000000, 126.444029
100.000000, 121.297251
100.000000, 116.150472
100.000000, 111.003694
100.000000, 105.856916
100.000000, 100.710138
100.000000, 95.563360
100.000000, 90.416582
100.000000, 85.269803
100.000000, 80.123025
100.000000, 74.976247
100.000000, 69.829469
100.000000, 64.682691
100.000000, 59.535913
100.000000, 54.389134
100.000000, 49.242356
100.000000, 44.095578
100.000000, 38.948800
100.000000, 33.802022
100.000000, 28.655244
100.000000, 23.508465
100.000000, 18.361687
100.000000, 13.214909
100.000000, 8.068131
100.000000, 2.921353
100.000000, 357.774575
100.000000, 352.627797
100.000000, 347.481018
100.000000, 342.334240
100.000000, 337.187462
100.000000, 332.040684
100.000000, 326.893906
100.000000, 321.747128
100.000000, 316.600349
100.000000, 311.453571
100.000000, 306.306793
100.000000, 301.160015
100.000000, 296.013237
100.000000, 290.866459
100.000000, 285.719680
100.000000, 280.572902
100.000000, 275.426124
100.000000, 270.279346
100.000000, 265.132568
100.000000, 259.985790
100.000000, 254.839011
100.000000, 249.692233
100.000000, 244.545455
100.000000, 239.398677
100.000000, 234.251899
100.000000, 229.105121
100.000000, 223.958343
100.000000, 218.811564
100.000000, 213.664786
100.000000, 208.518008
100.000000, 203.371230
100.000000, 198.224452
100.000000, 193.077674
100.000000, 187.930895
100.000000, 182.784117
100.000000, 177.637339
100.000000, 172.490561
100.000000, 167.343783
100.000000, 162.197005
100.000000, 157.050226
100.000000, 151.903448
100.000000, 146.756670
100.000000, 141.609892
100.000000, 136.463114
100.000000, 131.316336
100.000000, 126.169557
100.000000, 121.022779
100.000000, 115.876001
100.000000, 110.729223
100.000000, 105.582445
100.000000, 100.435667
100.000000, 95.288889
100.000000, 90.142110
100.000000, 84.995332
100.000000, 79.848554
100.000000, 74.701776
100.000000, 69.554998
100.000000, 64.408220
100.000000, 59.261441
100.000000, 54.114663
100.000000, 48.967885
100.000000, 43.821107
100.000000, 38.674329
100.000000, 33.527551
100.000000, 28.380772
100.000000, 23.233994
100.000000, 18.087216
100.000000, 12.940438
100.000000, 7.793660
100.000000, 2.646882
100.000000, 357.500103
100.000000, 352.353325
100.000000, 347.206547
100.000000, 342.059769
100.000000, 336.912991
100.000000, 331.766213
100.000000, 326.619435
100.000000, 321.472656
100.000000, 316.325878
100.000000, 311.179100
100.000000, 306.032322
100.000000, 300.885544
100.000000, 295.738766
100.000000, 290.591987
100.000000, 285.445209
100.000000, 280.298431
100.000000, 275.151653
100.000000, 270.004875
100.000000, 264.858097
100.000000, 259.711318
100.000000, 254.564540
100.000000, 249.417762
100.000000, 244.270984
100.000000, 239.124206
100.000000, 233.977428
100.000000, 228.830649
100.000000, 223.683871
100.000000, 218.537093
100.000000, 213.390315
100.000000, 208.243537
100.000000, 203.096759
100.000000, 197.949981
100.000000, 192.803202
100.000000, 187.656424
100.000000, 182.509646
100.000000, 177.362868
100.000000, 172.216090
100.000000, 167.069312
100.000000, 161.922533
100.000000, 156.775755
100.000000, 151.628977
100.000000, 146.482199
100.000000, 141.335421
100.000000, 136.188643
100.000000, 131.041864
100.000000, 125.895086
100.000000, 120.748308
100.000000, 115.601530
100.000000, 110.454752
100.000000, 105.307974
100.000000, 100.161195
100.000000, 95.014417
100.000000, 89.867639
100.000000, 84.720861
100.000000, 79.574083
100.000000, 74.427305
100.000000, 69.280527
100.000000, 64.133748
100.000000, 58.986970
100.000000, 53.840192
100.000000, 48.693414
100.000000, 43.546636
100.000000, 38.399858
100.000000, 33.253079
100.000000, 28.106301
100.000000, 22.959523
100.000000, 17.812745
100.000000, 12.665967
100.000000, 7.519189
100.000000, 2.372410
100.000000, 357.225632
100.000000, 352.078854
100.000000, 346.932076
100.000000, 341.785298
100.000000, 336.638520
100.000000, 331.491741
100.000000, 326.344963
100.000000, 321.198185
100.000000, 316.051407
100.000000, 310.904629
100.000000, 305.757851
100.000000, 300.611073
100.000000, 295.464294
100.000000, 290.317516
100.000000, 285.170738
100.000000, 280.023960
100.000000, 274.877182
100.000000, 269.730404
100.000000, 264.583625
100.000000, 259.436847
100.000000, 254.290069
100.000000, 249.143291
100.000000, 243.996513
100.000000, 238.849735
100.000000, 233.702956
100.000000, 228.556178
100.000000, 223.409400
100.000000, 218.262622
100.000000, 213.115844
100.000000, 207.969066
100.000000, 202.822287
100.000000, 197.675509
100.000000, 192.528731
100.000000, 187.381953
100.000000, 182.235175
100.000000, 177.088397
100.000000, 171.941619
100.000000, 166.794840
100.000000, 161.648062
100.000000, 156.501284
100.000000, 151.354506
100.000000, 146.207728
100.000000, 141.060950
100.000000, 135.914171
100.000000, 130.767393
100.000000, 125.620615
100.000000, 120.473837
100.000000, 115.327059
100.000000, 110.180281
100.000000, 105.033502
100.000000, 99.886724
100.000000, 94.739946
100.000000, 89.593168
100.000000, 84.446390
100.000000, 79.299612
100.000000, 74.152833
100.000000, 69.006055
100.000000, 63.859277
100.000000, 58.712499
100.000000, 53.565721
100.000000, 48.418943
100.000000, 43.272165
100.000000, 38.125386
100.000000, 32.978608
100.000000, 27.831830
100.000000, 22.685052
100.000000, 17.538274
100.000000, 12.391496
100.000000, 7.244717
100.000000, 2.097939
100.000000, 356.951161
100.000000, 351.804383
100.000000, 346.657605
100.000000, 341.510827
100.000000, 336.364048
100.000000, 331.217270
100.000000, 326.070492
100.000000, 320.923714
100.000000, 315.776936
100.000000, 310.630158
100.000000, 305.483379
100.000000, 300.336601
100.000000, 295.189823
100.000000, 290.043045
100.000000, 284.896267
100.000000, 279.749489
100.000000, 274.602711
100.000000, 269.455932
100.000000, 264.309154
100.000000, 259.162376
100.000000, 254.015598
100.000000, 248.868820
100.000000, 243.722042
100.000000, 238.575263
100.000000, 233.428485
100.000000, 228.281707
100.000000, 223.134929
100.000000, 217.988151
100.000000, 212.841373
100.000000, 207.694594
100.000000, 202.547816
100.000000, 197.401038
100.000000, 192.254260
100.000000, 187.107482
100.000000, 181.960704
100.000000, 176.813925
100.000000, 171.667147
100.000000, 166.520369
100.000000, 161.373591
100.000000, 156.226813
100.000000, 151.080035
100.000000, 145.933257
100.000000, 140.786478
100.000000, 135.639700
100.000000, 130.492922
100.000000, 125.346144
100.000000, 120.199366
100.000000, 115.052588
100.000000, 109.905809
100.000000, 104.759031
100.000000, 99.612253
100.000000, 94.465475
100.000000, 89.318697
100.000000, 84.171919
100.000000, 79.025140
100.000000, 73.878362
100.000000, 68.731584
100.000000, 63.584806
100.000000, 58.438028
100.000000, 53.291250
100.000000, 48.144471
100.000000, 42.997693
100.000000, 37.850915
100.000000, 32.704137
100.000000, 27.557359
100.000000, 22.410581
100.000000, 17.263803
100.000000, 12.117024
100.000000, 6.970246
100.000000, 1.823468
100.000000, 356.676690
100.000000, 351.529912
100.000000, 346.383134
100.000000, 341.236355
100.000000, 336.089577
100.000000, 330.942799
100.000000, 325.796021
100.000000, 320.649243
100.000000, 315.502465
100.000000, 310.355686
100.000000, 305.208908
100.000000, 300.062130
100.000000, 294.915352
100.000000, 289.768574
100.000000, 284.621796
100.000000, 279.475017
100.000000, 274.328239
100.000000, 269.181461
100.000000, 264.034683
100.000000, 258.887905
100.000000, 253.741127
100.000000, 248.594349
100.000000, 243.447570
100.000000, 238.300792
100.000000, 233.154014
100.000000, 228.007236
100.000000, 222.860458
100.000000, 217.713680
100.000000, 212.566901
100.000000, 207.420123
100.000000, 202.273345
100.000000, 197.126567
100.000000, 191.979789
100.000000, 186.833011
100.000000, 181.686232
100.000000, 176.539454
100.000000, 171.392676
100.000000, 166.245898
100.000000, 161.099120
100.000000, 155.952342
100.000000, 150.805563
100.000000, 145.658785
100.000000, 140.512007
100.000000, 135.365229
100.000000, 130.218451
100.000000, 125.071673
100.000000, 119.924895
100.000000, 114.778116
100.000000, 109.631338
100.000000, 104.484560
100.000000, 99.337782
100.000000, 94.191004
100.000000, 89.044226
100.000000, 83.897447
100.000000, 78.750669
100.000000, 73.603891
100.000000, 68.457113
100.000000, 63.310335
100.000000, 58.163557
100.000000, 53.016778
100.000000, 47.870000
100.000000, 42.723222
100.000000, 37.576444
100.000000, 32.429666
100.000000, 27.282888
100.000000, 22.136109
100.000000, 16.989331
100.000000, 11.842553
100.000000, 6.695775
100.000000, 1.548997
100.000000, 356.402219
100.000000, 351.255441
100.000000, 346.108662
100.000000, 340.961884
100.000000, 335.815106
100.000000, 330.668328
100.000000, 325.521550
100.000000, 320.374772
100.000000, 315.227993
100.000000, 310.081215
100.000000, 304.934437
100.000000, 299.787659
100.000000, 294.640881
100.000000, 289.494103
100.000000, 284.347324
100.000000, 279.200546
100.000000, 274.053768
100.000000, 268.906990
100.000000, 263.760212
100.000000, 258.613434
100.000000, 253.466655
100.000000, 248.319877
100.000000, 243.173099
100.000000, 238.026321
100.000000, 232.879543
100.000000, 227.732765
100.000000, 222.585987
100.000000, 217.439208
100.000000, 212.292430
100.000000, 207.145652
100.000000, 201.998874
100.000000, 196.852096
100.000000, 191.705318
100.000000, 186.558539
100.000000, 181.411761
100.000000, 176.264983
100.000000, 171.118205
100.000000, 165.971427
100.000000, 160.824649
100.000000, 155.677870
100.000000, 150.531092
100.000000, 145.384314
100.000000, 140.237536
100.000000, 135.090758
100.000000, 129.943980
100.000000, 124.797201
100.000000, 119.650423
100.000000, 114.503645
100.000000, 109.356867
100.000000, 104.210089
100.000000, 99.063311
100.000000, 93.916533
100.000000, 88.769754
100.000000, 83.622976
100.000000, 78.476198
100.000000, 73.329420
100.000000, 68.182642
100.000000, 63.035864
100.000000, 57.889085
100.000000, 52.742307
100.000000, 47.595529
100.000000, 42.448751
100.000000, 37.301973
100.000000, 32.155195
100.000000, 27.008416
100.000000, 21.861638
100.000000, 16.714860
100.000000, 11.568082
100.000000, 6.421304
100.000000, 1.274526
100.000000, 356.127747
100.000000, 350.980969
100.000000, 345.834191
100.000000, 340.687413
100.000000, 335.540635
100.000000, 330.393857
100.000000, 325.247079
100.000000, 320.100300
100.000000, 314.953522
100.000000, 309.806744
100.000000, 304.659966
100.000000, 299.513188
100.000000, 294.366410
100.000000, 289.219631
100.000000, 284.072853
100.000000, 278.926075
100.000000, 273.779297
100.000000, 268.632519
100.000000, 263.485741
100.000000, 258.338962
100.000000, 253.192184
100.000000, 248.045406
100.000000, 242.898628
100.000000, 237.751850
100.000000, 232.605072
100.000000, 227.458293
100.000000, 222.311515
100.000000, 217.164737
100.000000, 212.017959
100.000000, 206.871181
100.000000, 201.724403
100.000000, 196.577625
100.000000, 191.430846
100.000000, 186.284068
100.000000, 181.137290
100.000000, 175.990512
100.000000, 170.843734
100.000000, 165.696956
100.000000, 160.550177
100.000000, 155.403399
100.000000, 150.256621
100.000000, 145.109843
100.000000, 139.963065
100.000000, 134.816287
100.000000, 129.669508
100.000000, 124.522730
100.000000, 119.375952
100.000000, 114.229174
100.000000, 109.082396
100.000000, 103.935618
100.000000, 98.788839
100.000000, 93.642061
100.000000, 88.495283
100.000000, 83.348505
100.000000, 78.201727
100.000000, 73.054949
100.000000, 67.908171
100.000000, 62.761392
100.000000, 57.614614
100.000000, 52.467836
100.000000, 47.321058
100.000000, 42.174280
100.000000, 37.027502
100.000000, 31.880723
100.000000, 26.733945
100.000000, 21.587167
100.000000, 16.440389
100.000000, 11.293611
100.000000, 6.146833
100.000000, 1.000054
100.000000, 355.853276
100.000000, 350.706498
100.000000, 345.559720
100.000000, 340.412942
100.000000, 335.266164
100.000000, 330.119385
100.000000, 324.972607
100.000000, 319.825829
100.000000, 314.679051
100.000000, 309.532273
100.000000, 304.385495
100.000000, 299.238717
100.000000, 294.091938
100.000000, 288.945160
100.000000, 283.798382
100.000000, 278.651604
100.000000, 273.504826
100.000000, 268.358048
100.000000, 263.211269
100.000000, 258.064491
100.000000, 252.917713
100.000000, 247.770935
100.000000, 242.624157
100.000000, 237.477379
100.000000, 232.330600
100.000000, 227.183822
100.000000, 222.037044
100.000000, 216.890266
100.000000, 211.743488
100.000000, 206.596710
100.000000, 201.449931
100.000000, 196.303153
100.000000, 191.156375
100.000000, 186.009597
100.000000, 180.862819
100.000000, 175.716041
100.000000, 170.569263
100.000000, 165.422484
100.000000, 160.275706
100.000000, 155.128928
100.000000, 149.982150
100.000000, 144.835372
100.000000, 139.688594
100.000000, 134.541815
100.000000, 129.395037
100.000000, 124.248259
100.000000, 119.101481
100.000000, 113.954703
100.000000, 108.807925
100.000000, 103.661146
100.000000, 98.514368
100.000000, 93.367590
100.000000, 88.220812
100.000000, 83.074034
100.000000, 77.927256
100.000000, 72.780477
100.000000, 67.633699
100.000000, 62.486921
100.000000, 57.340143
100.000000, 52.193365
100.000000, 47.046587
100.000000, 41.899809
100.000000, 36.753030
100.000000, 31.606252
100.000000, 26.459474
100.000000, 21.312696
100.000000, 16.165918
100.000000, 11.019140
100.000000, 5.872361
100.000000, 0.725583
100.000000, 355.578805
100.000000, 350.432027
100.000000, 345.285249
100.000000, 340.138471
100.000000, 334.991692
100.000000, 329.844914
100.000000, 324.698136
100.000000, 319.551358
100.000000, 314.404580
100.000000, 309.257802
100.000000, 304.111023
100.000000, 298.964245
100.000000, 293.817467
100.000000, 288.670689
100.000000, 283.523911
100.000000, 278.377133
100.000000, 273.230355
100.000000, 268.083576
100.000000, 262.936798
100.000000, 257.790020
100.000000, 252.643242
100.000000, 247.496464
100.000000, 242.349686
100.000000, 237.202907
100.000000, 232.056129
100.000000, 226.909351
100.000000, 221.762573
100.000000, 216.615795
100.000000, 211.469017
100.000000, 206.322238
100.000000, 201.175460
100.000000, 196.028682
100.000000, 190.881904
100.000000, 185.735126
100.000000, 180.588348
100.000000, 175.441569
100.000000, 170.294791
100.000000, 165.148013
100.000000, 160.001235
100.000000, 154.854457
100.000000, 149.707679
100.000000, 144.560901
100.000000, 139.414122
100.000000, 134.267344
100.000000, 129.120566
100.000000, 123.973788
100.000000, 118.827010
100.000000, 113.680232
100.000000, 108.533453
100.000000, 103.386675
100.000000, 98.239897
100.000000, 93.093119
100.000000, 87.946341
100.000000, 82.799563
100.000000, 77.652784
100.000000, 72.506006
100.000000, 67.359228
100.000000, 62.212450
100.000000, 57.065672
100.000000, 51.918894
100.000000, 46.772115
100.000000, 41.625337
100.000000, 36.478559
100.000000, 31.331781
100.000000, 26.185003
100.000000, 21.038225
100.000000, 15.891447
100.000000, 10.744668
100.000000, 5.597890
100.000000, 0.451112
100.000000, 355.304334
100.000000, 350.157556
100.000000, 345.010778
100.000000, 339.863999
100.000000, 334.717221
100.000000, 329.570443
100.000000, 324.423665
100.000000, 319.276887
100.000000, 314.130109
100.000000, 308.983330
100.000000, 303.836552
100.000000, 298.689774
100.000000, 293.542996
100.000000, 288.396218
100.000000, 283.249440
100.000000, 278.102661
100.000000, 272.955883
100.000000, 267.809105
100.000000, 262.662327
100.000000, 257.515549
100.000000, 252.368771
100.000000, 247.221993
100.000000, 242.075214
100.000000, 236.928436
100.000000, 231.781658
100.000000, 226.634880
100.000000, 221.488102
100.000000, 216.341324
100.000000, 211.194545
100.000000, 206.047767
100.000000, 200.900989
100.000000, 195.754211
100.000000, 190.607433
100.000000, 185.460655
100.000000, 180.313876
100.000000, 175.167098
100.000000, 170.020320
100.000000, 164.873542
100.000000, 159.726764
100.000000, 154.579986
100.000000, 149.433207
100.000000, 144.286429
100.000000, 139.139651
100.000000, 133.992873
100.000000, 128.846095
100.000000, 123.699317
100.000000, 118.552539
100.000000, 113.405760
100.000000, 108.258982
100.000000, 103.112204
100.000000, 97.965426
100.000000, 92.818648
100.000000, 87.671870
100.000000, 82.525091
100.000000, 77.378313
100.000000, 72.231535
100.000000, 67.084757
100.000000, 61.937979
100.000000, 56.791201
100.000000, 51.644422
100.000000, 46.497644
100.000000, 41.350866
100.000000, 36.204088
100.000000, 31.057310
100.000000, 25.910532
100.000000, 20.763753
100.000000, 15.616975
100.000000, 10.470197
100.000000, 5.323419
100.000000, 0.176641
100.000000, 355.029863
100.000000, 349.883085
100.000000, 344.736306
100.000000, 339.589528
100.000000, 334.442750
100.000000, 329.295972
100.000000, 324.149194
100.000000, 319.002416
100.000000, 313.855637
100.000000, 308.708859
100.000000, 303.562081
100.000000, 298.415303
100.000000, 293.268525
100.000000, 288.121747
100.000000, 282.974968
100.000000, 277.828190
100.000000, 272.681412
100.000000, 267.534634
100.000000, 262.387856
100.000000, 257.241078
100.000000, 252.094299
100.000000, 246.947521
100.000000, 241.800743
100.000000, 236.653965
100.000000, 231.507187
100.000000, 226.360409
100.000000, 221.213631
100.000000, 216.066852
100.000000, 210.920074
100.000000, 205.773296
100.000000, 200.626518
100.000000, 195.479740
100.000000, 190.332962
100.000000, 185.186183
100.000000, 180.039405
100.000000, 174.892627
100.000000, 169.745849
100.000000, 164.599071
100.000000, 159.452293
100.000000, 154.305514
100.000000, 149.158736
100.000000, 144.011958
100.000000, 138.865180
100.000000, 133.718402
100.000000, 128.571624
100.000000, 123.424845
100.000000, 118.278067
100.000000, 113.131289
100.000000, 107.984511
100.000000, 102.837733
100.000000, 97.690955
100.000000, 92.544177
100.000000, 87.397398
100.000000, 82.250620
100.000000, 77.103842
100.000000, 71.957064
100.000000, 66.810286
100.000000, 61.663508
100.000000, 56.516729
100.000000, 51.369951
100.000000, 46.223173
100.000000, 41.076395
100.000000, 35.929617
100.000000, 30.782839
100.000000, 25.636060
100.000000, 20.489282
100.000000, 15.342504
100.000000, 10.195726
100.000000, 5.048948
100.000000, 359.902170
100.000000, 354.755391
100.000000, 349.608613
100.000000, 344.461835
100.000000, 339.315057
100.000000, 334.168279
100.000000, 329.021501
100.000000, 323.874723
100.000000, 318.727944
100.000000, 313.581166
100.000000, 308.434388
100.000000, 303.287610
100.000000, 298.140832
100.000000, 292.994054
100.000000, 287.847275
100.000000, 282.700497
100.000000, 277.553719
100.000000, 272.406941
100.000000, 267.260163
100.000000, 262.113385
100.000000, 256.966606
100.000000, 251.819828
100.000000, 246.673050
100.000000, 241.526272
100.000000, 236.379494
100.000000, 231.232716
100.000000, 226.085937
100.000000, 220.939159
100.000000, 215.792381
100.000000, 210.645603
100.000000, 205.498825
100.000000, 200.352047
100.000000, 195.205269
100.000000, 190.058490
100.000000, 184.911712
100.000000, 179.764934
100.000000, 174.618156
100.000000, 169.471378
100.000000, 164.324600
100.000000, 159.177821
100.000000, 154.031043
100.000000, 148.884265
100.000000, 143.737487
100.000000, 138.590709
100.000000, 133.443931
100.000000, 128.297152
100.000000, 123.150374
100.000000, 118.003596
100.000000, 112.856818
100.000000, 107.710040
100.000000, 102.563262
100.000000, 97.416483
100.000000, 92.269705
100.000000, 87.122927
100.000000, 81.976149
100.000000, 76.829371
100.000000, 71.682593
100.000000, 66.535815
100.000000, 61.389036
100.000000, 56.242258
100.000000, 51.095480
100.000000, 45.948702
100.000000, 40.801924
100.000000, 35.655146
100.000000, 30.508367
100.000000, 25.361589
100.000000, 20.214811
100.000000, 15.068033
100.000000, 9.921255
100.000000, 4.774477
100.000000, 359.627698
100.000000, 354.480920
100.000000, 349.334142
100.000000, 344.187364
100.000000, 339.040586
100.000000, 333.893808
100.000000, 328.747029
100.000000, 323.600251
100.000000, 318.453473
100.000000, 313.306695
100.000000, 308.159917
100.000000, 303.013139
100.000000, 297.866361
100.000000, 292.719582
100.000000, 287.572804
100.000000, 282.426026
100.000000, 277.279248
100.000000, 272.132470
100.000000, 266.985692
100.000000, 261.838913
100.000000, 256.692135
100.000000, 251.545357
100.000000, 246.398579
100.000000, 241.251801
100.000000, 236.105023
100.000000, 230.958244
100.000000, 225.811466
100.000000, 220.664688
100.000000, 215.517910
100.000000, 210.371132
100.000000, 205.224354
100.000000, 200.077575
100.000000, 194.930797
100.000000, 189.784019
100.000000, 184.637241
100.000000, 179.490463
100.000000, 174.343685
100.000000, 169.196907
100.000000, 164.050128
100.000000, 158.903350
100.000000, 153.756572
100.000000, 148.609794
100.000000, 143.463016
100.000000, 138.316238
100.000000, 133.169459
100.000000, 128.022681
100.000000, 122.875903
100.000000, 117.729125
100.000000, 112.582347
100.000000, 107.435569
100.000000, 102.288790
100.000000, 97.142012
100.000000, 91.995234
100.000000, 86.848456
100.000000, 81.701678
100.000000, 76.554900
100.000000, 71.408121
100.000000, 66.261343
100.000000, 61.114565
100.000000, 55.967787
100.000000, 50.821009
100.000000, 45.674231
100.000000, 40.527453
100.000000, 35.380674
100.000000, 30.233896
100.000000, 25.087118
100.000000, 19.940340
100.000000, 14.793562
100.000000, 9.646784
100.000000, 4.500005
100.000000, 359.353227
100.000000, 354.206449
100.000000, 349.059671
100.000000, 343.912893
100.000000, 338.766115
100.000000, 333.619336
100.000000, 328.472558
100.000000, 323.325780
100.000000, 318.179002
100.000000, 313.032224
100.000000, 307.885446
100.000000, 302.738667
100.000000, 297.591889
100.000000, 292.445111
100.000000, 287.298333
100.000000, 282.151555
100.000000, 277.004777
100.000000, 271.857999
100.000000, 266.711220
100.000000, 261.564442
100.000000, 256.417664
100.000000, 251.270886
100.000000, 246.124108
100.000000, 240.977330
100.000000, 235.830551
100.000000, 230.683773
100.000000, 225.536995
100.000000, 220.390217
100.000000, 215.243439
100.000000, 210.096661
100.000000, 204.949882
100.000000, 199.803104
100.000000, 194.656326
100.000000, 189.509548
100.000000, 184.362770
100.000000, 179.215992
100.000000, 174.069213
100.000000, 168.922435
100.000000, 163.775657
100.000000, 158.628879
100.000000, 153.482101
100.000000, 148.335323
100.000000, 143.188545
100.000000, 138.041766
100.000000, 132.894988
100.000000, 127.748210
100.000000, 122.601432
100.000000, 117.454654
100.000000, 112.307876
100.000000, 107.161097
100.000000, 102.014319
100.000000, 96.867541
100.000000, 91.720763
100.000000, 86.573985
100.000000, 81.427207
100.000000, 76.280428
100.000000, 71.133650
100.000000, 65.986872
100.000000, 60.840094
100.000000, 55.693316
100.000000, 50.546538
100.000000, 45.399759
100.000000, 40.252981
100.000000, 35.106203
100.000000, 29.959425
100.000000, 24.812647
100.000000, 19.665869
100.000000, 14.519091
100.000000, 9.372312
100.000000, 4.225534
100.000000, 359.078756
100.000000, 353.931978
100.000000, 348.785200
100.000000, 343.638422
100.000000, 338.491643
100.000000, 333.344865
100.000000, 328.198087
100.000000, 323.051309
100.000000, 317.904531
100.000000, 312.757753
100.000000, 307.610974
100.000000, 302.464196
100.000000, 297.317418
100.000000, 292.170640
100.000000, 287.023862
100.000000, 281.877084
100.000000, 276.730305
100.000000, 271.583527
100.000000, 266.436749
100.000000, 261.289971
100.000000, 256.143193
100.000000, 250.996415
100.000000, 245.849637
100.000000, 240.702858
100.000000, 235.556080
100.000000, 230.409302
100.000000, 225.262524
100.000000, 220.115746
100.000000, 214.968968
100.000000, 209.822189
100.000000, 204.675411
100.000000, 199.528633
100.000000, 194.381855
100.000000, 189.235077
100.000000, 184.088299
100.000000, 178.941520
100.000000, 173.794742
100.000000, 168.647964
100.000000, 163.501186
100.000000, 158.354408
100.000000, 153.207630
100.000000, 148.060851
100.000000, 142.914073
100.000000, 137.767295
100.000000, 132.620517
100.000000, 127.473739
100.000000, 122.326961
100.000000, 117.180183
100.000000, 112.033404
100.000000, 106.886626
100.000000, 101.739848
100.000000, 96.593070
100.000000, 91.446292
100.000000, 86.299514
100.000000, 81.152735
100.000000, 76.005957
100.000000, 70.859179
100.000000, 65.712401
100.000000, 60.565623
100.000000, 55.418845
100.000000, 50.272066
100.000000, 45.125288
100.000000, 39.978510
100.000000, 34.831732
100.000000, 29.684954
100.000000, 24.538176
100.000000, 19.391397
100.000000, 14.244619
100.000000, 9.097841
100.000000, 3.951063
100.000000, 358.804285
100.000000, 353.657507
100.000000, 348.510729
100.000000, 343.363950
100.000000, 338.217172
100.000000, 333.070394
100.000000, 327.923616
100.000000, 322.776838
100.000000, 317.630060
100.000000, 312.483281
100.000000, 307.336503
100.000000, 302.189725
100.000000, 297.042947
100.000000, 291.896169
100.000000, 286.749391
100.000000, 281.602612
100.000000, 276.455834
100.000000, 271.309056
100.000000, 266.162278
100.000000, 261.015500
100.000000, 255.868722
100.000000, 250.721943
100.000000, 245.575165
100.000000, 240.428387
100.000000, 235.281609
100.000000, 230.134831
100.000000, 224.988053
100.000000, 219.841275
100.000000, 214.694496
100.000000, 209.547718
100.000000, 204.400940
100.000000, 199.254162
100.000000, 194.107384
100.000000, 188.960606
100.000000, 183.813827
100.000000, 178.667049
100.000000, 173.520271
100.000000, 168.373493
100.000000, 163.226715
100.000000, 158.079937
100.000000, 152.933158
100.000000, 147.786380
100.000000, 142.639602
100.000000, 137.492824
100.000000, 132.346046
100.000000, 127.199268
100.000000, 122.052489
100.000000, 116.905711
100.000000, 111.758933
100.000000, 106.612155
100.000000, 101.465377
100.000000, 96.318599
100.000000, 91.171821
100.000000, 86.025042
100.000000, 80.878264
100.000000, 75.731486
100.000000, 70.584708
100.000000, 65.437930
100.000000, 60.291152
100.000000, 55.144373
100.000000, 49.997595
100.000000, 44.850817
100.000000, 39.704039
100.000000, 34.557261
100.000000, 29.410483
100.000000, 24.263704
100.000000, 19.116926
100.000000, 13.970148
100.000000, 8.823370
100.000000, 3.676592
100.000000, 358.529814
100.000000, 353.383035
100.000000, 348.236257
100.000000, 343.089479
100.000000, 337.942701
100.000000, 332.795923
100.000000, 327.649145
100.000000, 322.502367
100.000000, 317.355588
100.000000, 312.208810
100.000000, 307.062032
100.000000, 301.915254
100.000000, 296.768476
100.000000, 291.621698
100.000000, 286.474919
100.000000, 281.328141
100.000000, 276.181363
100.000000, 271.034585
100.000000, 265.887807
100.000000, 260.741029
100.000000, 255.594250
100.000000, 250.447472
100.000000, 245.300694
100.000000, 240.153916
100.000000, 235.007138
100.000000, 229.860360
100.000000, 224.713581
100.000000, 219.566803
100.000000, 214.420025
100.000000, 209.273247
100.000000, 204.126469
100.000000, 198.979691
100.000000, 193.832913
100.000000, 188.686134
100.000000, 183.539356
100.000000, 178.392578
100.000000, 173.245800
100.000000, 168.099022
100.000000, 162.952244
100.000000, 157.805465
100.000000, 152.658687
100.000000, 147.511909
100.000000, 142.365131
100.000000, 137.218353
100.000000, 132.071575
100.000000, 126.924796
100.000000, 121.778018
100.000000, 116.631240
100.000000, 111.484462
100.000000, 106.337684
100.000000, 101.190906
100.000000, 96.044127
100.000000, 90.897349
100.000000, 85.750571
100.000000, 80.603793
100.000000, 75.457015
100.000000, 70.310237
100.000000, 65.163459
100.000000, 60.016680
100.000000, 54.869902
100.000000, 49.723124
100.000000, 44.576346
100.000000, 39.429568
100.000000, 34.282790
100.000000, 29.136011
100.000000, 23.989233
100.000000, 18.842455
100.000000, 13.695677
100.000000, 8.548899
100.000000, 3.402121
100.000000, 358.255342
100.000000, 353.108564
100.000000, 347.961786
100.000000, 342.815008
100.000000, 337.668230
100.000000, 332.521452
100.000000, 327.374673
100.000000, 322.227895
100.000000, 317.081117
100.000000, 311.934339
100.000000, 306.787561
100.000000, 301.640783
100.000000, 296.494005
100.000000, 291.347226
100.000000, 286.200448
100.000000, 281.053670
100.000000, 275.906892
100.000000, 270.760114
100.000000, 265.613336
100.000000, 260.466557
100.000000, 255.319779
100.000000, 250.173001
100.000000, 245.026223
100.000000, 239.879445
100.000000, 234.732667
100.000000, 229.585888
100.000000, 224.439110
100.000000, 219.292332
100.000000, 214.145554
100.000000, 208.998776
100.000000, 203.851998
100.000000, 198.705219
100.000000, 193.558441
100.000000, 188.411663
100.000000, 183.264885
100.000000, 178.118107
100.000000, 172.971329
100.000000, 167.824551
100.000000, 162.677772
100.000000, 157.530994
100.000000, 152.384216
100.000000, 147.237438
100.000000, 142.090660
100.000000, 136.943882
100.000000, 131.797103
100.000000, 126.650325
100.000000, 121.503547
100.000000, 116.356769
100.000000, 111.209991
100.000000, 106.063213
100.000000, 100.916434
100.000000, 95.769656
100.000000, 90.622878
100.000000, 85.476100
100.000000, 80.329322
100.000000, 75.182544
100.000000, 70.035765
100.000000, 64.888987
100.000000, 59.742209
100.000000, 54.595431
100.000000, 49.448653
100.000000, 44.301875
100.000000, 39.155097
100.000000, 34.008318
100.000000, 28.861540
100.000000, 23.714762
100.000000, 18.567984
100.000000, 13.421206
100.000000, 8.274428
100.000000, 3.127649
100.000000, 357.980871
100.000000, 352.834093
100.000000, 347.687315
100.000000, 342.540537
100.000000, 337.393759
100.000000, 332.246980
100.000000, 327.100202
100.000000, 321.953424
100.000000, 316.806646
100.000000, 311.659868
100.000000, 306.513090
100.000000, 301.366311
100.000000, 296.219533
100.000000, 291.072755
100.000000, 285.925977
100.000000, 280.779199
100.000000, 275.632421
100.000000, 270.485643
100.000000, 265.338864
100.000000, 260.192086
100.000000, 255.045308
100.000000, 249.898530
100.000000, 244.751752
100.000000, 239.604974
100.000000, 234.458195
100.000000, 229.311417
100.000000, 224.164639
100.000000, 219.017861
100.000000, 213.871083
100.000000, 208.724305
100.000000, 203.577526
100.000000, 198.430748
100.000000, 193.283970
100.000000, 188.137192
100.000000, 182.990414
100.000000, 177.843636
100.000000, 172.696857
100.000000, 167.550079
100.000000, 162.403301
100.000000, 157.256523
100.000000, 152.109745
100.000000, 146.962967
100.000000, 141.816189
100.000000, 136.669410
100.000000, 131.522632
100.000000, 126.375854
100.000000, 121.229076
100.000000, 116.082298
100.000000, 110.935520
100.000000, 105.788741
100.000000, 100.641963
100.000000, 95.495185
100.000000, 90.348407
100.000000, 85.201629
100.000000, 80.054851
100.000000, 74.908072
100.000000, 69.761294
100.000000, 64.614516
100.000000, 59.467738
100.000000, 54.320960
100.000000, 49.174182
100.000000, 44.027403
100.000000, 38.880625
100.000000, 33.733847
100.000000, 28.587069
100.000000, 23.440291
100.000000, 18.293513
100.000000, 13.146735
100.000000, 7.999956
100.000000, 2.853178
100.000000, 357.706400
100.000000, 352.559622
100.000000, 347.412844
100.000000, 342.266066
100.000000, 337.119287
100.000000, 331.972509
100.000000, 326.825731
100.000000, 321.678953
100.000000, 316.532175
100.000000, 311.385397
100.000000, 306.238618
100.000000, 301.091840
100.000000, 295.945062
100.000000, 290.798284
100.000000, 285.651506
100.000000, 280.504728
100.000000, 275.357949
100.000000, 270.211171
100.000000, 265.064393
100.000000, 259.917615
100.000000, 254.770837
100.000000, 249.624059
100.000000, 244.477281
100.000000, 239.330502
100.000000, 234.183724
100.000000, 229.036946
100.000000, 223.890168
100.000000, 218.743390
100.000000, 213.596612
100.000000, 208.449833
100.000000, 203.303055
100.000000, 198.156277
100.000000, 193.009499
100.000000, 187.862721
100.000000, 182.715943
100.000000, 177.569164
100.000000, 172.422386
100.000000, 167.275608
100.000000, 162.128830
100.000000, 156.982052
100.000000, 151.835274
100.000000, 146.688495
100.000000, 141.541717
100.000000, 136.394939
100.000000, 131.248161
100.000000, 126.101383
100.000000, 120.954605
100.000000, 115.807827
100.000000, 110.661048
100.000000, 105.514270
100.000000, 100.367492
100.000000, 95.220714
100.000000, 90.073936
100.000000, 84.927158
100.000000, 79.780379
100.000000, 74.633601
100.000000, 69.486823
100.000000, 64.340045
100.000000, 59.193267
100.000000, 54.046489
100.000000, 48.899710
100.000000, 43.752932
100.000000, 38.606154
100.000000, 33.459376
100.000000, 28.312598
100.000000, 23.165820
100.000000, 18.019041
100.000000, 12.872263
100.000000, 7.725485
100.000000, 2.578707
100.000000, 357.431929
100.000000, 352.285151
100.000000, 347.138373
100.000000, 341.991594
100.000000, 336.844816
100.000000, 331.698038
100.000000, 326.551260
100.000000, 321.404482
100.000000, 316.257704
100.000000, 311.110925
100.000000, 305.964147
100.000000, 300.817369
100.000000, 295.670591
100.000000, 290.523813
100.000000, 285.377035
100.000000, 280.230256
100.000000, 275.083478
100.000000, 269.936700
100.000000, 264.789922
100.000000, 259.643144
100.000000, 254.496366
100.000000, 249.349587
100.000000, 244.202809
100.000000, 239.056031
100.000000, 233.909253
100.000000, 228.762475
100.000000, 223.615697
100.000000, 218.468919
100.000000, 213.322140
100.000000, 208.175362
100.000000, 203.028584
100.000000, 197.881806
100.000000, 192.735028
100.000000, 187.588250
100.000000, 182.441471
100.000000, 177.294693
100.000000, 172.147915
100.000000, 167.001137
100.000000, 161.854359
100.000000, 156.707581
100.000000, 151.560802
100.000000, 146.414024
100.000000, 141.267246
100.000000, 136.120468
100.000000, 130.973690
100.000000, 125.826912
100.000000, 120.680133
100.000000, 115.533355
100.000000, 110.386577
100.000000, 105.239799
100.000000, 100.093021
100.000000, 94.946243
100.000000, 89.799465
100.000000, 84.652686
100.000000, 79.505908
100.000000, 74.359130
100.000000, 69.212352
100.000000, 64.065574
100.000000, 58.918796
100.000000, 53.772017
100.000000, 48.625239
100.000000, 43.478461
100.000000, 38.331683
100.000000, 33.184905
100.000000, 28.038127
100.000000, 22.891348
100.000000, 17.744570
100.000000, 12.597792
100.000000, 7.451014
100.000000, 2.304236
100.000000, 357.157458
100.000000, 352.010679
100.000000, 346.863901
100.000000, 341.717123
100.000000, 336.570345
100.000000, 331.423567
100.000000, 326.276789
100.000000, 321.130011
100.000000, 315.983232
100.000000, 310.836454
100.000000, 305.689676
100.000000, 300.542898
100.000000, 295.396120
100.000000, 290.249342
100.000000, 285.102563
100.000000, 279.955785
100.000000, 274.809007
100.000000, 269.662229
100.000000, 264.515451
100.000000, 259.368673
100.000000, 254.221894
100.000000, 249.075116
100.000000, 243.928338
100.000000, 238.781560
100.000000, 233.634782
100.000000, 228.488004
100.000000, 223.341225
100.000000, 218.194447
100.000000, 213.047669
100.000000, 207.900891
100.000000, 202.754113
100.000000, 197.607335
100.000000, 192.460557
100.000000, 187.313778
100.000000, 182.167000
100.000000, 177.020222
100.000000, 171.873444
100.000000, 166.726666
100.000000, 161.579888
100.000000, 156.433109
100.000000, 151.286331
100.000000, 146.139553
100.000000, 140.992775
100.000000, 135.845997
100.000000, 130.699219
100.000000, 125.552440
100.000000, 120.405662
100.000000, 115.258884
100.000000, 110.112106
100.000000, 104.965328
100.000000, 99.818550
100.000000, 94.671771
100.000000, 89.524993
100.000000, 84.378215
100.000000, 79.231437
100.000000, 74.084659
100.000000, 68.937881
100.000000, 63.791103
100.000000, 58.644324
100.000000, 53.497546
100.000000, 48.350768
100.000000, 43.203990
100.000000, 38.057212
100.000000, 32.910434
100.000000, 27.763655
100.000000, 22.616877
100.000000, 17.470099
100.000000, 12.323321
100.000000, 7.176543
100.000000, 2.029765
100.000000, 356.882986
100.000000, 351.736208
100.000000, 346.589430
100.000000, 341.442652
100.000000, 336.295874
100.000000, 331.149096
100.000000, 326.002317
100.000000, 320.855539
100.000000, 315.708761
100.000000, 310.561983
100.000000, 305.415205
100.000000, 300.268427
100.000000, 295.121649
100.000000, 289.974870
100.000000, 284.828092
100.000000, 279.681314
100.000000, 274.534536
100.000000, 269.387758
100.000000, 264.240980
100.000000, 259.094201
100.000000, 253.947423
100.000000, 248.800645
100.000000, 243.653867
100.000000, 238.507089
100.000000, 233.360311
100.000000, 228.213532
100.000000, 223.066754
100.000000, 217.919976
100.000000, 212.773198
100.000000, 207.626420
100.000000, 202.479642
100.000000, 197.332863
100.000000, 192.186085
100.000000, 187.039307
100.000000, 181.892529
100.000000, 176.745751
100.000000, 171.598973
100.000000, 166.452195
100.000000, 161.305416
100.000000, 156.158638
100.000000, 151.011860
100.000000, 145.865082
100.000000, 140.718304
100.000000, 135.571526
100.000000, 130.424747
100.000000, 125.277969
100.000000, 120.131191
100.000000, 114.984413
100.000000, 109.837635
100.000000, 104.690857
100.000000, 99.544078
100.000000, 94.397300
100.000000, 89.250522
100.000000, 84.103744
100.000000, 78.956966
100.000000, 73.810188
100.000000, 68.663409
100.000000, 63.516631
100.000000, 58.369853
100.000000, 53.223075
100.000000, 48.076297
100.000000, 42.929519
100.000000, 37.782741
100.000000, 32.635962
100.000000, 27.489184
100.000000, 22.342406
100.000000, 17.195628
100.000000, 12.048850
100.000000, 6.902072
100.000000, 1.755293
100.000000, 356.608515
100.000000, 351.461737
100.000000, 346.314959
100.000000, 341.168181
100.000000, 336.021403
100.000000, 330.874624
100.000000, 325.727846
100.000000, 320.581068
100.000000, 315.434290
100.000000, 310.287512
100.000000, 305.140734
100.000000, 299.993955
100.000000, 294.847177
100.000000, 289.700399
100.000000, 284.553621
100.000000, 279.406843
100.000000, 274.260065
100.000000, 269.113287
100.000000, 263.966508
100.000000, 258.819730
100.000000, 253.672952
100.000000, 248.526174
100.000000, 243.379396
100.000000, 238.232618
100.000000, 233.085839
100.000000, 227.939061
100.000000, 222.792283
100.000000, 217.645505
100.000000, 212.498727
100.000000, 207.351949
100.000000, 202.205170
100.000000, 197.058392
100.000000, 191.911614
100.000000, 186.764836
100.000000, 181.618058
100.000000, 176.471280
100.000000, 171.324501
100.000000, 166.177723
100.000000, 161.030945
100.000000, 155.884167
100.000000, 150.737389
100.000000, 145.590611
100.000000, 140.443833
100.000000, 135.297054
100.000000, 130.150276
100.000000, 125.003498
100.000000, 119.856720
100.000000, 114.709942
100.000000, 109.563164
100.000000, 104.416385
100.000000, 99.269607
100.000000, 94.122829
100.000000, 88.976051
100.000000, 83.829273
100.000000, 78.682495
100.000000, 73.535716
100.000000, 68.388938
100.000000, 63.242160
100.000000, 58.095382
100.000000, 52.948604
100.000000, 47.801826
100.000000, 42.655047
100.000000, 37.508269
100.000000, 32.361491
100.000000, 27.214713
100.000000, 22.067935
100.000000, 16.921157
100.000000, 11.774379
100.000000, 6.627600
100.000000, 1.480822
100.000000, 356.334044
100.000000, 351.187266
100.000000, 346.040488
100.000000, 340.893710
100.000000, 335.746931
100.000000, 330.600153
100.000000, 325.453375
100.000000, 320.306597
100.000000, 315.159819
100.000000, 310.013041
100.000000, 304.866262
100.000000, 299.719484
100.000000, 294.572706
100.000000, 289.425928
100.000000, 284.279150
100.000000, 279.132372
100.000000, 273.985593
100.000000, 268.838815
100.000000, 263.692037
100.000000, 258.545259
100.000000, 253.398481
100.000000, 248.251703
100.000000, 243.104925
100.000000, 237.958146
100.000000, 232.811368
100.000000, 227.664590
100.000000, 222.517812
100.000000, 217.371034
100.000000, 212.224256
100.000000, 207.077477
100.000000, 201.930699
100.000000, 196.783921
100.000000, 191.637143
100.000000, 186.490365
100.000000, 181.343587
100.000000, 176.196808
100.000000, 171.050030
100.000000, 165.903252
100.000000, 160.756474
100.000000, 155.609696
100.000000, 150.462918
100.000000, 145.316139
100.000000, 140.169361
100.000000, 135.022583
100.000000, 129.875805
100.000000, 124.729027
100.000000, 119.582249
100.000000, 114.435471
100.000000, 109.288692
100.000000, 104.141914
100.000000, 98.995136
100.000000, 93.848358
100.000000, 88.701580
100.000000, 83.554802
100.000000, 78.408023
100.000000, 73.261245
100.000000, 68.114467
100.000000, 62.967689
100.000000, 57.820911
100.000000, 52.674133
100.000000, 47.527354
100.000000, 42.380576
100.000000, 37.233798
100.000000, 32.087020
100.000000, 26.940242
100.000000, 21.793464
100.000000, 16.646685
100.000000, 11.499907
100.000000, 6.353129
100.000000, 1.206351
100.000000, 356.059573
100.000000, 350.912795
100.000000, 345.766017
100.000000, 340.619238
100.000000, 335.472460
100.000000, 330.325682
100.000000, 325.178904
100.000000, 320.032126
100.000000, 314.885348
100.000000, 309.738569
100.000000, 304.591791
100.000000, 299.445013
100.000000, 294.298235
100.000000, 289.151457
100.000000, 284.004679
100.000000, 278.857900
100.000000, 273.711122
100.000000, 268.564344
100.000000, 263.417566
100.000000, 258.270788
100.000000, 253.124010
100.000000, 247.977231
100.000000, 242.830453
100.000000, 237.683675
100.000000, 232.536897
100.000000, 227.390119
100.000000, 222.243341
100.000000, 217.096563
100.000000, 211.949784
100.000000, 206.803006
100.000000, 201.656228
100.000000, 196.509450
100.000000, 191.362672
100.000000, 186.215894
100.000000, 181.069115
100.000000, 175.922337
100.000000, 170.775559
100.000000, 165.628781
100.000000, 160.482003
100.000000, 155.335225
100.000000, 150.188446
100.000000, 145.041668
100.000000, 139.894890
100.000000, 134.748112
100.000000, 129.601334
100.000000, 124.454556
100.000000, 119.307777
100.000000, 114.160999
100.000000, 109.014221
100.000000, 103.867443
100.000000, 98.720665
100.000000, 93.573887
100.000000, 88.427109
100.000000, 83.280330
100.000000, 78.133552
100.000000, 72.986774
100.000000, 67.839996
100.000000, 62.693218
100.000000, 57.546440
100.000000, 52.399661
100.000000, 47.252883
100.000000, 42.106105
100.000000, 36.959327
100.000000, 31.812549
100.000000, 26.665771
100.000000, 21.518992
100.000000, 16.372214
100.000000, 11.225436
100.000000, 6.078658
100.000000, 0.931880
100.000000, 355.785102
100.000000, 350.638323
100.000000, 345.491545
100.000000, 340.344767
100.000000, 335.197989
100.000000, 330.051211
100.000000, 324.904433
100.000000, 319.757655
100.000000, 314.610876
100.000000, 309.464098
100.000000, 304.317320
100.000000, 299.170542
100.000000, 294.023764
100.000000, 288.876986
100.000000, 283.730207
100.000000, 278.583429
100.000000, 273.436651
100.000000, 268.289873
100.000000, 263.143095
100.000000, 257.996317
100.000000, 252.849538
100.000000, 247.702760
100.000000, 242.555982
100.000000, 237.409204
100.000000, 232.262426
100.000000, 227.115648
100.000000, 221.968869
100.000000, 216.822091
100.000000, 211.675313
100.000000, 206.528535
100.000000, 201.381757
100.000000, 196.234979
100.000000, 191.088201
100.000000, 185.941422
100.000000, 180.794644
100.000000, 175.647866
100.000000, 170.501088
100.000000, 165.354310
100.000000, 160.207532
100.000000, 155.060753
100.000000, 149.913975
100.000000, 144.767197
100.000000, 139.620419
100.000000, 134.473641
100.000000, 129.326863
100.000000, 124.180084
100.000000, 119.033306
100.000000, 113.886528
100.000000, 108.739750
100.000000, 103.592972
100.000000, 98.446194
100.000000, 93.299415
100.000000, 88.152637
100.000000, 83.005859
100.000000, 77.859081
100.000000, 72.712303
100.000000, 67.565525
100.000000, 62.418747
100.000000, 57.271968
100.000000, 52.125190
100.000000, 46.978412
100.000000, 41.831634
100.000000, 36.684856
100.000000, 31.538078
100.000000, 26.391299
100.000000, 21.244521
100.000000, 16.097743
100.000000, 10.950965
100.000000, 5.804187
100.000000, 0.657409
100.000000, 355.510630
100.000000, 350.363852
100.000000, 345.217074
100.000000, 340.070296
100.000000, 334.923518
100.000000, 329.776740
100.000000, 324.629961
100.000000, 319.483183
100.000000, 314.336405
100.000000, 309.189627
100.000000, 304.042849
100.000000, 298.896071
100.000000, 293.749293
100.000000, 288.602514
100.000000, 283.455736
100.000000, 278.308958
100.000000, 273.162180
100.000000, 268.015402
100.000000, 262.868624
100.000000, 257.721845
100.000000, 252.575067
100.000000, 247.428289
100.000000, 242.281511
100.000000, 237.134733
100.000000, 231.987955
100.000000, 226.841176
100.000000, 221.694398
100.000000, 216.547620
100.000000, 211.400842
100.000000, 206.254064
100.000000, 201.107286
100.000000, 195.960507
100.000000, 190.813729
100.000000, 185.666951
100.000000, 180.520173
100.000000, 175.373395
100.000000, 170.226617
100.000000, 165.079839
100.000000, 159.933060
100.000000, 154.786282
100.000000, 149.639504
100.000000, 144.492726
100.000000, 139.345948
100.000000, 134.199170
100.000000, 129.052391
100.000000, 123.905613
100.000000, 118.758835
100.000000, 113.612057
100.000000, 108.465279
100.000000, 103.318501
100.000000, 98.171722
100.000000, 93.024944
100.000000, 87.878166
100.000000, 82.731388
100.000000, 77.584610
100.000000, 72.437832
100.000000, 67.291053
100.000000, 62.144275
100.000000, 56.997497
100.000000, 51.850719
100.000000, 46.703941
100.000000, 41.557163
100.000000, 36.410385
100.000000, 31.263606
100.000000, 26.116828
100.000000, 20.970050
100.000000, 15.823272
100.000000, 10.676494
100.000000, 5.529716
100.000000, 0.382937
100.000000, 355.236159
100.000000, 350.089381
100.000000, 344.942603
100.000000, 339.795825
100.000000, 334.649047
100.000000, 329.502268
100.000000, 324.355490
100.000000, 319.208712
100.000000, 314.061934
100.000000, 308.915156
100.000000, 303.768378
100.000000, 298.621599
100.000000, 293.474821
100.000000, 288.328043
100.000000, 283.181265
100.000000, 278.034487
100.000000, 272.887709
100.000000, 267.740931
100.000000, 262.594152
100.000000, 257.447374
100.000000, 252.300596
100.000000, 247.153818
100.000000, 242.007040
100.000000, 236.860262
100.000000, 231.713483
100.000000, 226.566705
100.000000, 221.419927
100.000000, 216.273149
100.000000, 211.126371
100.000000, 205.979593
100.000000, 200.832814
100.000000, 195.686036
100.000000, 190.539258
100.000000, 185.392480
100.000000, 180.245702
100.000000, 175.098924
100.000000, 169.952145
100.000000, 164.805367
100.000000, 159.658589
100.000000, 154.511811
100.000000, 149.365033
100.000000, 144.218255
100.000000, 139.071477
100.000000, 133.924698
100.000000, 128.777920
100.000000, 123.631142
100.000000, 118.484364
100.000000, 113.337586
100.000000, 108.190808
100.000000, 103.044029
100.000000, 97.897251
100.000000, 92.750473
100.000000, 87.603695
100.000000, 82.456917
100.000000, 77.310139
100.000000, 72.163360
100.000000, 67.016582
100.000000, 61.869804
100.000000, 56.723026
100.000000, 51.576248
100.000000, 46.429470
100.000000, 41.282691
100.000000, 36.135913
100.000000, 30.989135
100.000000, 25.842357
100.000000, 20.695579
100.000000, 15.548801
100.000000, 10.402023
100.000000, 5.255244
100.000000, 0.108466
100.000000, 354.961688
100.000000, 349.814910
100.000000, 344.668132
100.000000, 339.521354
100.000000, 334.374575
100.000000, 329.227797
100.000000, 324.081019
100.000000, 318.934241
100.000000, 313.787463
100.000000, 308.640685
100.000000, 303.493906
100.000000, 298.347128
100.000000, 293.200350
100.000000, 288.053572
100.000000, 282.906794
100.000000, 277.760016
100.000000, 272.613237
100.000000, 267.466459
100.000000, 262.319681
100.000000, 257.172903
100.000000, 252.026125
100.000000, 246.879347
100.000000, 241.732569
100.000000, 236.585790
100.000000, 231.439012
100.000000, 226.292234
100.000000, 221.145456
100.000000, 215.998678
100.000000, 210.851900
100.000000, 205.705121
100.000000, 200.558343
100.000000, 195.411565
100.000000, 190.264787
100.000000, 185.118009
100.000000, 179.971231
100.000000, 174.824452
100.000000, 169.677674
100.000000, 164.530896
100.000000, 159.384118
100.000000, 154.237340
100.000000, 149.090562
100.000000, 143.943783
100.000000, 138.797005
100.000000, 133.650227
100.000000, 128.503449
100.000000, 123.356671
100.000000, 118.209893
100.000000, 113.063115
100.000000, 107.916336
100.000000, 102.769558
100.000000, 97.622780
100.000000, 92.476002
100.000000, 87.329224
100.000000, 82.182446
100.000000, 77.035667
100.000000, 71.888889
100.000000, 66.742111
100.000000, 61.595333
100.000000, 56.448555
100.000000, 51.301777
100.000000, 46.154998
100.000000, 41.008220
100.000000, 35.861442
100.000000, 30.714664
100.000000, 25.567886
100.000000, 20.421108
100.000000, 15.274329
100.000000, 10.127551
100.000000, 4.980773
100.000000, 359.833995
100.000000, 354.687217
100.000000, 349.540439
100.000000, 344.393661
100.000000, 339.246882
100.000000, 334.100104
100.000000, 328.953326
100.000000, 323.806548
100.000000, 318.659770
100.000000, 313.512992
100.000000, 308.366213
100.000000, 303.219435
100.000000, 298.072657
100.000000, 292.925879
100.000000, 287.779101
100.000000, 282.632323
100.000000, 277.485544
100.000000, 272.338766
100.000000, 267.191988
100.000000, 262.045210
100.000000, 256.898432
100.000000, 251.751654
100.000000, 246.604875
100.000000, 241.458097
100.000000, 236.311319
100.000000, 231.164541
100.000000, 226.017763
100.000000, 220.870985
100.000000, 215.724207
100.000000, 210.577428
100.000000, 205.430650
100.000000, 200.283872
100.000000, 195.137094
100.000000, 189.990316
100.000000, 184.843538
100.000000, 179.696759
100.000000, 174.549981
100.000000, 169.403203
100.000000, 164.256425
100.000000, 159.109647
100.000000, 153.962869
100.000000, 148.816090
100.000000, 143.669312
100.000000, 138.522534
100.000000, 133.375756
100.000000, 128.228978
100.000000, 123.082200
100.000000, 117.935421
100.000000, 112.788643
100.000000, 107.641865
100.000000, 102.495087
100.000000, 97.348309
100.000000, 92.201531
100.000000, 87.054753
100.000000, 81.907974
100.000000, 76.761196
100.000000, 71.614418
100.000000, 66.467640
100.000000, 61.320862
100.000000, 56.174084
100.000000, 51.027305
100.000000, 45.880527
100.000000, 40.733749
100.000000, 35.586971
100.000000, 30.440193
100.000000, 25.293415
100.000000, 20.146636
100.000000, 14.999858
100.000000, 9.853080
100.000000, 4.706302
100.000000, 359.559524
100.000000, 354.412746
100.000000, 349.265967
100.000000, 344.119189
100.000000, 338.972411
100.000000, 333.825633
100.000000, 328.678855
100.000000, 323.532077
100.000000, 318.385299
100.000000, 313.238520
100.000000, 308.091742
100.000000, 302.944964
100.000000, 297.798186
100.000000, 292.651408
100.000000, 287.504630
100.000000, 282.357851
100.000000, 277.211073
100.000000, 272.064295
100.000000, 266.917517
100.000000, 261.770739
100.000000, 256.623961
100.000000, 251.477182
100.000000, 246.330404
100.000000, 241.183626
100.000000, 236.036848
100.000000, 230.890070
100.000000, 225.743292
100.000000, 220.596513
100.000000, 215.449735
100.000000, 210.302957
100.000000, 205.156179
100.000000, 200.009401
100.000000, 194.862623
100.000000, 189.715845
100.000000, 184.569066
100.000000, 179.422288
100.000000, 174.275510
100.000000, 169.128732
100.000000, 163.981954
100.000000, 158.835176
100.000000, 153.688397
100.000000, 148.541619
100.000000, 143.394841
100.000000, 138.248063
100.000000, 133.101285
100.000000, 127.954507
100.000000, 122.807728
100.000000, 117.660950
100.000000, 112.514172
100.000000, 107.367394
100.000000, 102.220616
100.000000, 97.073838
100.000000, 91.927059
100.000000, 86.780281
100.000000, 81.633503
100.000000, 76.486725
100.000000, 71.339947
100.000000, 66.193169
100.000000, 61.046391
100.000000, 55.899612
100.000000, 50.752834
100.000000, 45.606056
100.000000, 40.459278
100.000000, 35.312500
100.000000, 30.165722
100.000000, 25.018943
100.000000, 19.872165
100.000000, 14.725387
100.000000, 9.578609
100.000000, 4.431831
100.000000, 359.285053
100.000000, 354.138274
100.000000, 348.991496
100.000000, 343.844718
100.000000, 338.697940
100.000000, 333.551162
100.000000, 328.404384
100.000000, 323.257605
100.000000, 318.110827
100.000000, 312.964049
100.000000, 307.817271
100.000000, 302.670493
100.000000, 297.523715
100.000000, 292.376937
100.000000, 287.230158
100.000000, 282.083380
100.000000, 276.936602
100.000000, 271.789824
100.000000, 266.643046
100.000000, 261.496268
100.000000, 256.349489
100.000000, 251.202711
100.000000, 246.055933
100.000000, 240.909155
100.000000, 235.762377
100.000000, 230.615599
100.000000, 225.468820
100.000000, 220.322042
100.000000, 215.175264
100.000000, 210.028486
100.000000, 204.881708
100.000000, 199.734930
100.000000, 194.588151
100.000000, 189.441373
100.000000, 184.294595
100.000000, 179.147817
100.000000, 174.001039
100.000000, 168.854261
100.000000, 163.707483
100.000000, 158.560704
100.000000, 153.413926
100.000000, 148.267148
100.000000, 143.120370
100.000000, 137.973592
100.000000, 132.826814
100.000000, 127.680035
100.000000, 122.533257
100.000000, 117.386479
100.000000, 112.239701
100.000000, 107.092923
100.000000, 101.946145
100.000000, 96.799366
100.000000, 91.652588
100.000000, 86.505810
100.000000, 81.359032
100.000000, 76.212254
100.000000, 71.065476
100.000000, 65.918697
100.000000, 60.771919
100.000000, 55.625141
100.000000, 50.478363
100.000000, 45.331585
100.000000, 40.184807
100.000000, 35.038029
100.000000, 29.891250
100.000000, 24.744472
100.000000, 19.597694
100.000000, 14.450916
100.000000, 9.304138
100.000000, 4.157360
100.000000, 359.010581
100.000000, 353.863803
100.000000, 348.717025
100.000000, 343.570247
100.000000, 338.423469
100.000000, 333.276691
100.000000, 328.129912
100.000000, 322.983134
100.000000, 317.836356
100.000000, 312.689578
100.000000, 307.542800
100.000000, 302.396022
100.000000, 297.249243
100.000000, 292.102465
100.000000, 286.955687
100.000000, 281.808909
100.000000, 276.662131
100.000000, 271.515353
100.000000, 266.368575
100.000000, 261.221796
100.000000, 256.075018
100.000000, 250.928240
100.000000, 245.781462
100.000000, 240.634684
100.000000, 235.487906
100.000000, 230.341127
100.000000, 225.194349
100.000000, 220.047571
100.000000, 214.900793
100.000000, 209.754015
100.000000, 204.607237
100.000000, 199.460458
100.000000, 194.313680
100.000000, 189.166902
100.000000, 184.020124
100.000000, 178.873346
100.000000, 173.726568
100.000000, 168.579789
100.000000, 163.433011
100.000000, 158.286233
100.000000, 153.139455
100.000000, 147.992677
100.000000, 142.845899
100.000000, 137.699121
100.000000, 132.552342
100.000000, 127.405564
100.000000, 122.258786
100.000000, 117.112008
100.000000, 111.965230
100.000000, 106.818452
100.000000, 101.671673
100.000000, 96.524895
100.000000, 91.378117
100.000000, 86.231339
100.000000, 81.084561
100.000000, 75.937783
100.000000, 70.791004
100.000000, 65.644226
100.000000, 60.497448
100.000000, 55.350670
100.000000, 50.203892
100.000000, 45.057114
100.000000, 39.910335
100.000000, 34.763557
100.000000, 29.616779
100.000000, 24.470001
100.000000, 19.323223
100.000000, 14.176445
100.000000, 9.029667
100.000000, 3.882888
100.000000, 358.736110
100.000000, 353.589332
100.000000, 348.442554
100.000000, 343.295776
100.000000, 338.148998
100.000000, 333.002219
100.000000, 327.855441
100.000000, 322.708663
100.000000, 317.561885
100.000000, 312.415107
100.000000, 307.268329
100.000000, 302.121550
100.000000, 296.974772
100.000000, 291.827994
100.000000, 286.681216
100.000000, 281.534438
100.000000, 276.387660
100.000000, 271.240881
100.000000, 266.094103
100.000000, 260.947325
100.000000, 255.800547
100.000000, 250.653769
100.000000, 245.506991
100.000000, 240.360213
100.000000, 235.213434
100.000000, 230.066656
100.000000, 224.919878
100.000000, 219.773100
100.000000, 214.626322
100.000000, 209.479544
100.000000, 204.332765
100.000000, 199.185987
100.000000, 194.039209
100.000000, 188.892431
100.000000, 183.745653
100.000000, 178.598875
100.000000, 173.452096
100.000000, 168.305318
100.000000, 163.158540
100.000000, 158.011762
100.000000, 152.864984
100.000000, 147.718206
100.000000, 142.571427
100.000000, 137.424649
100.000000, 132.277871
100.000000, 127.131093
100.000000, 121.984315
100.000000, 116.837537
100.000000, 111.690759
100.000000, 106.543980
100.000000, 101.397202
100.000000, 96.250424
100.000000, 91.103646
100.000000, 85.956868
100.000000, 80.810090
100.000000, 75.663311
100.000000, 70.516533
100.000000, 65.369755
100.000000, 60.222977
100.000000, 55.076199
100.000000, 49.929421
100.000000, 44.782642
100.000000, 39.635864
100.000000, 34.489086
100.000000, 29.342308
100.000000, 24.195530
100.000000, 19.048752
100.000000, 13.901973
100.000000, 8.755195
100.000000, 3.608417
100.000000, 358.461639
100.000000, 353.314861
100.000000, 348.168083
100.000000, 343.021305
100.000000, 337.874526
100.000000, 332.727748
100.000000, 327.580970
100.000000, 322.434192
100.000000, 317.287414
100.000000, 312.140636
100.000000, 306.993857
100.000000, 301.847079
100.000000, 296.700301
100.000000, 291.553523
100.000000, 286.406745
100.000000, 281.259967
100.000000, 276.113188
100.000000, 270.966410
100.000000, 265.819632
100.000000, 260.672854
100.000000, 255.526076
100.000000, 250.379298
100.000000, 245.232519
100.000000, 240.085741
100.000000, 234.938963
100.000000, 229.792185
100.000000, 224.645407
100.000000, 219.498629
100.000000, 214.351851
100.000000, 209.205072
100.000000, 204.058294
100.000000, 198.911516
100.000000, 193.764738
100.000000, 188.617960
100.000000, 183.471182
100.000000, 178.324403
100.000000, 173.177625
100.000000, 168.030847
100.000000, 162.884069
100.000000, 157.737291
100.000000, 152.590513
100.000000, 147.443734
100.000000, 142.296956
100.000000, 137.150178
100.000000, 132.003400
100.000000, 126.856622
100.000000, 121.709844
100.000000, 116.563065
100.000000, 111.416287
100.000000, 106.269509
100.000000, 101.122731
100.000000, 95.975953
100.000000, 90.829175
100.000000, 85.682397
100.000000, 80.535618
100.000000, 75.388840
100.000000, 70.242062
100.000000, 65.095284
100.000000, 59.948506
100.000000, 54.801728
100.000000, 49.654949
100.000000, 44.508171
100.000000, 39.361393
100.000000, 34.214615
100.000000, 29.067837
100.000000, 23.921059
100.000000, 18.774280
100.000000, 13.627502
100.000000, 8.480724
100.000000, 3.333946
100.000000, 358.187168
100.000000, 353.040390
100.000000, 347.893611
100.000000, 342.746833
100.000000, 337.600055
100.000000, 332.453277
100.000000, 327.306499
100.000000, 322.159721
100.000000, 317.012943
100.000000, 311.866164
100.000000, 306.719386
100.000000, 301.572608
100.000000, 296.425830
100.000000, 291.279052
100.000000, 286.132274
100.000000, 280.985495
100.000000, 275.838717
100.000000, 270.691939
100.000000, 265.545161
100.000000, 260.398383
100.000000, 255.251605
100.000000, 250.104826
100.000000, 244.958048
100.000000, 239.811270
100.000000, 234.664492
100.000000, 229.517714
100.000000, 224.370936
100.000000, 219.224157
100.000000, 214.077379
100.000000, 208.930601
100.000000, 203.783823
100.000000, 198.637045
100.000000, 193.490267
100.000000, 188.343489
100.000000, 183.196710
100.000000, 178.049932
100.000000, 172.903154
100.000000, 167.756376
100.000000, 162.609598
100.000000, 157.462820
100.000000, 152.316041
100.000000, 147.169263
100.000000, 142.022485
100.000000, 136.875707
100.000000, 131.728929
100.000000, 126.582151
100.000000, 121.435372
100.000000, 116.288594
100.000000, 111.141816
100.000000, 105.995038
100.000000, 100.848260
100.000000, 95.701482
100.000000, 90.554703
100.000000, 85.407925
100.000000, 80.261147
100.000000, 75.114369
100.000000, 69.967591
100.000000, 64.820813
100.000000, 59.674035
100.000000, 54.527256
100.000000, 49.380478
100.000000, 44.233700
100.000000, 39.086922
100.000000, 33.940144
100.000000, 28.793366
100.000000, 23.646587
100.000000, 18.499809
100.000000, 13.353031
100.000000, 8.206253
100.000000, 3.059475
100.000000, 357.912697
100.000000, 352.765918
100.000000, 347.619140
100.000000, 342.472362
100.000000, 337.325584
100.000000, 332.178806
100.000000, 327.032028
100.000000, 321.885249
100.000000, 316.738471
100.000000, 311.591693
100.000000, 306.444915
100.000000, 301.298137
100.000000, 296.151359
100.000000, 291.004581
100.000000, 285.857802
100.000000, 280.711024
100.000000, 275.564246
100.000000, 270.417468
100.000000, 265.270690
100.000000, 260.123912
100.000000, 254.977133
100.000000, 249.830355
100.000000, 244.683577
100.000000, 239.536799
100.000000, 234.390021
100.000000, 229.243243
100.000000, 224.096464
100.000000, 218.949686
100.000000, 213.802908
100.000000, 208.656130
100.000000, 203.509352
100.000000, 198.362574
100.000000, 193.215795
100.000000, 188.069017
100.000000, 182.922239
100.000000, 177.775461
100.000000, 172.628683
100.000000, 167.481905
100.000000, 162.335127
100.000000, 157.188348
100.000000, 152.041570
100.000000, 146.894792
100.000000, 141.748014
100.000000, 136.601236
100.000000, 131.454458
100.000000, 126.307679
100.000000, 121.160901
100.000000, 116.014123
100.000000, 110.867345
100.000000, 105.720567
100.000000, 100.573789
100.000000, 95.427010
100.000000, 90.280232
100.000000, 85.133454
100.000000, 79.986676
100.000000, 74.839898
100.000000, 69.693120
100.000000, 64.546341
100.000000, 59.399563
100.000000, 54.252785
100.000000, 49.106007
100.000000, 43.959229
100.000000, 38.812451
100.000000, 33.665673
100.000000, 28.518894
100.000000, 23.372116
100.000000, 18.225338
100.000000, 13.078560
100.000000, 7.931782
100.000000, 2.785004
100.000000, 357.638225
100.000000, 352.491447
100.000000, 347.344669
100.000000, 342.197891
100.000000, 337.051113
100.000000, 331.904335
100.000000, 326.757556
100.000000, 321.610778
100.000000, 316.464000
100.000000, 311.317222
100.000000, 306.170444
100.000000, 301.023666
100.000000, 295.876887
100.000000, 290.730109
100.000000, 285.583331
100.000000, 280.436553
100.000000, 275.289775
100.000000, 270.142997
100.000000, 264.996219
100.000000, 259.849440
100.000000, 254.702662
100.000000, 249.555884
100.000000, 244.409106
100.000000, 239.262328
100.000000, 234.115550
100.000000, 228.968771
100.000000, 223.821993
100.000000, 218.675215
100.000000, 213.528437
100.000000, 208.381659
100.000000, 203.234881
100.000000, 198.088102
100.000000, 192.941324
100.000000, 187.794546
100.000000, 182.647768
100.000000, 177.500990
100.000000, 172.354212
100.000000, 167.207433
100.000000, 162.060655
100.000000, 156.913877
100.000000, 151.767099
100.000000, 146.620321
100.000000, 141.473543
100.000000, 136.326765
100.000000, 131.179986
100.000000, 126.033208
100.000000, 120.886430
100.000000, 115.739652
100.000000, 110.592874
100.000000, 105.446096
100.000000, 100.299317
100.000000, 95.152539
100.000000, 90.005761
100.000000, 84.858983
100.000000, 79.712205
100.000000, 74.565427
100.000000, 69.418648
100.000000, 64.271870
100.000000, 59.125092
100.000000, 53.978314
100.000000, 48.831536
100.000000, 43.684758
100.000000, 38.537979
100.000000, 33.391201
100.000000, 28.244423
100.000000, 23.097645
100.000000, 17.950867
100.000000, 12.804089
100.000000, 7.657311
100.000000, 2.510532
100.000000, 357.363754
100.000000, 352.216976
100.000000, 347.070198
100.000000, 341.923420
100.000000, 336.776642
100.000000, 331.629863
100.000000, 326.483085
100.000000, 321.336307
100.000000, 316.189529
100.000000, 311.042751
100.000000, 305.895973
100.000000, 300.749194
100.000000, 295.602416
100.000000, 290.455638
100.000000, 285.308860
100.000000, 280.162082
100.000000, 275.015304
100.000000, 269.868525
100.000000, 264.721747
100.000000, 259.574969
100.000000, 254.428191
100.000000, 249.281413
100.000000, 244.134635
100.000000, 238.987857
100.000000, 233.841078
100.000000, 228.694300
100.000000, 223.547522
100.000000, 218.400744
100.000000, 213.253966
100.000000, 208.107188
100.000000, 202.960409
100.000000, 197.813631
100.000000, 192.666853
100.000000, 187.520075
100.000000, 182.373297
100.000000, 177.226519
100.000000, 172.079740
100.000000, 166.932962
100.000000, 161.786184
100.000000, 156.639406
100.000000, 151.492628
100.000000, 146.345850
100.000000, 141.199071
100.000000, 136.052293
100.000000, 130.905515
100.000000, 125.758737
100.000000, 120.611959
100.000000, 115.465181
100.000000, 110.318403
100.000000, 105.171624
100.000000, 100.024846
100.000000, 94.878068
100.000000, 89.731290
100.000000, 84.584512
100.000000, 79.437734
100.000000, 74.290955
100.000000, 69.144177
100.000000, 63.997399
100.000000, 58.850621
100.000000, 53.703843
100.000000, 48.557065
100.000000, 43.410286
100.000000, 38.263508
100.000000, 33.116730
100.000000, 27.969952
100.000000, 22.823174
100.000000, 17.676396
100.000000, 12.529617
100.000000, 7.382839
100.000000, 2.236061
100.000000, 357.089283
100.000000, 351.942505
100.000000, 346.795727
100.000000, 341.648949
100.000000, 336.502170
100.000000, 331.355392
100.000000, 326.208614
100.000000, 321.061836
100.000000, 315.915058
100.000000, 310.768280
100.000000, 305.621501
100.000000, 300.474723
100.000000, 295.327945
100.000000, 290.181167
100.000000, 285.034389
100.000000, 279.887611
100.000000, 274.740832
100.000000, 269.594054
100.000000, 264.447276
100.000000, 259.300498
100.000000, 254.153720
100.000000, 249.006942
100.000000, 243.860163
100.000000, 238.713385
100.000000, 233.566607
100.000000, 228.419829
100.000000, 223.273051
100.000000, 218.126273
100.000000, 212.979495
100.000000, 207.832716
100.000000, 202.685938
100.000000, 197.539160
100.000000, 192.392382
100.000000, 187.245604
100.000000, 182.098826
100.000000, 176.952047
100.000000, 171.805269
100.000000, 166.658491
100.000000, 161.511713
100.000000, 156.364935
100.000000, 151.218157
100.000000, 146.071378
100.000000, 140.924600
100.000000, 135.777822
100.000000, 130.631044
100.000000, 125.484266
100.000000, 120.337488
100.000000, 115.190709
100.000000, 110.043931
100.000000, 104.897153
100.000000, 99.750375
100.000000, 94.603597
100.000000, 89.456819
100.000000, 84.310041
100.000000, 79.163262
100.000000, 74.016484
100.000000, 68.869706
100.000000, 63.722928
100.000000, 58.576150
100.000000, 53.429372
100.000000, 48.282593
100.000000, 43.135815
100.000000, 37.989037
100.000000, 32.842259
100.000000, 27.695481
100.000000, 22.548703
100.000000, 17.401924
100.000000, 12.255146
100.000000, 7.108368
100.000000, 1.961590
100.000000, 356.814812
100.000000, 351.668034
100.000000, 346.521255
100.000000, 341.374477
100.000000, 336.227699
100.000000, 331.080921
100.000000, 325.934143
100.000000, 320.787365
100.000000, 315.640587
100.000000, 310.493808
100.000000, 305.347030
100.000000, 300.200252
100.000000, 295.053474
100.000000, 289.906696
100.000000, 284.759918
100.000000, 279.613139
100.000000, 274.466361
100.000000, 269.319583
100.000000, 264.172805
100.000000, 259.026027
100.000000, 253.879249
100.000000, 248.732470
100.000000, 243.585692
100.000000, 238.438914
100.000000, 233.292136
100.000000, 228.145358
100.000000, 222.998580
100.000000, 217.851801
100.000000, 212.705023
100.000000, 207.558245
100.000000, 202.411467
100.000000, 197.264689
100.000000, 192.117911
100.000000, 186.971133
100.000000, 181.824354
100.000000, 176.677576
100.000000, 171.530798
100.000000, 166.384020
100.000000, 161.237242
100.000000, 156.090464
100.000000, 150.943685
100.000000, 145.796907
100.000000, 140.650129
100.000000, 135.503351
100.000000, 130.356573
100.000000, 125.209795
100.000000, 120.063016
100.000000, 114.916238
100.000000, 109.769460
100.000000, 104.622682
100.000000, 99.475904
100.000000, 94.329126
100.000000, 89.182347
100.000000, 84.035569
100.000000, 78.888791
100.000000, 73.742013
100.000000, 68.595235
100.000000, 63.448457
100.000000, 58.301679
100.000000, 53.154900
100.000000, 48.008122
100.000000, 42.861344
100.000000, 37.714566
100.000000, 32.567788
100.000000, 27.421010
100.000000, 22.274231
100.000000, 17.127453
100.000000, 11.980675
100.000000, 6.833897
100.000000, 1.687119
100.000000, 356.540341
100.000000, 351.393562
100.000000, 346.246784
100.000000, 341.100006
100.000000, 335.953228
100.000000, 330.806450
100.000000, 325.659672
100.000000, 320.512893
100.000000, 315.366115
100.000000, 310.219337
100.000000, 305.072559
100.000000, 299.925781
100.000000, 294.779003
100.000000, 289.632225
100.000000, 284.485446
100.000000, 279.338668
100.000000, 274.191890
100.000000, 269.045112
100.000000, 263.898334
100.000000, 258.751556
100.000000, 253.604777
100.000000, 248.457999
100.000000, 243.311221
100.000000, 238.164443
100.000000, 233.017665
100.000000, 227.870887
100.000000, 222.724108
100.000000, 217.577330
100.000000, 212.430552
100.000000, 207.283774
100.000000, 202.136996
100.000000, 196.990218
100.000000, 191.843439
100.000000, 186.696661
100.000000, 181.549883
100.000000, 176.403105
100.000000, 171.256327
100.000000, 166.109549
100.000000, 160.962771
100.000000, 155.815992
100.000000, 150.669214
100.000000, 145.522436
100.000000, 140.375658
100.000000, 135.228880
100.000000, 130.082102
100.000000, 124.935323
100.000000, 119.788545
100.000000, 114.641767
100.000000, 109.494989
100.000000, 104.348211
100.000000, 99.201433
100.000000, 94.054654
100.000000, 88.907876
100.000000, 83.761098
100.000000, 78.614320
100.000000, 73.467542
100.000000, 68.320764
100.000000, 63.173985
100.000000, 58.027207
100.000000, 52.880429
100.000000, 47.733651
100.000000, 42.586873
100.000000, 37.440095
100.000000, 32.293317
100.000000, 27.146538
100.000000, 21.999760
100.000000, 16.852982
100.000000, 11.706204
100.000000, 6.559426
100.000000, 1.412648
100.000000, 356.265869
100.000000, 351.119091
100.000000, 345.972313
100.000000, 340.825535
100.000000, 335.678757
100.000000, 330.531979
100.000000, 325.385200
100.000000, 320.238422
100.000000, 315.091644
100.000000, 309.944866
100.000000, 304.798088
100.000000, 299.651310
100.000000, 294.504531
100.000000, 289.357753
100.000000, 284.210975
100.000000, 279.064197
100.000000, 273.917419
100.000000, 268.770641
100.000000, 263.623863
100.000000, 258.477084
100.000000, 253.330306
100.000000, 248.183528
100.000000, 243.036750
100.000000, 237.889972
100.000000, 232.743194
100.000000, 227.596415
100.000000, 222.449637
100.000000, 217.302859
100.000000, 212.156081
100.000000, 207.009303
100.000000, 201.862525
100.000000, 196.715746
100.000000, 191.568968
100.000000, 186.422190
100.000000, 181.275412
100.000000, 176.128634
100.000000, 170.981856
100.000000, 165.835077
100.000000, 160.688299
100.000000, 155.541521
100.000000, 150.394743
100.000000, 145.247965
100.000000, 140.101187
100.000000, 134.954409
100.000000, 129.807630
100.000000, 124.660852
100.000000, 119.514074
100.000000, 114.367296
100.000000, 109.220518
100.000000, 104.073740
100.000000, 98.926961
100.000000, 93.780183
100.000000, 88.633405
100.000000, 83.486627
100.000000, 78.339849
100.000000, 73.193071
100.000000, 68.046292
100.000000, 62.899514
100.000000, 57.752736
100.000000, 52.605958
100.000000, 47.459180
100.000000, 42.312402
100.000000, 37.165623
100.000000, 32.018845
100.000000, 26.872067
100.000000, 21.725289
100.000000, 16.578511
100.000000, 11.431733
100.000000, 6.284955
100.000000, 1.138176
100.000000, 355.991398
100.000000, 350.844620
100.000000, 345.697842
100.000000, 340.551064
100.000000, 335.404286
100.000000, 330.257507
100.000000, 325.110729
100.000000, 319.963951
100.000000, 314.817173
100.000000, 309.670395
100.000000, 304.523617
100.000000, 299.376838
100.000000, 294.230060
100.000000, 289.083282
100.000000, 283.936504
100.000000, 278.789726
100.000000, 273.642948
100.000000, 268.496169
100.000000, 263.349391
100.000000, 258.202613
100.000000, 253.055835
100.000000, 247.909057
100.000000, 242.762279
100.000000, 237.615501
100.000000, 232.468722
100.000000, 227.321944
100.000000, 222.175166
100.000000, 217.028388
100.000000, 211.881610
100.000000, 206.734832
100.000000, 201.588053
100.000000, 196.441275
100.000000, 191.294497
100.000000, 186.147719
100.000000, 181.000941
100.000000, 175.854163
100.000000, 170.707384
100.000000, 165.560606
100.000000, 160.413828
100.000000, 155.267050
100.000000, 150.120272
100.000000, 144.973494
100.000000, 139.826715
100.000000, 134.679937
100.000000, 129.533159
100.000000, 124.386381
100.000000, 119.239603
100.000000, 114.092825
100.000000, 108.946047
100.000000, 103.799268
100.000000, 98.652490
100.000000, 93.505712
100.000000, 88.358934
100.000000, 83.212156
100.000000, 78.065378
100.000000, 72.918599
100.000000, 67.771821
100.000000, 62.625043
100.000000, 57.478265
100.000000, 52.331487
100.000000, 47.184709
100.000000, 42.037930
100.000000, 36.891152
100.000000, 31.744374
100.000000, 26.597596
100.000000, 21.450818
100.000000, 16.304040
100.000000, 11.157261
100.000000, 6.010483
100.000000, 0.863705
100.000000, 355.716927
100.000000, 350.570149
100.000000, 345.423371
100.000000, 340.276593
100.000000, 335.129814
100.000000, 329.983036
100.000000, 324.836258
100.000000, 319.689480
100.000000, 314.542702
100.000000, 309.395924
100.000000, 304.249145
100.000000, 299.102367
100.000000, 293.955589
100.000000, 288.808811
100.000000, 283.662033
100.000000, 278.515255
100.000000, 273.368476
100.000000, 268.221698
100.000000, 263.074920
100.000000, 257.928142
100.000000, 252.781364
100.000000, 247.634586
100.000000, 242.487807
100.000000, 237.341029
100.000000, 232.194251
100.000000, 227.047473
100.000000, 221.900695
100.000000, 216.753917
100.000000, 211.607139
100.000000, 206.460360
100.000000, 201.313582
100.000000, 196.166804
100.000000, 191.020026
100.000000, 185.873248
100.000000, 180.726470
100.000000, 175.579691
100.000000, 170.432913
100.000000, 165.286135
100.000000, 160.139357
100.000000, 154.992579
100.000000, 149.845801
100.000000, 144.699022
100.000000, 139.552244
100.000000, 134.405466
100.000000, 129.258688
100.000000, 124.111910
100.000000, 118.965132
100.000000, 113.818353
100.000000, 108.671575
100.000000, 103.524797
100.000000, 98.378019
100.000000, 93.231241
100.000000, 88.084463
100.000000, 82.937685
100.000000, 77.790906
100.000000, 72.644128
100.000000, 67.497350
100.000000, 62.350572
100.000000, 57.203794
100.000000, 52.057016
100.000000, 46.910237
100.000000, 41.763459
100.000000, 36.616681
100.000000, 31.469903
100.000000, 26.323125
100.000000, 21.176347
100.000000, 16.029568
100.000000, 10.882790
100.000000, 5.736012
100.000000, 0.589234
100.000000, 355.442456
100.000000, 350.295678
100.000000, 345.148899
100.000000, 340.002121
100.000000, 334.855343
100.000000, 329.708565
100.000000, 324.561787
100.000000, 319.415009
100.000000, 314.268231
100.000000, 309.121452
100.000000, 303.974674
100.000000, 298.827896
100.000000, 293.681118
100.000000, 288.534340
100.000000, 283.387562
100.000000, 278.240783
100.000000, 273.094005
100.000000, 267.947227
100.000000, 262.800449
100.000000, 257.653671
100.000000, 252.506893
100.000000, 247.360114
100.000000, 242.213336
100.000000, 237.066558
100.000000, 231.919780
100.000000, 226.773002
100.000000, 221.626224
100.000000, 216.479445
100.000000, 211.332667
100.000000, 206.185889
100.000000, 201.039111
100.000000, 195.892333
100.000000, 190.745555
100.000000, 185.598777
100.000000, 180.451998
100.000000, 175.305220
100.000000, 170.158442
100.000000, 165.011664
100.000000, 159.864886
100.000000, 154.718108
100.000000, 149.571329
100.000000, 144.424551
100.000000, 139.277773
100.000000, 134.130995
100.000000, 128.984217
100.000000, 123.837439
100.000000, 118.690660
100.000000, 113.543882
100.000000, 108.397104
100.000000, 103.250326
100.000000, 98.103548
100.000000, 92.956770
100.000000, 87.809991
100.000000, 82.663213
100.000000, 77.516435
100.000000, 72.369657
100.000000, 67.222879
100.000000, 62.076101
100.000000, 56.929323
100.000000, 51.782544
100.000000, 46.635766
100.000000, 41.488988
100.000000, 36.342210
100.000000, 31.195432
100.000000, 26.048654
100.000000, 20.901875
100.000000, 15.755097
100.000000, 10.608319
100.000000, 5.461541
100.000000, 0.314763
100.000000, 355.167985
100.000000, 350.021206
100.000000, 344.874428
100.000000, 339.727650
100.000000, 334.580872
100.000000, 329.434094
100.000000, 324.287316
100.000000, 319.140537
100.000000, 313.993759
100.000000, 308.846981
100.000000, 303.700203
100.000000, 298.553425
100.000000, 293.406647
100.000000, 288.259869
100.000000, 283.113090
100.000000, 277.966312
100.000000, 272.819534
100.000000, 267.672756
100.000000, 262.525978
100.000000, 257.379200
100.000000, 252.232421
100.000000, 247.085643
100.000000, 241.938865
100.000000, 236.792087
100.000000, 231.645309
100.000000, 226.498531
100.000000, 221.351752
100.000000, 216.204974
100.000000, 211.058196
100.000000, 205.911418
100.000000, 200.764640
100.000000, 195.617862
100.000000, 190.471083
100.000000, 185.324305
100.000000, 180.177527
100.000000, 175.030749
100.000000, 169.883971
100.000000, 164.737193
100.000000, 159.590415
100.000000, 154.443636
100.000000, 149.296858
100.000000, 144.150080
100.000000, 139.003302
100.000000, 133.856524
100.000000, 128.709746
100.000000, 123.562967
100.000000, 118.416189
100.000000, 113.269411
100.000000, 108.122633
100.000000, 102.975855
100.000000, 97.829077
100.000000, 92.682298
100.000000, 87.535520
100.000000, 82.388742
100.000000, 77.241964
100.000000, 72.095186
100.000000, 66.948408
100.000000, 61.801629
100.000000, 56.654851
100.000000, 51.508073
100.000000, 46.361295
100.000000, 41.214517
100.000000, 36.067739
100.000000, 30.920961
100.000000, 25.774182
100.000000, 20.627404
100.000000, 15.480626
100.000000, 10.333848
100.000000, 5.187070
100.000000, 0.040292
100.000000, 354.893513
100.000000, 349.746735
100.000000, 344.599957
100.000000, 339.453179
100.000000, 334.306401
100.000000, 329.159623
100.000000, 324.012844
100.000000, 318.866066
100.000000, 313.719288
100.000000, 308.572510
100.000000, 303.425732
100.000000, 298.278954
100.000000, 293.132175
100.000000, 287.985397
100.000000, 282.838619
100.000000, 277.691841
100.000000, 272.545063
100.000000, 267.398285
100.000000, 262.251507
100.000000, 257.104728
100.000000, 251.957950
100.000000, 246.811172
100.000000, 241.664394
100.000000, 236.517616
100.000000, 231.370838
100.000000, 226.224059
100.000000, 221.077281
100.000000, 215.930503
100.000000, 210.783725
100.000000, 205.636947
100.000000, 200.490169
100.000000, 195.343390
100.000000, 190.196612
100.000000, 185.049834
100.000000, 179.903056
100.000000, 174.756278
100.000000, 169.609500
100.000000, 164.462721
100.000000, 159.315943
100.000000, 154.169165
100.000000, 149.022387
100.000000, 143.875609
100.000000, 138.728831
100.000000, 133.582053
100.000000, 128.435274
100.000000, 123.288496
100.000000, 118.141718
100.000000, 112.994940
100.000000, 107.848162
100.000000, 102.701384
100.000000, 97.554605
100.000000, 92.407827
100.000000, 87.261049
100.000000, 82.114271
100.000000, 76.967493
100.000000, 71.820715
100.000000, 66.673936
100.000000, 61.527158
100.000000, 56.380380
100.000000, 51.233602
100.000000, 46.086824
100.000000, 40.940046
100.000000, 35.793267
100.000000, 30.646489
100.000000, 25.499711
100.000000, 20.352933
100.000000, 15.206155
100.000000, 10.059377
100.000000, 4.912599
100.000000, 359.765820
100.000000, 354.619042
100.000000, 349.472264
100.000000, 344.325486
100.000000, 339.178708
100.000000, 334.031930
100.000000, 328.885151
100.000000, 323.738373
100.000000, 318.591595
100.000000, 313.444817
100.000000, 308.298039
100.000000, 303.151261
100.000000, 298.004482
100.000000, 292.857704
100.000000, 287.710926
100.000000, 282.564148
100.000000, 277.417370
100.000000, 272.270592
100.000000, 267.123813
100.000000, 261.977035
100.000000, 256.830257
100.000000, 251.683479
100.000000, 246.536701
100.000000, 241.389923
100.000000, 236.243145
100.000000, 231.096366
100.000000, 225.949588
100.000000, 220.802810
100.000000, 215.656032
100.000000, 210.509254
100.000000, 205.362476
100.000000, 200.215697
100.000000, 195.068919
100.000000, 189.922141
100.000000, 184.775363
100.000000, 179.628585
100.000000, 174.481807
100.000000, 169.335028
100.000000, 164.188250
100.000000, 159.041472
100.000000, 153.894694
100.000000, 148.747916
100.000000, 143.601138
100.000000, 138.454359
100.000000, 133.307581
100.000000, 128.160803
100.000000, 123.014025
100.000000, 117.867247
100.000000, 112.720469
100.000000, 107.573691
100.000000, 102.426912
100.000000, 97.280134
100.000000, 92.133356
100.000000, 86.986578
100.000000, 81.839800
100.000000, 76.693022
100.000000, 71.546243
100.000000, 66.399465
100.000000, 61.252687
100.000000, 56.105909
100.000000, 50.959131
100.000000, 45.812353
100.000000, 40.665574
100.000000, 35.518796
100.000000, 30.372018
100.000000, 25.225240
100.000000, 20.078462
100.000000, 14.931684
100.000000, 9.784905
100.000000, 4.638127
100.000000, 359.491349
100.000000, 354.344571
100.000000, 349.197793
100.000000, 344.051015
100.000000, 338.904237
100.000000, 333.757458
100.000000, 328.610680
100.000000, 323.463902
100.000000, 318.317124
100.000000, 313.170346
100.000000, 308.023568
100.000000, 302.876789
100.000000, 297.730011
100.000000, 292.583233
100.000000, 287.436455
100.000000, 282.289677
100.000000, 277.142899
100.000000, 271.996120
100.000000, 266.849342
100.000000, 261.702564
100.000000, 256.555786
100.000000, 251.409008
100.000000, 246.262230
100.000000, 241.115451
100.000000, 235.968673
100.000000, 230.821895
100.000000, 225.675117
100.000000, 220.528339
100.000000, 215.381561
100.000000, 210.234783
100.000000, 205.088004
100.000000, 199.941226
100.000000, 194.794448
100.000000, 189.647670
100.000000, 184.500892
100.000000, 179.354114
100.000000, 174.207335
100.000000, 169.060557
100.000000, 163.913779
100.000000, 158.767001
100.000000, 153.620223
100.000000, 148.473445
100.000000, 143.326666
100.000000, 138.179888
100.000000, 133.033110
100.000000, 127.886332
100.000000, 122.739554
100.000000, 117.592776
100.000000, 112.445997
100.000000, 107.299219
100.000000, 102.152441
100.000000, 97.005663
100.000000, 91.858885
100.000000, 86.712107
100.000000, 81.565329
100.000000, 76.418550
100.000000, 71.271772
100.000000, 66.124994
100.000000, 60.978216
100.000000, 55.831438
100.000000, 50.684660
100.000000, 45.537881
100.000000, 40.391103
100.000000, 35.244325
100.000000, 30.097547
100.000000, 24.950769
100.000000, 19.803991
100.000000, 14.657212
100.000000, 9.510434
100.000000, 4.363656
100.000000, 359.216878
100.000000, 354.070100
100.000000, 348.923322
100.000000, 343.776543
100.000000, 338.629765
100.000000, 333.482987
100.000000, 328.336209
100.000000, 323.189431
100.000000, 318.042653
100.000000, 312.895875
100.000000, 307.749096
100.000000, 302.602318
100.000000, 297.455540
100.000000, 292.308762
100.000000, 287.161984
100.000000, 282.015206
100.000000, 276.868427
100.000000, 271.721649
100.000000, 266.574871
100.000000, 261.428093
100.000000, 256.281315
100.000000, 251.134537
100.000000, 245.987758
100.000000, 240.840980
100.000000, 235.694202
100.000000, 230.547424
100.000000, 225.400646
100.000000, 220.253868
100.000000, 215.107089
100.000000, 209.960311
100.000000, 204.813533
100.000000, 199.666755
100.000000, 194.519977
100.000000, 189.373199
100.000000, 184.226421
100.000000, 179.079642
100.000000, 173.932864
100.000000, 168.786086
100.000000, 163.639308
100.000000, 158.492530
100.000000, 153.345752
100.000000, 148.198973
100.000000, 143.052195
100.000000, 137.905417
100.000000, 132.758639
100.000000, 127.611861
100.000000, 122.465083
100.000000, 117.318304
100.000000, 112.171526
100.000000, 107.024748
100.000000, 101.877970
100.000000, 96.731192
100.000000, 91.584414
100.000000, 86.437635
100.000000, 81.290857
100.000000, 76.144079
100.000000, 70.997301
100.000000, 65.850523
100.000000, 60.703745
100.000000, 55.556967
100.000000, 50.410188
100.000000, 45.263410
100.000000, 40.116632
100.000000, 34.969854
100.000000, 29.823076
100.000000, 24.676298
100.000000, 19.529519
100.000000, 14.382741
100.000000, 9.235963
100.000000, 4.089185
100.000000, 358.942407
100.000000, 353.795629
100.000000, 348.648850
100.000000, 343.502072
100.000000, 338.355294
100.000000, 333.208516
100.000000, 328.061738
100.000000, 322.914960
100.000000, 317.768181
100.000000, 312.621403
100.000000, 307.474625
100.000000, 302.327847
100.000000, 297.181069
100.000000, 292.034291
100.000000, 286.887513
100.000000, 281.740734
100.000000, 276.593956
100.000000, 271.447178
100.000000, 266.300400
100.000000, 261.153622
100.000000, 256.006844
100.000000, 250.860065
100.000000, 245.713287
100.000000, 240.566509
100.000000, 235.419731
100.000000, 230.272953
100.000000, 225.126175
100.000000, 219.979396
100.000000, 214.832618
100.000000, 209.685840
100.000000, 204.539062
100.000000, 199.392284
100.000000, 194.245506
100.000000, 189.098727
100.000000, 183.951949
100.000000, 178.805171
100.000000, 173.658393
100.000000, 168.511615
100.000000, 163.364837
100.000000, 158.218059
100.000000, 153.071280
100.000000, 147.924502
100.000000, 142.777724
100.000000, 137.630946
100.000000, 132.484168
100.000000, 127.337390
100.000000, 122.190611
100.000000, 117.043833
100.000000, 111.897055
100.000000, 106.750277
100.000000, 101.603499
100.000000, 96.456721
100.000000, 91.309942
100.000000, 86.163164
100.000000, 81.016386
100.000000, 75.869608
100.000000, 70.722830
100.000000, 65.576052
100.000000, 60.429273
100.000000, 55.282495
100.000000, 50.135717
100.000000, 44.988939
100.000000, 39.842161
100.000000, 34.695383
100.000000, 29.548605
100.000000, 24.401826
100.000000, 19.255048
100.000000, 14.108270
100.000000, 8.961492
100.000000, 3.814714
100.000000, 358.667936
100.000000, 353.521157
100.000000, 348.374379
100.000000, 343.227601
100.000000, 338.080823
100.000000, 332.934045
100.000000, 327.787267
100.000000, 322.640488
100.000000, 317.493710
100.000000, 312.346932
100.000000, 307.200154
100.000000, 302.053376
100.000000, 296.906598
100.000000, 291.759819
100.000000, 286.613041
100.000000, 281.466263
100.000000, 276.319485
100.000000, 271.172707
100.000000, 266.025929
100.000000, 260.879151
100.000000, 255.732372
100.000000, 250.585594
100.000000, 245.438816
100.000000, 240.292038
100.000000, 235.145260
100.000000, 229.998482
100.000000, 224.851703
100.000000, 219.704925
100.000000, 214.558147
100.000000, 209.411369
100.000000, 204.264591
100.000000, 199.117813
100.000000, 193.971034
100.000000, 188.824256
100.000000, 183.677478
100.000000, 178.530700
100.000000, 173.383922
100.000000, 168.237144
100.000000, 163.090365
100.000000, 157.943587
100.000000, 152.796809
100.000000, 147.650031
100.000000, 142.503253
100.000000, 137.356475
100.000000, 132.209697
100.000000, 127.062918
100.000000, 121.916140
100.000000, 116.769362
100.000000, 111.622584
100.000000, 106.475806
100.000000, 101.329028
100.000000, 96.182249
100.000000, 91.035471
100.000000, 85.888693
100.000000, 80.741915
100.000000, 75.595137
100.000000, 70.448359
100.000000, 65.301580
100.000000, 60.154802
100.000000, 55.008024
100.000000, 49.861246
100.000000, 44.714468
100.000000, 39.567690
100.000000, 34.420911
100.000000, 29.274133
100.000000, 24.127355
100.000000, 18.980577
100.000000, 13.833799
100.000000, 8.687021
100.000000, 3.540243
100.000000, 358.393464
100.000000, 353.246686
100.000000, 348.099908
100.000000, 342.953130
100.000000, 337.806352
100.000000, 332.659574
100.000000, 327.512795
100.000000, 322.366017
100.000000, 317.219239
100.000000, 312.072461
100.000000, 306.925683
100.000000, 301.778905
100.000000, 296.632126
100.000000, 291.485348
100.000000, 286.338570
100.000000, 281.191792
100.000000, 276.045014
100.000000, 270.898236
100.000000, 265.751457
100.000000, 260.604679
100.000000, 255.457901
100.000000, 250.311123
100.000000, 245.164345
100.000000, 240.017567
100.000000, 234.870789
100.000000, 229.724010
100.000000, 224.577232
100.000000, 219.430454
100.000000, 214.283676
100.000000, 209.136898
100.000000, 203.990120
100.000000, 198.843341
100.000000, 193.696563
100.000000, 188.549785
100.000000, 183.403007
100.000000, 178.256229
100.000000, 173.109451
100.000000, 167.962672
100.000000, 162.815894
100.000000, 157.669116
100.000000, 152.522338
100.000000, 147.375560
100.000000, 142.228782
100.000000, 137.082003
100.000000, 131.935225
100.000000, 126.788447
100.000000, 121.641669
100.000000, 116.494891
100.000000, 111.348113
100.000000, 106.201335
100.000000, 101.054556
100.000000, 95.907778
100.000000, 90.761000
100.000000, 85.614222
100.000000, 80.467444
100.000000, 75.320666
100.000000, 70.173887
100.000000, 65.027109
100.000000, 59.880331
100.000000, 54.733553
100.000000, 49.586775
100.000000, 44.439997
100.000000, 39.293218
100.000000, 34.146440
100.000000, 28.999662
100.000000, 23.852884
100.000000, 18.706106
100.000000, 13.559328
100.000000, 8.412549
100.000000, 3.265771
100.000000, 358.118993
100.000000, 352.972215
100.000000, 347.825437
100.000000, 342.678659
100.000000, 337.531881
100.000000, 332.385102
100.000000, 327.238324
100.000000, 322.091546
100.000000, 316.944768
100.000000, 311.797990
100.000000, 306.651212
100.000000, 301.504433
100.000000, 296.357655
100.000000, 291.210877
100.000000, 286.064099
100.000000, 280.917321
100.000000, 275.770543
100.000000, 270.623764
100.000000, 265.476986
100.000000, 260.330208
100.000000, 255.183430
100.000000, 250.036652
100.000000, 244.889874
100.000000, 239.743095
100.000000, 234.596317
100.000000, 229.449539
100.000000, 224.302761
100.000000, 219.155983
100.000000, 214.009205
100.000000, 208.862427
100.000000, 203.715648
100.000000, 198.568870
100.000000, 193.422092
100.000000, 188.275314
100.000000, 183.128536
100.000000, 177.981758
100.000000, 172.834979
100.000000, 167.688201
100.000000, 162.541423
100.000000, 157.394645
100.000000, 152.247867
100.000000, 147.101089
100.000000, 141.954310
100.000000, 136.807532
100.000000, 131.660754
100.000000, 126.513976
100.000000, 121.367198
100.000000, 116.220420
100.000000, 111.073641
100.000000, 105.926863
100.000000, 100.780085
100.000000, 95.633307
100.000000, 90.486529
100.000000, 85.339751
100.000000, 80.192973
100.000000, 75.046194
100.000000, 69.899416
100.000000, 64.752638
100.000000, 59.605860
100.000000, 54.459082
100.000000, 49.312304
100.000000, 44.165525
100.000000, 39.018747
100.000000, 33.871969
100.000000, 28.725191
100.000000, 23.578413
100.000000, 18.431635
100.000000, 13.284856
100.000000, 8.138078
100.000000, 2.991300
100.000000, 357.844522
100.000000, 352.697744
100.000000, 347.550966
100.000000, 342.404187
100.000000, 337.257409
100.000000, 332.110631
100.000000, 326.963853
100.000000, 321.817075
100.000000, 316.670297
100.000000, 311.523519
100.000000, 306.376740
100.000000, 301.229962
100.000000, 296.083184
100.000000, 290.936406
100.000000, 285.789628
100.000000, 280.642850
100.000000, 275.496071
100.000000, 270.349293
100.000000, 265.202515
100.000000, 260.055737
100.000000, 254.908959
100.000000, 249.762181
100.000000, 244.615402
100.000000, 239.468624
100.000000, 234.321846
100.000000, 229.175068
100.000000, 224.028290
100.000000, 218.881512
100.000000, 213.734733
100.000000, 208.587955
100.000000, 203.441177
100.000000, 198.294399
100.000000, 193.147621
100.000000, 188.000843
100.000000, 182.854065
100.000000, 177.707286
100.000000, 172.560508
100.000000, 167.413730
100.000000, 162.266952
100.000000, 157.120174
100.000000, 151.973396
100.000000, 146.826617
100.000000, 141.679839
100.000000, 136.533061
100.000000, 131.386283
100.000000, 126.239505
100.000000, 121.092727
100.000000, 115.945948
100.000000, 110.799170
100.000000, 105.652392
100.000000, 100.505614
100.000000, 95.358836
100.000000, 90.212058
100.000000, 85.065279
100.000000, 79.918501
100.000000, 74.771723
100.000000, 69.624945
100.000000, 64.478167
100.000000, 59.331389
100.000000, 54.184611
100.000000, 49.037832
100.000000, 43.891054
100.000000, 38.744276
100.000000, 33.597498
100.000000, 28.450720
100.000000, 23.303942
100.000000, 18.157163
100.000000, 13.010385
100.000000, 7.863607
100.000000, 2.716829
100.000000, 357.570051
100.000000, 352.423273
100.000000, 347.276494
100.000000, 342.129716
100.000000, 336.982938
100.000000, 331.836160
100.000000, 326.689382
100.000000, 321.542604
100.000000, 316.395825
100.000000, 311.249047
100.000000, 306.102269
100.000000, 300.955491
100.000000, 295.808713
100.000000, 290.661935
100.000000, 285.515157
100.000000, 280.368378
100.000000, 275.221600
100.000000, 270.074822
100.000000, 264.928044
100.000000, 259.781266
100.000000, 254.634488
100.000000, 249.487709
100.000000, 244.340931
100.000000, 239.194153
100.000000, 234.047375
100.000000, 228.900597
100.000000, 223.753819
100.000000, 218.607040
100.000000, 213.460262
100.000000, 208.313484
100.000000, 203.166706
100.000000, 198.019928
100.000000, 192.873150
100.000000, 187.726371
100.000000, 182.579593
100.000000, 177.432815
100.000000, 172.286037
100.000000, 167.139259
100.000000, 161.992481
100.000000, 156.845703
100.000000, 151.698924
100.000000, 146.552146
100.000000, 141.405368
100.000000, 136.258590
100.000000, 131.111812
100.000000, 125.965034
100.000000, 120.818255
100.000000, 115.671477
100.000000, 110.524699
100.000000, 105.377921
100.000000, 100.231143
100.000000, 95.084365
100.000000, 89.937586
100.000000, 84.790808
100.000000, 79.644030
100.000000, 74.497252
100.000000, 69.350474
100.000000, 64.203696
100.000000, 59.056917
100.000000, 53.910139
100.000000, 48.763361
100.000000, 43.616583
100.000000, 38.469805
100.000000, 33.323027
100.000000, 28.176249
100.000000, 23.029470
100.000000, 17.882692
100.000000, 12.735914
100.000000, 7.589136
100.000000, 2.442358
100.000000, 357.295580
100.000000, 352.148801
100.000000, 347.002023
100.000000, 341.855245
100.000000, 336.708467
100.000000, 331.561689
100.000000, 326.414911
100.000000, 321.268132
100.000000, 316.121354
100.000000, 310.974576
100.000000, 305.827798
100.000000, 300.681020
100.000000, 295.534242
100.000000, 290.387463
100.000000, 285.240685
100.000000, 280.093907
100.000000, 274.947129
100.000000, 269.800351
100.000000, 264.653573
100.000000, 259.506795
100.000000, 254.360016
100.000000, 249.213238
100.000000, 244.066460
100.000000, 238.919682
100.000000, 233.772904
100.000000, 228.626126
100.000000, 223.479347
100.000000, 218.332569
100.000000, 213.185791
100.000000, 208.039013
100.000000, 202.892235
100.000000, 197.745457
100.000000, 192.598678
100.000000, 187.451900
100.000000, 182.305122
100.000000, 177.158344
100.000000, 172.011566
100.000000, 166.864788
100.000000, 161.718009
100.000000, 156.571231
100.000000, 151.424453
100.000000, 146.277675
100.000000, 141.130897
100.000000, 135.984119
100.000000, 130.837341
100.000000, 125.690562
100.000000, 120.543784
100.000000, 115.397006
100.000000, 110.250228
100.000000, 105.103450
100.000000, 99.956672
100.000000, 94.809893
100.000000, 89.663115
100.000000, 84.516337
100.000000, 79.369559
100.000000, 74.222781
100.000000, 69.076003
100.000000, 63.929224
100.000000, 58.782446
100.000000, 53.635668
100.000000, 48.488890
100.000000, 43.342112
100.000000, 38.195334
100.000000, 33.048555
100.000000, 27.901777
100.000000, 22.754999
100.000000, 17.608221
100.000000, 12.461443
100.000000, 7.314665
100.000000, 2.167887
100.000000, 357.021108
100.000000, 351.874330
100.000000, 346.727552
100.000000, 341.580774
100.000000, 336.433996
100.000000, 331.287218
100.000000, 326.140439
100.000000, 320.993661
100.000000, 315.846883
100.000000, 310.700105
100.000000, 305.553327
100.000000, 300.406549
100.000000, 295.259770
100.000000, 290.112992
100.000000, 284.966214
100.000000, 279.819436
100.000000, 274.672658
100.000000, 269.525880
100.000000, 264.379101
100.000000, 259.232323
100.000000, 254.085545
100.000000, 248.938767
100.000000, 243.791989
100.000000, 238.645211
100.000000, 233.498433
100.000000, 228.351654
100.000000, 223.204876
100.000000, 218.058098
100.000000, 212.911320
100.000000, 207.764542
100.000000, 202.617764
100.000000, 197.470985
100.000000, 192.324207
100.000000, 187.177429
100.000000, 182.030651
100.000000, 176.883873
100.000000, 171.737095
100.000000, 166.590316
100.000000, 161.443538
100.000000, 156.296760
100.000000, 151.149982
100.000000, 146.003204
100.000000, 140.856426
100.000000, 135.709647
100.000000, 130.562869
100.000000, 125.416091
100.000000, 120.269313
100.000000, 115.122535
100.000000, 109.975757
100.000000, 104.828979
100.000000, 99.682200
100.000000, 94.535422
100.000000, 89.388644
100.000000, 84.241866
100.000000, 79.095088
100.000000, 73.948310
100.000000, 68.801531
100.000000, 63.654753
100.000000, 58.507975
100.000000, 53.361197
100.000000, 48.214419
100.000000, 43.067641
100.000000, 37.920862
100.000000, 32.774084
100.000000, 27.627306
100.000000, 22.480528
100.000000, 17.333750
100.000000, 12.186972
100.000000, 7.040193
100.000000, 1.893415
100.000000, 356.746637
100.000000, 351.599859
100.000000, 346.453081
100.000000, 341.306303
100.000000, 336.159525
100.000000, 331.012746
100.000000, 325.865968
100.000000, 320.719190
100.000000, 315.572412
100.000000, 310.425634
100.000000, 305.278856
100.000000, 300.132077
100.000000, 294.985299
100.000000, 289.838521
100.000000, 284.691743
100.000000, 279.544965
100.000000, 274.398187
100.000000, 269.251408
100.000000, 264.104630
100.000000, 258.957852
100.000000, 253.811074
100.000000, 248.664296
100.000000, 243.517518
100.000000, 238.370739
100.000000, 233.223961
100.000000, 228.077183
100.000000, 222.930405
100.000000, 217.783627
100.000000, 212.636849
100.000000, 207.490071
100.000000, 202.343292
100.000000, 197.196514
100.000000, 192.049736
100.000000, 186.902958
100.000000, 181.756180
100.000000, 176.609402
100.000000, 171.462623
100.000000, 166.315845
100.000000, 161.169067
100.000000, 156.022289
100.000000, 150.875511
100.000000, 145.728733
100.000000, 140.581954
100.000000, 135.435176
100.000000, 130.288398
100.000000, 125.141620
100.000000, 119.994842
100.000000, 114.848064
100.000000, 109.701285
100.000000, 104.554507
100.000000, 99.407729
100.000000, 94.260951
100.000000, 89.114173
100.000000, 83.967395
100.000000, 78.820617
100.000000, 73.673838
100.000000, 68.527060
100.000000, 63.380282
100.000000, 58.233504
100.000000, 53.086726
100.000000, 47.939948
100.000000, 42.793169
100.000000, 37.646391
100.000000, 32.499613
100.000000, 27.352835
100.000000, 22.206057
100.000000, 17.059279
100.000000, 11.912500
100.000000, 6.765722
100.000000, 1.618944
100.000000, 356.472166
100.000000, 351.325388
100.000000, 346.178610
100.000000, 341.031831
100.000000, 335.885053
100.000000, 330.738275
100.000000, 325.591497
100.000000, 320.444719
100.000000, 315.297941
100.000000, 310.151163
100.000000, 305.004384
100.000000, 299.857606
100.000000, 294.710828
100.000000, 289.564050
100.000000, 284.417272
100.000000, 279.270494
100.000000, 274.123715
100.000000, 268.976937
100.000000, 263.830159
100.000000, 258.683381
100.000000, 253.536603
100.000000, 248.389825
100.000000, 243.243046
100.000000, 238.096268
100.000000, 232.949490
100.000000, 227.802712
100.000000, 222.655934
100.000000, 217.509156
100.000000, 212.362377
100.000000, 207.215599
100.000000, 202.068821
100.000000, 196.922043
100.000000, 191.775265
100.000000, 186.628487
100.000000, 181.481709
100.000000, 176.334930
100.000000, 171.188152
100.000000, 166.041374
100.000000, 160.894596
100.000000, 155.747818
100.000000, 150.601040
100.000000, 145.454261
100.000000, 140.307483
100.000000, 135.160705
100.000000, 130.013927
100.000000, 124.867149
100.000000, 119.720371
100.000000, 114.573592
100.000000, 109.426814
100.000000, 104.280036
100.000000, 99.133258
100.000000, 93.986480
100.000000, 88.839702
100.000000, 83.692923
100.000000, 78.546145
100.000000, 73.399367
100.000000, 68.252589
100.000000, 63.105811
100.000000, 57.959033
100.000000, 52.812255
100.000000, 47.665476
100.000000, 42.518698
100.000000, 37.371920
100.000000, 32.225142
100.000000, 27.078364
100.000000, 21.931586
100.000000, 16.784807
100.000000, 11.638029
100.000000, 6.491251
100.000000, 1.344473
100.000000, 356.197695
100.000000, 351.050917
100.000000, 345.904138
100.000000, 340.757360
100.000000, 335.610582
100.000000, 330.463804
100.000000, 325.317026
100.000000, 320.170248
100.000000, 315.023469
100.000000, 309.876691
100.000000, 304.729913
100.000000, 299.583135
100.000000, 294.436357
100.000000, 289.289579
100.000000, 284.142801
100.000000, 278.996022
100.000000, 273.849244
100.000000, 268.702466
100.000000, 263.555688
100.000000, 258.408910
100.000000, 253.262132
100.000000, 248.115353
100.000000, 242.968575
100.000000, 237.821797
100.000000, 232.675019
100.000000, 227.528241
100.000000, 222.381463
100.000000, 217.234684
100.000000, 212.087906
100.000000, 206.941128
100.000000, 201.794350
100.000000, 196.647572
100.000000, 191.500794
100.000000, 186.354015
100.000000, 181.207237
100.000000, 176.060459
100.000000, 170.913681
100.000000, 165.766903
100.000000, 160.620125
100.000000, 155.473347
100.000000, 150.326568
100.000000, 145.179790
100.000000, 140.033012
100.000000, 134.886234
100.000000, 129.739456
100.000000, 124.592678
100.000000, 119.445899
100.000000, 114.299121
100.000000, 109.152343
100.000000, 104.005565
100.000000, 98.858787
100.000000, 93.712009
100.000000, 88.565230
100.000000, 83.418452
100.000000, 78.271674
100.000000, 73.124896
100.000000, 67.978118
100.000000, 62.831340
100.000000, 57.684561
100.000000, 52.537783
100.000000, 47.391005
100.000000, 42.244227
100.000000, 37.097449
100.000000, 31.950671
100.000000, 26.803893
100.000000, 21.657114
100.000000, 16.510336
100.000000, 11.363558
100.000000, 6.216780
100.000000, 1.070002
100.000000, 355.923224
100.000000, 350.776445
100.000000, 345.629667
100.000000, 340.482889
100.000000, 335.336111
100.000000, 330.189333
100.000000, 325.042555
100.000000, 319.895776
100.000000, 314.748998
100.000000, 309.602220
100.000000, 304.455442
100.000000, 299.308664
100.000000, 294.161886
100.000000, 289.015107
100.000000, 283.868329
100.000000, 278.721551
100.000000, 273.574773
100.000000, 268.427995
100.000000, 263.281217
100.000000, 258.134439
100.000000, 252.987660
100.000000, 247.840882
100.000000, 242.694104
100.000000, 237.547326
100.000000, 232.400548
100.000000, 227.253770
100.000000, 222.106991
100.000000, 216.960213
100.000000, 211.813435
100.000000, 206.666657
100.000000, 201.519879
100.000000, 196.373101
100.000000, 191.226322
100.000000, 186.079544
100.000000, 180.932766
100.000000, 175.785988
100.000000, 170.639210
100.000000, 165.492432
100.000000, 160.345653
100.000000, 155.198875
100.000000, 150.052097
100.000000, 144.905319
100.000000, 139.758541
100.000000, 134.611763
100.000000, 129.464985
100.000000, 124.318206
100.000000, 119.171428
100.000000, 114.024650
100.000000, 108.877872
100.000000, 103.731094
100.000000, 98.584316
100.000000, 93.437537
100.000000, 88.290759
100.000000, 83.143981
100.000000, 77.997203
100.000000, 72.850425
100.000000, 67.703647
100.000000, 62.556868
100.000000, 57.410090
100.000000, 52.263312
100.000000, 47.116534
100.000000, 41.969756
100.000000, 36.822978
100.000000, 31.676199
100.000000, 26.529421
100.000000, 21.382643
100.000000, 16.235865
100.000000, 11.089087
100.000000, 5.942309
100.000000, 0.795531
100.000000, 355.648752
100.000000, 350.501974
100.000000, 345.355196
100.000000, 340.208418
100.000000, 335.061640
100.000000, 329.914862
100.000000, 324.768083
100.000000, 319.621305
100.000000, 314.474527
100.000000, 309.327749
100.000000, 304.180971
100.000000, 299.034193
100.000000, 293.887414
100.000000, 288.740636
100.000000, 283.593858
100.000000, 278.447080
100.000000, 273.300302
100.000000, 268.153524
100.000000, 263.006745
100.000000, 257.859967
100.000000, 252.713189
100.000000, 247.566411
100.000000, 242.419633
100.000000, 237.272855
100.000000, 232.126077
100.000000, 226.979298
100.000000, 221.832520
100.000000, 216.685742
100.000000, 211.538964
100.000000, 206.392186
100.000000, 201.245408
100.000000, 196.098629
100.000000, 190.951851
100.000000, 185.805073
100.000000, 180.658295
100.000000, 175.511517
100.000000, 170.364739
100.000000, 165.217960
100.000000, 160.071182
100.000000, 154.924404
100.000000, 149.777626
100.000000, 144.630848
100.000000, 139.484070
100.000000, 134.337291
100.000000, 129.190513
100.000000, 124.043735
100.000000, 118.896957
100.000000, 113.750179
100.000000, 108.603401
100.000000, 103.456623
100.000000, 98.309844
100.000000, 93.163066
100.000000, 88.016288
100.000000, 82.869510
100.000000, 77.722732
100.000000, 72.575954
100.000000, 67.429175
100.000000, 62.282397
100.000000, 57.135619
100.000000, 51.988841
100.000000, 46.842063
100.000000, 41.695285
100.000000, 36.548506
100.000000, 31.401728
100.000000, 26.254950
100.000000, 21.108172
100.000000, 15.961394
100.000000, 10.814616
100.000000, 5.667837
100.000000, 0.521059
100.000000, 355.374281
100.000000, 350.227503
100.000000, 345.080725
100.000000, 339.933947
100.000000, 334.787169
100.000000, 329.640390
100.000000, 324.493612
100.000000, 319.346834
100.000000, 314.200056
100.000000, 309.053278
100.000000, 303.906500
100.000000, 298.759721
100.000000, 293.612943
100.000000, 288.466165
100.000000, 283.319387
100.000000, 278.172609
100.000000, 273.025831
100.000000, 267.879052
100.000000, 262.732274
100.000000, 257.585496
100.000000, 252.438718
100.000000, 247.291940
100.000000, 242.145162
100.000000, 236.998383
100.000000, 231.851605
100.000000, 226.704827
100.000000, 221.558049
100.000000, 216.411271
100.000000, 211.264493
100.000000, 206.117715
100.000000, 200.970936
100.000000, 195.824158
100.000000, 190.677380
100.000000, 185.530602
100.000000, 180.383824
100.000000, 175.237046
100.000000, 170.090267
100.000000, 164.943489
100.000000, 159.796711
100.000000, 154.649933
100.000000, 149.503155
100.000000, 144.356377
100.000000, 139.209598
100.000000, 134.062820
100.000000, 128.916042
100.000000, 123.769264
100.000000, 118.622486
100.000000, 113.475708
100.000000, 108.328929
100.000000, 103.182151
100.000000, 98.035373
100.000000, 92.888595
100.000000, 87.741817
100.000000, 82.595039
100.000000, 77.448261
100.000000, 72.301482
100.000000, 67.154704
100.000000, 62.007926
100.000000, 56.861148
100.000000, 51.714370
100.000000, 46.567592
100.000000, 41.420813
100.000000, 36.274035
100.000000, 31.127257
100.000000, 25.980479
100.000000, 20.833701
100.000000, 15.686923
100.000000, 10.540144
100.000000, 5.393366
100.000000, 0.246588
100.000000, 355.099810
100.000000, 349.953032
100.000000, 344.806254
100.000000, 339.659475
100.000000, 334.512697
100.000000, 329.365919
100.000000, 324.219141
100.000000, 319.072363
100.000000, 313.925585
100.000000, 308.778807
100.000000, 303.632028
100.000000, 298.485250
100.000000, 293.338472
100.000000, 288.191694
100.000000, 283.044916
100.000000, 277.898138
100.000000, 272.751359
100.000000, 267.604581
100.000000, 262.457803
100.000000, 257.311025
100.000000, 252.164247
100.000000, 247.017469
100.000000, 241.870690
100.000000, 236.723912
100.000000, 231.577134
100.000000, 226.430356
100.000000, 221.283578
100.000000, 216.136800
100.000000, 210.990021
100.000000, 205.843243
100.000000, 200.696465
100.000000, 195.549687
100.000000, 190.402909
100.000000, 185.256131
100.000000, 180.109353
100.000000, 174.962574
100.000000, 169.815796
100.000000, 164.669018
100.000000, 159.522240
100.000000, 154.375462
100.000000, 149.228684
100.000000, 144.081905
100.000000, 138.935127
100.000000, 133.788349
100.000000, 128.641571
100.000000, 123.494793
100.000000, 118.348015
100.000000, 113.201236
100.000000, 108.054458
100.000000, 102.907680
100.000000, 97.760902
100.000000, 92.614124
100.000000, 87.467346
100.000000, 82.320567
100.000000, 77.173789
100.000000, 72.027011
100.000000, 66.880233
100.000000, 61.733455
100.000000, 56.586677
100.000000, 51.439899
100.000000, 46.293120
100.000000, 41.146342
100.000000, 35.999564
100.000000, 30.852786
100.000000, 25.706008
100.000000, 20.559230
100.000000, 15.412451
100.000000, 10.265673
100.000000, 5.118895
100.000000, 359.972117
100.000000, 354.825339
100.000000, 349.678561
100.000000, 344.531782
100.000000, 339.385004
100.000000, 334.238226
100.000000, 329.091448
100.000000, 323.944670
100.000000, 318.797892
100.000000, 313.651113
100.000000, 308.504335
100.000000, 303.357557
100.000000, 298.210779
100.000000, 293.064001
100.000000, 287.917223
100.000000, 282.770445
100.000000, 277.623666
100.000000, 272.476888
100.000000, 267.330110
100.000000, 262.183332
100.000000, 257.036554
100.000000, 251.889776
100.000000, 246.742997
100.000000, 241.596219
100.000000, 236.449441
100.000000, 231.302663
100.000000, 226.155885
100.000000, 221.009107
100.000000, 215.862328
100.000000, 210.715550
100.000000, 205.568772
100.000000, 200.421994
100.000000, 195.275216
100.000000, 190.128438
100.000000, 184.981659
100.000000, 179.834881
100.000000, 174.688103
100.000000, 169.541325
100.000000, 164.394547
100.000000, 159.247769
100.000000, 154.100991
100.000000, 148.954212
100.000000, 143.807434
100.000000, 138.660656
100.000000, 133.513878
100.000000, 128.367100
100.000000, 123.220322
100.000000, 118.073543
100.000000, 112.926765
100.000000, 107.779987
100.000000, 102.633209
100.000000, 97.486431
100.000000, 92.339653
100.000000, 87.192874
100.000000, 82.046096
100.000000, 76.899318
100.000000, 71.752540
100.000000, 66.605762
100.000000, 61.458984
100.000000, 56.312205
100.000000, 51.165427
100.000000, 46.018649
100.000000, 40.871871
100.000000, 35.725093
100.000000, 30.578315
100.000000, 25.431537
100.000000, 20.284758
100.000000, 15.137980
100.000000, 9.991202
100.000000, 4.844424
100.000000, 359.697646
100.000000, 354.550868
100.000000, 349.404089
100.000000, 344.257311
100.000000, 339.110533
100.000000, 333.963755
100.000000, 328.816977
100.000000, 323.670199
100.000000, 318.523420
100.000000, 313.376642
100.000000, 308.229864
100.000000, 303.083086
100.000000, 297.936308
100.000000, 292.789530
100.000000, 287.642751
100.000000, 282.495973
100.000000, 277.349195
100.000000, 272.202417
100.000000, 267.055639
100.000000, 261.908861
100.000000, 256.762083
100.000000, 251.615304
100.000000, 246.468526
100.000000, 241.321748
100.000000, 236.174970
100.000000, 231.028192
100.000000, 225.881414
100.000000, 220.734635
100.000000, 215.587857
100.000000, 210.441079
100.000000, 205.294301
100.000000, 200.147523
100.000000, 195.000745
100.000000, 189.853966
100.000000, 184.707188
100.000000, 179.560410
100.000000, 174.413632
100.000000, 169.266854
100.000000, 164.120076
100.000000, 158.973297
100.000000, 153.826519
100.000000, 148.679741
100.000000, 143.532963
100.000000, 138.386185
100.000000, 133.239407
100.000000, 128.092629
100.000000, 122.945850
100.000000, 117.799072
100.000000, 112.652294
100.000000, 107.505516
100.000000, 102.358738
100.000000, 97.211960
100.000000, 92.065181
100.000000, 86.918403
100.000000, 81.771625
100.000000, 76.624847
100.000000, 71.478069
100.000000, 66.331291
100.000000, 61.184512
100.000000, 56.037734
100.000000, 50.890956
100.000000, 45.744178
100.000000, 40.597400
100.000000, 35.450622
100.000000, 30.303843
100.000000, 25.157065
100.000000, 20.010287
100.000000, 14.863509
100.000000, 9.716731
100.000000, 4.569953
100.000000, 359.423175
100.000000, 354.276396
100.000000, 349.129618
100.000000, 343.982840
100.000000, 338.836062
100.000000, 333.689284
100.000000, 328.542506
100.000000, 323.395727
100.000000, 318.248949
100.000000, 313.102171
100.000000, 307.955393
100.000000, 302.808615
100.000000, 297.661837
100.000000, 292.515058
100.000000, 287.368280
100.000000, 282.221502
100.000000, 277.074724
100.000000, 271.927946
100.000000, 266.781168
100.000000, 261.634389
100.000000, 256.487611
100.000000, 251.340833
100.000000, 246.194055
100.000000, 241.047277
100.000000, 235.900499
100.000000, 230.753721
100.000000, 225.606942
100.000000, 220.460164
100.000000, 215.313386
100.000000, 210.166608
100.000000, 205.019830
100.000000, 199.873052
100.000000, 194.726273
100.000000, 189.579495
100.000000, 184.432717
100.000000, 179.285939
100.000000, 174.139161
100.000000, 168.992383
100.000000, 163.845604
100.000000, 158.698826
100.000000, 153.552048
100.000000, 148.405270
100.000000, 143.258492
100.000000, 138.111714
100.000000, 132.964935
100.000000, 127.818157
100.000000, 122.671379
100.000000, 117.524601
100.000000, 112.377823
100.000000, 107.231045
100.000000, 102.084267
100.000000, 96.937488
100.000000, 91.790710
100.000000, 86.643932
100.000000, 81.497154
100.000000, 76.350376
100.000000, 71.203598
100.000000, 66.056819
100.000000, 60.910041
100.000000, 55.763263
100.000000, 50.616485
100.000000, 45.469707
100.000000, 40.322929
100.000000, 35.176150
100.000000, 30.029372
100.000000, 24.882594
100.000000, 19.735816
100.000000, 14.589038
100.000000, 9.442260
100.000000, 4.295481
100.000000, 359.148703
100.000000, 354.001925
100.000000, 348.855147
100.000000, 343.708369
100.000000, 338.561591
100.000000, 333.414813
100.000000, 328.268034
100.000000, 323.121256
100.000000, 317.974478
100.000000, 312.827700
100.000000, 307.680922
100.000000, 302.534144
100.000000, 297.387365
100.000000, 292.240587
100.000000, 287.093809
100.000000, 281.947031
100.000000, 276.800253
100.000000, 271.653475
100.000000, 266.506696
100.000000, 261.359918
100.000000, 256.213140
100.000000, 251.066362
100.000000, 245.919584
100.000000, 240.772806
100.000000, 235.626027
100.000000, 230.479249
100.000000, 225.332471
100.000000, 220.185693
100.000000, 215.038915
100.000000, 209.892137
100.000000, 204.745359
100.000000, 199.598580
100.000000, 194.451802
100.000000, 189.305024
100.000000, 184.158246
100.000000, 179.011468
100.000000, 173.864690
100.000000, 168.717911
100.000000, 163.571133
100.000000, 158.424355
100.000000, 153.277577
100.000000, 148.130799
100.000000, 142.984021
100.000000, 137.837242
100.000000, 132.690464
100.000000, 127.543686
100.000000, 122.396908
100.000000, 117.250130
100.000000, 112.103352
100.000000, 106.956573
100.000000, 101.809795
100.000000, 96.663017
100.000000, 91.516239
100.000000, 86.369461
100.000000, 81.222683
100.000000, 76.075905
100.000000, 70.929126
100.000000, 65.782348
100.000000, 60.635570
100.000000, 55.488792
100.000000, 50.342014
100.000000, 45.195236
100.000000, 40.048457
100.000000, 34.901679
100.000000, 29.754901
100.000000, 24.608123
100.000000, 19.461345
100.000000, 14.314567
100.000000, 9.167788
100.000000, 4.021010
100.000000, 358.874232
100.000000, 353.727454
100.000000, 348.580676
100.000000, 343.433898
100.000000, 338.287119
100.000000, 333.140341
100.000000, 327.993563
100.000000, 322.846785
100.000000, 317.700007
100.000000, 312.553229
100.000000, 307.406451
100.000000, 302.259672
100.000000, 297.112894
100.000000, 291.966116
100.000000, 286.819338
100.000000, 281.672560
100.000000, 276.525782
100.000000, 271.379003
100.000000, 266.232225
100.000000, 261.085447
100.000000, 255.938669
100.000000, 250.791891
100.000000, 245.645113
100.000000, 240.498334
100.000000, 235.351556
100.000000, 230.204778
100.000000, 225.058000
100.000000, 219.911222
100.000000, 214.764444
100.000000, 209.617665
100.000000, 204.470887
100.000000, 199.324109
100.000000, 194.177331
100.000000, 189.030553
100.000000, 183.883775
100.000000, 178.736997
100.000000, 173.590218
100.000000, 168.443440
100.000000, 163.296662
100.000000, 158.149884
100.000000, 153.003106
100.000000, 147.856328
100.000000, 142.709549
100.000000, 137.562771
100.000000, 132.415993
100.000000, 127.269215
100.000000, 122.122437
100.000000, 116.975659
100.000000, 111.828880
100.000000, 106.682102
100.000000, 101.535324
100.000000, 96.388546
100.000000, 91.241768
100.000000, 86.094990
100.000000, 80.948211
100.000000, 75.801433
100.000000, 70.654655
100.000000, 65.507877
100.000000, 60.361099
100.000000, 55.214321
100.000000, 50.067543
100.000000, 44.920764
100.000000, 39.773986
100.000000, 34.627208
100.000000, 29.480430
100.000000, 24.333652
100.000000, 19.186874
100.000000, 14.040095
100.000000, 8.893317
100.000000, 3.746539
100.000000, 358.599761
100.000000, 353.452983
100.000000, 348.306205
100.000000, 343.159426
100.000000, 338.012648
100.000000, 332.865870
100.000000, 327.719092
100.000000, 322.572314
100.000000, 317.425536
100.000000, 312.278757
100.000000, 307.131979
100.000000, 301.985201
100.000000, 296.838423
100.000000, 291.691645
100.000000, 286.544867
100.000000, 281.398089
100.000000, 276.251310
100.000000, 271.104532
100.000000, 265.957754
100.000000, 260.810976
100.000000, 255.664198
100.000000, 250.517420
100.000000, 245.370641
100.000000, 240.223863
100.000000, 235.077085
100.000000, 229.930307
100.000000, 224.783529
100.000000, 219.636751
100.000000, 214.489972
100.000000, 209.343194
100.000000, 204.196416
100.000000, 199.049638
100.000000, 193.902860
100.000000, 188.756082
100.000000, 183.609303
100.000000, 178.462525
100.000000, 173.315747
100.000000, 168.168969
100.000000, 163.022191
100.000000, 157.875413
100.000000, 152.728635
100.000000, 147.581856
100.000000, 142.435078
100.000000, 137.288300
100.000000, 132.141522
100.000000, 126.994744
100.000000, 121.847966
100.000000, 116.701187
100.000000, 111.554409
100.000000, 106.407631
100.000000, 101.260853
100.000000, 96.114075
100.000000, 90.967297
100.000000, 85.820518
100.000000, 80.673740
100.000000, 75.526962
100.000000, 70.380184
100.000000, 65.233406
100.000000, 60.086628
100.000000, 54.939849
100.000000, 49.793071
100.000000, 44.646293
100.000000, 39.499515
100.000000, 34.352737
100.000000, 29.205959
100.000000, 24.059181
100.000000, 18.912402
100.000000, 13.765624
100.000000, 8.618846
100.000000, 3.472068
100.000000, 358.325290
100.000000, 353.178512
100.000000, 348.031733
100.000000, 342.884955
100.000000, 337.738177
100.000000, 332.591399
100.000000, 327.444621
100.000000, 322.297843
100.000000, 317.151064
100.000000, 312.004286
100.000000, 306.857508
100.000000, 301.710730
100.000000, 296.563952
100.000000, 291.417174
100.000000, 286.270395
100.000000, 281.123617
100.000000, 275.976839
100.000000, 270.830061
100.000000, 265.683283
100.000000, 260.536505
100.000000, 255.389727
100.000000, 250.242948
100.000000, 245.096170
100.000000, 239.949392
100.000000, 234.802614
100.000000, 229.655836
100.000000, 224.509058
100.000000, 219.362279
100.000000, 214.215501
100.000000, 209.068723
100.000000, 203.921945
100.000000, 198.775167
100.000000, 193.628389
100.000000, 188.481610
100.000000, 183.334832
100.000000, 178.188054
100.000000, 173.041276
100.000000, 167.894498
100.000000, 162.747720
100.000000, 157.600941
100.000000, 152.454163
100.000000, 147.307385
100.000000, 142.160607
100.000000, 137.013829
100.000000, 131.867051
100.000000, 126.720273
100.000000, 121.573494
100.000000, 116.426716
100.000000, 111.279938
100.000000, 106.133160
100.000000, 100.986382
100.000000, 95.839604
100.000000, 90.692825
100.000000, 85.546047
100.000000, 80.399269
100.000000, 75.252491
100.000000, 70.105713
100.000000, 64.958935
100.000000, 59.812156
100.000000, 54.665378
100.000000, 49.518600
100.000000, 44.371822
100.000000, 39.225044
100.000000, 34.078266
100.000000, 28.931487
100.000000, 23.784709
100.000000, 18.637931
100.000000, 13.491153
100.000000, 8.344375
100.000000, 3.197597
100.000000, 358.050819
100.000000, 352.904040
100.000000, 347.757262
100.000000, 342.610484
100.000000, 337.463706
100.000000, 332.316928
100.000000, 327.170150
100.000000, 322.023371
100.000000, 316.876593
100.000000, 311.729815
100.000000, 306.583037
100.000000, 301.436259
100.000000, 296.289481
100.000000, 291.142702
100.000000, 285.995924
100.000000, 280.849146
100.000000, 275.702368
100.000000, 270.555590
100.000000, 265.408812
100.000000, 260.262033
100.000000, 255.115255
100.000000, 249.968477
100.000000, 244.821699
100.000000, 239.674921
100.000000, 234.528143
100.000000, 229.381365
100.000000, 224.234586
100.000000, 219.087808
100.000000, 213.941030
100.000000, 208.794252
100.000000, 203.647474
100.000000, 198.500696
100.000000, 193.353917
100.000000, 188.207139
100.000000, 183.060361
100.000000, 177.913583
100.000000, 172.766805
100.000000, 167.620027
100.000000, 162.473248
100.000000, 157.326470
100.000000, 152.179692
100.000000, 147.032914
100.000000, 141.886136
100.000000, 136.739358
100.000000, 131.592579
100.000000, 126.445801
100.000000, 121.299023
100.000000, 116.152245
100.000000, 111.005467
100.000000, 105.858689
100.000000, 100.711911
100.000000, 95.565132
100.000000, 90.418354
100.000000, 85.271576
100.000000, 80.124798
100.000000, 74.978020
100.000000, 69.831242
100.000000, 64.684463
100.000000, 59.537685
100.000000, 54.390907
100.000000, 49.244129
100.000000, 44.097351
100.000000, 38.950573
100.000000, 33.803794
100.000000, 28.657016
100.000000, 23.510238
100.000000, 18.363460
100.000000, 13.216682
100.000000, 8.069904
100.000000, 2.923125
100.000000, 357.776347
100.000000, 352.629569
100.000000, 347.482791
100.000000, 342.336013
100.000000, 337.189235
100.000000, 332.042457
100.000000, 326.895678
100.000000, 321.748900
100.000000, 316.602122
100.000000, 311.455344
100.000000, 306.308566
100.000000, 301.161788
100.000000, 296.015009
100.000000, 290.868231
100.000000, 285.721453
100.000000, 280.574675
100.000000, 275.427897
100.000000, 270.281119
100.000000, 265.134340
100.000000, 259.987562
100.000000, 254.840784
100.000000, 249.694006
100.000000, 244.547228
100.000000, 239.400450
100.000000, 234.253671
100.000000, 229.106893
100.000000, 223.960115
100.000000, 218.813337
100.000000, 213.666559
100.000000, 208.519781
100.000000, 203.373003
100.000000, 198.226224
100.000000, 193.079446
100.000000, 187.932668
100.000000, 182.785890
100.000000, 177.639112
100.000000, 172.492334
100.000000, 167.345555
100.000000, 162.198777
100.000000, 157.051999
100.000000, 151.905221
100.000000, 146.758443
100.000000, 141.611665
100.000000, 136.464886
100.000000, 131.318108
100.000000, 126.171330
100.000000, 121.024552
100.000000, 115.877774
100.000000, 110.730996
100.000000, 105.584217
100.000000, 100.437439
100.000000, 95.290661
100.000000, 90.143883
100.000000, 84.997105
100.000000, 79.850327
100.000000, 74.703549
100.000000, 69.556770
100.000000, 64.409992
100.000000, 59.263214
100.000000, 54.116436
100.000000, 48.969658
100.000000, 43.822880
100.000000, 38.676101
100.000000, 33.529323
100.000000, 28.382545
100.000000, 23.235767
100.000000, 18.088989
100.000000, 12.942211
100.000000, 7.795432
100.000000, 2.648654
100.000000, 357.501876
100.000000, 352.355098
100.000000, 347.208320
100.000000, 342.061542
100.000000, 336.914763
100.000000, 331.767985
100.000000, 326.621207
100.000000, 321.474429
100.000000, 316.327651
100.000000, 311.180873
100.000000, 306.034095
100.000000, 300.887316
100.000000, 295.740538
100.000000, 290.593760
100.000000, 285.446982
100.000000, 280.300204
100.000000, 275.153426
100.000000, 270.006647
100.000000, 264.859869
100.000000, 259.713091
100.000000, 254.566313
100.000000, 249.419535
100.000000, 244.272757
100.000000, 239.125978
100.000000, 233.979200
100.000000, 228.832422
100.000000, 223.685644
100.000000, 218.538866
100.000000, 213.392088
100.000000, 208.245309
100.000000, 203.098531
100.000000, 197.951753
100.000000, 192.804975
100.000000, 187.658197
100.000000, 182.511419
100.000000, 177.364641
100.000000, 172.217862
100.000000, 167.071084
100.000000, 161.924306
100.000000, 156.777528
100.000000, 151.630750
100.000000, 146.483972
100.000000, 141.337193
100.000000, 136.190415
100.000000, 131.043637
100.000000, 125.896859
100.000000, 120.750081
100.000000, 115.603303
100.000000, 110.456524
100.000000, 105.309746
100.000000, 100.162968
100.000000, 95.016190
100.000000, 89.869412
100.000000, 84.722634
100.000000, 79.575855
100.000000, 74.429077
100.000000, 69.282299
100.000000, 64.135521
100.000000, 58.988743
100.000000, 53.841965
100.000000, 48.695187
100.000000, 43.548408
100.000000, 38.401630
100.000000, 33.254852
100.000000, 28.108074
100.000000, 22.961296
100.000000, 17.814518
100.000000, 12.667739
100.000000, 7.520961
100.000000, 2.374183
100.000000, 357.227405
100.000000, 352.080627
100.000000, 346.933849
100.000000, 341.787070
100.000000, 336.640292
100.000000, 331.493514
100.000000, 326.346736
100.000000, 321.199958
100.000000, 316.053180
100.000000, 310.906401
100.000000, 305.759623
100.000000, 300.612845
100.000000, 295.466067
100.000000, 290.319289
100.000000, 285.172511
100.000000, 280.025733
100.000000, 274.878954
100.000000, 269.732176
100.000000, 264.585398
100.000000, 259.438620
100.000000, 254.291842
100.000000, 249.145064
100.000000, 243.998285
100.000000, 238.851507
100.000000, 233.704729
100.000000, 228.557951
100.000000, 223.411173
100.000000, 218.264395
100.000000, 213.117616
100.000000, 207.970838
100.000000, 202.824060
100.000000, 197.677282
100.000000, 192.530504
100.000000, 187.383726
100.000000, 182.236947
100.000000, 177.090169
100.000000, 171.943391
100.000000, 166.796613
100.000000, 161.649835
100.000000, 156.503057
100.000000, 151.356279
100.000000, 146.209500
100.000000, 141.062722
100.000000, 135.915944
100.000000, 130.769166
100.000000, 125.622388
100.000000, 120.475610
100.000000, 115.328831
100.000000, 110.182053
100.000000, 105.035275
100.000000, 99.888497
100.000000, 94.741719
100.000000, 89.594941
100.000000, 84.448162
100.000000, 79.301384
100.000000, 74.154606
100.000000, 69.007828
100.000000, 63.861050
100.000000, 58.714272
100.000000, 53.567493
100.000000, 48.420715
100.000000, 43.273937
100.000000, 38.127159
100.000000, 32.980381
100.000000, 27.833603
100.000000, 22.686825
100.000000, 17.540046
100.000000, 12.393268
100.000000, 7.246490
100.000000, 2.099712
100.000000, 356.952934
100.000000, 351.806156
100.000000, 346.659377
100.000000, 341.512599
100.000000, 336.365821
100.000000, 331.219043
100.000000, 326.072265
100.000000, 320.925487
100.000000, 315.778708
100.000000, 310.631930
100.000000, 305.485152
100.000000, 300.338374
100.000000, 295.191596
100.000000, 290.044818
100.000000, 284.898039
100.000000, 279.751261
100.000000, 274.604483
100.000000, 269.457705
100.000000, 264.310927
100.000000, 259.164149
100.000000, 254.017371
100.000000, 248.870592
100.000000, 243.723814
100.000000, 238.577036
100.000000, 233.430258
100.000000, 228.283480
100.000000, 223.136702
100.000000, 217.989923
100.000000, 212.843145
100.000000, 207.696367
100.000000, 202.549589
100.000000, 197.402811
100.000000, 192.256033
100.000000, 187.109254
100.000000, 181.962476
100.000000, 176.815698
100.000000, 171.668920
100.000000, 166.522142
100.000000, 161.375364
100.000000, 156.228585
100.000000, 151.081807
100.000000, 145.935029
100.000000, 140.788251
100.000000, 135.641473
100.000000, 130.494695
100.000000, 125.347917
100.000000, 120.201138
100.000000, 115.054360
100.000000, 109.907582
100.000000, 104.760804
100.000000, 99.614026
100.000000, 94.467248
100.000000, 89.320469
100.000000, 84.173691
100.000000, 79.026913
100.000000, 73.880135
100.000000, 68.733357
100.000000, 63.586579
100.000000, 58.439800
100.000000, 53.293022
100.000000, 48.146244
100.000000, 42.999466
100.000000, 37.852688
100.000000, 32.705910
100.000000, 27.559131
100.000000, 22.412353
100.000000, 17.265575
100.000000, 12.118797
100.000000, 6.972019
100.000000, 1.825241
100.000000, 356.678463
100.000000, 351.531684
100.000000, 346.384906
100.000000, 341.238128
100.000000, 336.091350
100.000000, 330.944572
100.000000, 325.797794
100.000000, 320.651015
100.000000, 315.504237
100.000000, 310.357459
100.000000, 305.210681
100.000000, 300.063903
100.000000, 294.917125
100.000000, 289.770346
100.000000, 284.623568
100.000000, 279.476790
100.000000, 274.330012
100.000000, 269.183234
100.000000, 264.036456
100.000000, 258.889677
100.000000, 253.742899
100.000000, 248.596121
100.000000, 243.449343
100.000000, 238.302565
100.000000, 233.155787
100.000000, 228.009009
100.000000, 222.862230
100.000000, 217.715452
100.000000, 212.568674
100.000000, 207.421896
100.000000, 202.275118
100.000000, 197.128340
100.000000, 191.981561
100.000000, 186.834783
100.000000, 181.688005
100.000000, 176.541227
100.000000, 171.394449
100.000000, 166.247671
100.000000, 161.100892
100.000000, 155.954114
100.000000, 150.807336
100.000000, 145.660558
100.000000, 140.513780
100.000000, 135.367002
100.000000, 130.220223
100.000000, 125.073445
100.000000, 119.926667
100.000000, 114.779889
100.000000, 109.633111
100.000000, 104.486333
100.000000, 99.339555
100.000000, 94.192776
100.000000, 89.045998
100.000000, 83.899220
100.000000, 78.752442
100.000000, 73.605664
100.000000, 68.458886
100.000000, 63.312107
100.000000, 58.165329
100.000000, 53.018551
100.000000, 47.871773
100.000000, 42.724995
100.000000, 37.578217
100.000000, 32.431438
100.000000, 27.284660
100.000000, 22.137882
100.000000, 16.991104
100.000000, 11.844326
100.000000, 6.697548
100.000000, 1.550769
100.000000, 356.403991
100.000000, 351.257213
100.000000, 346.110435
100.000000, 340.963657
100.000000, 335.816879
100.000000, 330.670101
100.000000, 325.523322
100.000000, 320.376544
100.000000, 315.229766
100.000000, 310.082988
100.000000, 304.936210
100.000000, 299.789432
100.000000, 294.642653
100.000000, 289.495875
100.000000, 284.349097
100.000000, 279.202319
100.000000, 274.055541
100.000000, 268.908763
100.000000, 263.761984
100.000000, 258.615206
100.000000, 253.468428
100.000000, 248.321650
100.000000, 243.174872
100.000000, 238.028094
100.000000, 232.881315
100.000000, 227.734537
100.000000, 222.587759
100.000000, 217.440981
100.000000, 212.294203
100.000000, 207.147425
100.000000, 202.000647
100.000000, 196.853868
100.000000, 191.707090
100.000000, 186.560312
100.000000, 181.413534
100.000000, 176.266756
100.000000, 171.119978
100.000000, 165.973199
100.000000, 160.826421
100.000000, 155.679643
100.000000, 150.532865
100.000000, 145.386087
100.000000, 140.239309
100.000000, 135.092530
100.000000, 129.945752
100.000000, 124.798974
100.000000, 119.652196
100.000000, 114.505418
100.000000, 109.358640
100.000000, 104.211861
100.000000, 99.065083
100.000000, 93.918305
100.000000, 88.771527
100.000000, 83.624749
100.000000, 78.477971
100.000000, 73.331193
100.000000, 68.184414
100.000000, 63.037636
100.000000, 57.890858
100.000000, 52.744080
100.000000, 47.597302
100.000000, 42.450524
100.000000, 37.303745
100.000000, 32.156967
100.000000, 27.010189
##END=
